x,eta,solver_time,tau,sample_index
0.0078125,-0.0034981176531443392,0.92808608318484875,10.335775440970103,305
0.0234375,-0.0034643180868632051,0.92808608318484875,10.335775440970103,305
0.0390625,-0.0033970709550841249,0.92808608318484875,10.335775440970103,305
0.0546875,-0.0032970221988044557,0.92808608318484875,10.335775440970103,305
0.0703125,-0.0031651451680054787,0.92808608318484875,10.335775440970103,305
0.0859375,-0.003002728093586704,0.92808608318484875,10.335775440970103,305
0.1015625,-0.0028113555137709856,0.92808608318484875,10.335775440970103,305
0.1171875,-0.0025928925678226911,0.92808608318484875,10.335775440970103,305
0.1328125,-0.002349471570644468,0.92808608318484875,10.335775440970103,305
0.1484375,-0.0020834473724857805,0.92808608318484875,10.335775440970103,305
0.1640625,-0.0017974126197353169,0.92808608318484875,10.335775440970103,305
0.1796875,-0.0014941530267591485,0.92808608318484875,10.335775440970103,305
0.1953125,-0.0011766160683801541,0.92808608318484875,10.335775440970103,305
0.2109375,-0.00084789686638120365,0.92808608318484875,10.335775440970103,305
0.2265625,-0.00051120929515557911,0.92808608318484875,10.335775440970103,305
0.2421875,-0.00016987584663130662,0.92808608318484875,10.335775440970103,305
0.2578125,0.00017033039146052698,0.92808608318484875,10.335775440970103,305
0.2734375,0.00051157233021281723,0.92808608318484875,10.335775440970103,305
0.2890625,0.00084817729489161664,0.92808608318484875,10.335775440970103,305
0.3046875,0.0011768262761153725,0.92808608318484875,10.335775440970103,305
0.3203125,0.0014942948695600977,0.92808608318484875,10.335775440970103,305
0.3359375,0.00179748886132991,0.92808608318484875,10.335775440970103,305
0.3515625,0.0020834571452704731,0.92808608318484875,10.335775440970103,305
0.3671875,0.0023494111216039171,0.92808608318484875,10.335775440970103,305
0.3828125,0.0025927689253740782,0.92808608318484875,10.335775440970103,305
0.3984375,0.0028111676368824945,0.92808608318484875,10.335775440970103,305
0.4140625,0.0030024791648149973,0.92808608318484875,10.335775440970103,305
0.4296875,0.0031648405238865474,0.92808608318484875,10.335775440970103,305
0.4453125,0.0032966691766531664,0.92808608318484875,10.335775440970103,305
0.4609375,0.0033966788602730613,0.92808608318484875,10.335775440970103,305
0.4765625,0.0034638971488221149,0.92808608318484875,10.335775440970103,305
0.4921875,0.0034976704067855025,0.92808608318484875,10.335775440970103,305
0.5078125,0.0034976670181878777,0.92808608318484875,10.335775440970103,305
0.5234375,0.0034638856997479817,0.92808608318484875,10.335775440970103,305
0.5390625,0.0033966544853168967,0.92808608318484875,10.335775440970103,305
0.5546875,0.0032966285870095202,0.92808608318484875,10.335775440970103,305
0.5703125,0.0031647813507607037,0.92808608318484875,10.335775440970103,305
0.5859375,0.0030023993287814355,0.92808608318484875,10.335775440970103,305
0.6015625,0.0028110671430201517,0.92808608318484875,10.335775440970103,305
0.6171875,0.0025926492144141555,0.92808608318484875,10.335775440970103,305
0.6328125,0.0023492742794741783,0.92808608318484875,10.335775440970103,305
0.6484375,0.0020833039843795031,0.92808608318484875,10.335775440970103,305
0.6640625,0.0017973222456667548,0.92808608318484875,10.335775440970103,305
0.6796875,0.0014941171824657262,0.92808608318484875,10.335775440970103,305
0.6953125,0.001176637170423267,0.92808608318484875,10.335775440970103,305
0.7109375,0.0008479826273024571,0.92808608318484875,10.335775440970103,305
0.7265625,0.00051137258352573767,0.92808608318484875,10.335775440970103,305
0.7421875,0.00017012869702703881,0.92808608318484875,10.335775440970103,305
0.7578125,-0.00017008754542935378,0.92808608318484875,10.335775440970103,305
0.7734375,-0.00051143905530626199,0.92808608318484875,10.335775440970103,305
0.7890625,-0.00084814197775373579,0.92808608318484875,10.335775440970103,305
0.8046875,-0.0011768758016450498,0.92808608318484875,10.335775440970103,305
0.8203125,-0.0014944260867348902,0.92808608318484875,10.335775440970103,305
0.8359375,-0.001797697649403851,0.92808608318484875,10.335775440970103,305
0.8515625,-0.0020837434448941483,0.92808608318484875,10.335775440970103,305
0.8671875,-0.0023497772802181238,0.92808608318484875,10.335775440970103,305
0.8828125,-0.0025932150051193315,0.92808608318484875,10.335775440970103,305
0.8984375,-0.0028116908711199873,0.92808608318484875,10.335775440970103,305
0.9140625,-0.0030030744328346515,0.92808608318484875,10.335775440970103,305
0.9296875,-0.0031654996264101065,0.92808608318484875,10.335775440970103,305
0.9453125,-0.003297381500122043,0.92808608318484875,10.335775440970103,305
0.9609375,-0.0033974314408640183,0.92808608318484875,10.335775440970103,305
0.9765625,-0.0034646755275304919,0.92808608318484875,10.335775440970103,305
0.9921875,-0.0034984572867240438,0.92808608318484875,10.335775440970103,305
1.0078125,-0.0034984477976385264,0.92808608318484875,10.335775440970103,305
1.0234375,-0.0034646475511024288,0.92808608318484875,10.335775440970103,305
1.0390625,-0.0033973866434195976,0.92808608318484875,10.335775440970103,305
1.0546875,-0.0032973217671889987,0.92808608318484875,10.335775440970103,305
1.0703125,-0.0031654267078713438,0.92808608318484875,10.335775440970103,305
1.0859375,-0.0030029902138888342,0.92808608318484875,10.335775440970103,305
1.1015625,-0.0028115970832860437,0.92808608318484875,10.335775440970103,305
1.1171875,-0.0025931127352485372,0.92808608318484875,10.335775440970103,305
1.1328125,-0.0023496698130154314,0.92808608318484875,10.335775440970103,305
1.1484375,-0.0020836234253660546,0.92808608318484875,10.335775440970103,305
1.1640625,-0.0017975666077145735,0.92808608318484875,10.335775440970103,305
1.1796875,-0.0014942852389350225,0.92808608318484875,10.335775440970103,305
1.1953125,-0.0011767269116940149,0.92808608318484875,10.335775440970103,305
1.2109375,-0.00084798678672814987,0.92808608318484875,10.335775440970103,305
1.2265625,-0.00051127871264888824,0.92808608318484875,10.335775440970103,305
1.2421875,-0.00016992496603873697,0.92808608318484875,10.335775440970103,305
1.2578125,0.00017030065752332568,0.92808608318484875,10.335775440970103,305
1.2734375,0.00051156110799221999,0.92808608318484875,10.335775440970103,305
1.2890625,0.00084818387714513666,0.92808608318484875,10.335775440970103,305
1.3046875,0.0011768498540853933,0.92808608318484875,10.335775440970103,305
1.3203125,0.0014943347240602423,0.92808608318484875,10.335775440970103,305
1.3359375,0.0017975446100785275,0.92808608318484875,10.335775440970103,305
1.3515625,0.0020835288833401799,0.92808608318484875,10.335775440970103,305
1.3671875,0.0023494993744812565,0.92808608318484875,10.335775440970103,305
1.3828125,0.0025928743281626865,0.92808608318484875,10.335775440970103,305
1.3984375,0.0028112905100918795,0.92808608318484875,10.335775440970103,305
1.4140625,0.003002619010288754,0.92808608318484875,10.335775440970103,305
1.4296875,0.003164995702784168,0.92808608318484875,10.335775440970103,305
1.4453125,0.0032968369042044587,0.92808608318484875,10.335775440970103,305
1.4609375,0.0033968555772017073,0.92808608318484875,10.335775440970103,305
1.4765625,0.0034640791472355659,0.92808608318484875,10.335775440970103,305
1.4921875,0.0034978544603656569,0.92808608318484875,10.335775440970103,305
1.5078125,0.0034978508254150942,0.92808608318484875,10.335775440970103,305
1.5234375,0.0034640679421833465,0.92808608318484875,10.335775440970103,305
1.5390625,0.0033968345236594644,0.92808608318484875,10.335775440970103,305
1.5546875,0.0032968059515079418,0.92808608318484875,10.335775440970103,305
1.5703125,0.0031649552681179971,0.92808608318484875,10.335775440970103,305
1.5859375,0.0030025684251309137,0.92808608318484875,10.335775440970103,305
1.6015625,0.0028112294635822543,0.92808608318484875,10.335775440970103,305
1.6171875,0.0025928024653767423,0.92808608318484875,10.335775440970103,305
1.6328125,0.0023494161662191981,0.92808608318484875,10.335775440970103,305
1.6484375,0.0020834324884435595,0.92808608318484875,10.335775440970103,305
1.6640625,0.0017974357577732469,0.92808608318484875,10.335775440970103,305
1.6796875,0.0014942144490728282,0.92808608318484875,10.335775440970103,305
1.6953125,0.0011767171516332553,0.92808608318484875,10.335775440970103,305
1.7109375,0.00084804435445695603,0.92808608318484875,10.335775440970103,305
1.7265625,0.00051141509165009147,0.92808608318484875,10.335775440970103,305
1.7421875,0.00017015091936045668,0.92808608318484875,10.335775440970103,305
1.7578125,-0.00017008635549231599,0.92808608318484875,10.335775440970103,305
1.7734375,-0.00051145990732348601,0.92808608318484875,10.335775440970103,305
1.7890625,-0.00084818517219509282,0.92808608318484875,10.335775440970103,305
1.8046875,-0.0011769411263371499,0.92808608318484875,10.335775440970103,305
1.8203125,-0.0014945128918277817,0.92808608318484875,10.335775440970103,305
1.8359375,-0.00179780495474402,0.92808608318484875,10.335775440970103,305
1.8515625,-0.0020838700704526314,0.92808608318484875,10.335775440970103,305
1.8671875,-0.0023499219758158496,0.92808608318484875,10.335775440970103,305
1.8828125,-0.0025933763986247804,0.92808608318484875,10.335775440970103,305
1.8984375,-0.002811867586668626,0.92808608318484875,10.335775440970103,305
1.9140625,-0.0030032651011067113,0.92808608318484875,10.335775440970103,305
1.9296875,-0.00316570296701979,0.92808608318484875,10.335775440970103,305
1.9453125,-0.0032975964238453059,0.92808608318484875,10.335775440970103,305
1.9609375,-0.0033976569478975094,0.92808608318484875,10.335775440970103,305
1.9765625,-0.0034649105750927944,0.92808608318484875,10.335775440970103,305
1.9921875,-0.0034987129270200867,0.92808608318484875,10.335775440970103,305
