time,iteration,half_area,half_perimeter,circularity
0,0,0.095387158431262886,0.7774312045841012,0.99580183332804872
0.00379709,1,0.095387158431262886,0.7774312045841012,0.99580183332804872
0.0110343,2,0.095380105195808626,0.77740367418058998,0.99580027953287509
0.0214126,3,0.095374329860566598,0.77736935897323223,0.99581408687240058
0.0346508,4,0.095377151863950529,0.77735114019585383,0.99585215842889663
0.0504239,5,0.09538253491594921,0.77732434839486064,0.9959145855013275
0.0685195,6,0.095387519546633076,0.77727555130709447,0.99600313289684328
0.0887366,7,0.095390936552737088,0.77720511549798799,0.9961112387740173
0.11096,8,0.095391312821047222,0.77680725862599898,0.99662338200206979
0.134836,9,0.095388605557072972,0.77658648793648055,0.99689255902766039
0.160418,10,0.095385295473536219,0.77630675514184544,0.99723447427593381
0.187462,11,0.095383225698897123,0.77617422664705771,0.99739392643196323
0.215871,12,0.095383091981992449,0.77604742475061739,0.99755619590043165
0.24549,13,0.095383144626859359,0.77629680527298028,0.99723601237695048
0.276095,14,0.095386659026097192,0.77634336073906807,0.99719458085112223
0.307769,15,0.09539041283407193,0.77644685714196393,0.99708127869090513
0.340205,16,0.095394330115394263,0.78276629947952481,0.98905193244813994
0.373453,17,0.095395711757824395,0.78691718530628452,0.98384193676752141
0.407564,18,0.095399255669580574,0.78483696491192201,0.98646794531044801
0.442129,19,0.095401906975582151,0.78977982494498045,0.98030772886601758
0.477655,20,0.095405410991105916,0.79585311783990043,0.97284469621605985
0.513689,21,0.095404723000385577,0.78305649216235462,0.98873925544804475
0.550252,22,0.095406326633223723,0.77954021044148825,0.99320752107909094
0.586816,23,0.0954084798679187,0.77943447812116706,0.99335346162623572
0.623942,24,0.095407916946148724,0.77720391496537544,0.99620143175279663
0.661657,25,0.095410039013920839,0.77873797427387614,0.99425004154818897
0.699372,26,0.095412129213383379,0.79017044408856474,0.97987560796875928
0.737716,27,0.095415264097467464,0.80431227038769781,0.96266275237036381
0.77606,28,0.095419139689223623,0.78340668419165771,0.98837194573756826
0.815076,29,0.095421541259039122,0.78416104158961997,0.98743356483295652
0.854093,30,0.095422348547040958,0.78297830504045174,0.98892932679616796
0.893109,31,0.095425889598120192,0.79029531841526302,0.97979142347920689
0.932862,32,0.095428794950730977,0.81560290822348602,0.94940363099461644
0.972614,33,0.095432060648721617,0.78056893416888407,0.9920323214362653
1.01237,34,0.095435606637499421,0.79313688208763711,0.97633083959847733
1.05212,35,0.095438644678085646,0.79591944856876284,0.97293303313799473
1.09187,36,0.095441188743294089,0.803492503063712,0.96377581783207
1.13163,37,0.095442840179616295,0.82314905220688317,0.94076928331970366
1.17224,38,0.095444545454099611,0.80874435652565346,0.95753405345254017
1.21286,39,0.095446233937791017,0.81290395867971732,0.95264281034052656
1.25348,40,0.095446834327147942,0.81324165272311444,0.95225022572204032
1.29409,41,0.095449375884856441,0.82590858187148053,0.93765808321667043
1.33471,42,0.09545026921201305,0.84278693628759949,0.91888406001764245
1.37533,43,0.09545465503085955,0.8716513164371843,0.88847599817254841
1.41594,44,0.095457212136206143,0.84037309008400329,0.92155693183536413
1.45656,45,0.095460875764518283,0.84278215672151147,0.91894032381154722
1.49718,46,0.095464922613994321,0.83670592113669284,0.92563337266505419
1.53779,47,0.095466500314830186,0.84315218663116931,0.91856409282860363
1.57841,48,0.095469823705762846,0.8609189260155683,0.89962339160409066
1.61903,49,0.095473509361783115,0.86311838077317571,0.8973482331553535
1.65964,50,0.095476864345889381,0.86200139979070223,0.89852680345837421
1.70026,51,0.095480692670123407,0.87601414161552427,0.88417167431967814
1.74088,52,0.095483959310003183,0.84830582675021216,0.91306709844692246
1.78149,53,0.095481440322050776,0.86358459989796754,0.89690103657605313
1.82211,54,0.095480528914285739,0.8393038451686311,0.92284365260341439
1.86273,55,0.095479348082983612,0.8542495064931217,0.90669228453177009
1.90335,56,0.095480965962337849,0.85554061552016436,0.90533165200131482
1.94396,57,0.095483317143755186,0.87639919022959034,0.88379535701320922
1.98458,58,0.095486542177423986,0.85370511788339487,0.90730464133639721
2.0252,59,0.095482933862274619,0.85932531202247064,0.90135361986152929
2.06581,60,0.095484357159929381,0.86879947007808456,0.89153110719840167
2.10643,61,0.09548569978403082,0.86879253486743491,0.89154449194572327
2.14705,62,0.095487935307659241,0.85791604842174762,0.90285788173623782
2.18766,63,0.095490298663389941,0.87123499440692564,0.88906650513253971
2.22828,64,0.095493500821100141,0.86338831193461407,0.89716159951983554
2.2689,65,0.09549593272706787,0.87867116985876326,0.88156835992290716
2.30951,66,0.095498089799637073,0.86511822945674732,0.89538912043730579
2.35013,67,0.095496807432334962,0.87614488843148952,0.88411432846274107
2.39075,68,0.09549533414123984,0.86863077449491488,0.89175550437597118
2.43136,69,0.095498046741500184,0.87193784655224349,0.88838588550879682
2.47198,70,0.095500864785350123,0.8583194532273396,0.90249463877241065
2.5126,71,0.095503880417438305,0.87823738172386334,0.88204049513945582
2.55321,72,0.09550733771893731,0.87074853313411837,0.88964256231243222
2.59383,73,0.095510570995830602,0.8814816826211932,0.87882491919908512
2.63445,74,0.09550849614472344,0.86629640536633157,0.89422009522305534
2.67507,75,0.095507777859938983,0.87741591064069024,0.88288431031492209
2.71568,76,0.095510108237019942,0.85553991166232013,0.90547054704117369
2.7563,77,0.095513006106041382,0.85994720769745803,0.90084360628848936
2.79692,78,0.095517218203436852,0.85370057783194364,0.90745519596754487
2.83753,79,0.095520753266988778,0.86414031562127769,0.89650875746903991
2.87815,80,0.095524080755005777,0.8497458956959717,0.91171120453172882
2.91877,81,0.09552365796304424,0.85135241185788779,0.90998877650089138
2.95938,82,0.095523932633908709,0.85383848607625301,0.90734051708335384
3,83,0.095526481469213567,0.85352543114353829,0.90768541974352235
