row,case,benchmark,method,resolution,imax,model_id,model_resolution,label,coordinate_name,target_coordinate,target_time,actual_coordinate,actual_time,iteration,status,reason,dump_path,interface_cells
imax00/clsvof,rising_bubble,rising_case2,clsvof,32,0,,,t_0,time,0,0,0,0,0,written,,checkpoints/t_0.dump,14
imax00/clsvof,rising_bubble,rising_case2,clsvof,32,0,,,t_1,time,1,1,1.0083693024126785,1.0083693024126785,21,written,,checkpoints/t_1.dump,17
imax00/clsvof,rising_bubble,rising_case2,clsvof,32,0,,,t_2,time,2,2,2.0596585499520041,2.0596585499520041,39,written,,checkpoints/t_2.dump,24
imax00/clsvof,rising_bubble,rising_case2,clsvof,32,0,,,terminal,time,,,3,3,53,written,actual_terminal_state,checkpoints/terminal.dump,25
imax00/nn,rising_bubble,rising_case2,nn,32,0,baseline_32_hgradient,32,t_0,time,0,0,0,0,0,written,,checkpoints/t_0.dump,14
imax00/nn,rising_bubble,rising_case2,nn,32,0,baseline_32_hgradient,32,t_1,time,1,1,1.0083693024126785,1.0083693024126785,21,written,,checkpoints/t_1.dump,17
imax00/nn,rising_bubble,rising_case2,nn,32,0,baseline_32_hgradient,32,t_2,time,2,2,2.0596585499520041,2.0596585499520041,39,written,,checkpoints/t_2.dump,24
imax00/nn,rising_bubble,rising_case2,nn,32,0,baseline_32_hgradient,32,terminal,time,,,3,3,53,written,actual_terminal_state,checkpoints/terminal.dump,24
imax01/clsvof,rising_bubble,rising_case2,clsvof,32,1,,,t_0,time,0,0,0,0,0,written,,checkpoints/t_0.dump,14
imax01/clsvof,rising_bubble,rising_case2,clsvof,32,1,,,t_1,time,1,1,1.0536278144620033,1.0536278144620033,22,written,,checkpoints/t_1.dump,17
imax01/clsvof,rising_bubble,rising_case2,clsvof,32,1,,,t_2,time,2,2,2.0368914895037404,2.0368914895037404,39,written,,checkpoints/t_2.dump,24
imax01/clsvof,rising_bubble,rising_case2,clsvof,32,1,,,terminal,time,,,3,3,54,written,actual_terminal_state,checkpoints/terminal.dump,28
imax01/nn,rising_bubble,rising_case2,nn,32,1,baseline_32_hgradient,32,t_0,time,0,0,0,0,0,written,,checkpoints/t_0.dump,14
imax01/nn,rising_bubble,rising_case2,nn,32,1,baseline_32_hgradient,32,t_1,time,1,1,1.0536278144620033,1.0536278144620033,22,written,,checkpoints/t_1.dump,17
imax01/nn,rising_bubble,rising_case2,nn,32,1,baseline_32_hgradient,32,t_2,time,2,2,2.0368914895037404,2.0368914895037404,39,written,,checkpoints/t_2.dump,24
imax01/nn,rising_bubble,rising_case2,nn,32,1,baseline_32_hgradient,32,terminal,time,,,3,3,54,written,actual_terminal_state,checkpoints/terminal.dump,28
imax02/clsvof,rising_bubble,rising_case2,clsvof,32,2,,,t_0,time,0,0,0,0,0,written,,checkpoints/t_0.dump,14
imax02/clsvof,rising_bubble,rising_case2,clsvof,32,2,,,t_1,time,1,1,1.0492575129483273,1.0492575129483273,22,written,,checkpoints/t_1.dump,17
imax02/clsvof,rising_bubble,rising_case2,clsvof,32,2,,,t_2,time,2,2,2.0349905896081024,2.0349905896081024,39,written,,checkpoints/t_2.dump,24
imax02/clsvof,rising_bubble,rising_case2,clsvof,32,2,,,terminal,time,,,3,3,54,written,actual_terminal_state,checkpoints/terminal.dump,28
imax02/nn,rising_bubble,rising_case2,nn,32,2,baseline_32_hgradient,32,t_0,time,0,0,0,0,0,written,,checkpoints/t_0.dump,14
imax02/nn,rising_bubble,rising_case2,nn,32,2,baseline_32_hgradient,32,t_1,time,1,1,1.0492575129483273,1.0492575129483273,22,written,,checkpoints/t_1.dump,17
imax02/nn,rising_bubble,rising_case2,nn,32,2,baseline_32_hgradient,32,t_2,time,2,2,2.0349905896081024,2.0349905896081024,39,written,,checkpoints/t_2.dump,24
imax02/nn,rising_bubble,rising_case2,nn,32,2,baseline_32_hgradient,32,terminal,time,,,3,3,54,written,actual_terminal_state,checkpoints/terminal.dump,28
imax03/clsvof,rising_bubble,rising_case2,clsvof,32,3,,,t_0,time,0,0,0,0,0,written,,checkpoints/t_0.dump,14
imax03/clsvof,rising_bubble,rising_case2,clsvof,32,3,,,t_1,time,1,1,1.049034611995068,1.049034611995068,22,written,,checkpoints/t_1.dump,17
imax03/clsvof,rising_bubble,rising_case2,clsvof,32,3,,,t_2,time,2,2,2.0348803231229518,2.0348803231229518,39,written,,checkpoints/t_2.dump,24
imax03/clsvof,rising_bubble,rising_case2,clsvof,32,3,,,terminal,time,,,3,3,54,written,actual_terminal_state,checkpoints/terminal.dump,28
imax03/nn,rising_bubble,rising_case2,nn,32,3,baseline_32_hgradient,32,t_0,time,0,0,0,0,0,written,,checkpoints/t_0.dump,14
imax03/nn,rising_bubble,rising_case2,nn,32,3,baseline_32_hgradient,32,t_1,time,1,1,1.049034611995068,1.049034611995068,22,written,,checkpoints/t_1.dump,17
imax03/nn,rising_bubble,rising_case2,nn,32,3,baseline_32_hgradient,32,t_2,time,2,2,2.0348803231229518,2.0348803231229518,39,written,,checkpoints/t_2.dump,24
imax03/nn,rising_bubble,rising_case2,nn,32,3,baseline_32_hgradient,32,terminal,time,,,3,3,54,written,actual_terminal_state,checkpoints/terminal.dump,28
imax04/clsvof,rising_bubble,rising_case2,clsvof,32,4,,,t_0,time,0,0,0,0,0,written,,checkpoints/t_0.dump,14
imax04/clsvof,rising_bubble,rising_case2,clsvof,32,4,,,t_1,time,1,1,1.049034611995068,1.049034611995068,22,written,,checkpoints/t_1.dump,17
imax04/clsvof,rising_bubble,rising_case2,clsvof,32,4,,,t_2,time,2,2,2.0337313711266698,2.0337313711266698,39,written,,checkpoints/t_2.dump,24
imax04/clsvof,rising_bubble,rising_case2,clsvof,32,4,,,terminal,time,,,3,3,54,written,actual_terminal_state,checkpoints/terminal.dump,28
imax04/nn,rising_bubble,rising_case2,nn,32,4,baseline_32_hgradient,32,t_0,time,0,0,0,0,0,written,,checkpoints/t_0.dump,14
imax04/nn,rising_bubble,rising_case2,nn,32,4,baseline_32_hgradient,32,t_1,time,1,1,1.049034611995068,1.049034611995068,22,written,,checkpoints/t_1.dump,17
imax04/nn,rising_bubble,rising_case2,nn,32,4,baseline_32_hgradient,32,t_2,time,2,2,2.0348803231229518,2.0348803231229518,39,written,,checkpoints/t_2.dump,24
imax04/nn,rising_bubble,rising_case2,nn,32,4,baseline_32_hgradient,32,terminal,time,,,3,3,54,written,actual_terminal_state,checkpoints/terminal.dump,28
imax05/clsvof,rising_bubble,rising_case2,clsvof,32,5,,,t_0,time,0,0,0,0,0,written,,checkpoints/t_0.dump,14
imax05/clsvof,rising_bubble,rising_case2,clsvof,32,5,,,t_1,time,1,1,1.049034611995068,1.049034611995068,22,written,,checkpoints/t_1.dump,17
imax05/clsvof,rising_bubble,rising_case2,clsvof,32,5,,,t_2,time,2,2,2.0337313711266698,2.0337313711266698,39,written,,checkpoints/t_2.dump,24
imax05/clsvof,rising_bubble,rising_case2,clsvof,32,5,,,terminal,time,,,3,3,54,written,actual_terminal_state,checkpoints/terminal.dump,28
imax05/nn,rising_bubble,rising_case2,nn,32,5,baseline_32_hgradient,32,t_0,time,0,0,0,0,0,written,,checkpoints/t_0.dump,14
imax05/nn,rising_bubble,rising_case2,nn,32,5,baseline_32_hgradient,32,t_1,time,1,1,1.049034611995068,1.049034611995068,22,written,,checkpoints/t_1.dump,17
imax05/nn,rising_bubble,rising_case2,nn,32,5,baseline_32_hgradient,32,t_2,time,2,2,2.0348803231229518,2.0348803231229518,39,written,,checkpoints/t_2.dump,24
imax05/nn,rising_bubble,rising_case2,nn,32,5,baseline_32_hgradient,32,terminal,time,,,3,3,54,written,actual_terminal_state,checkpoints/terminal.dump,28
