row,case,benchmark,method,resolution,imax,model_id,model_resolution,metric,value,unit,scope,time,definition,source_artifact,origin
imax00/clsvof,rising_bubble,rising_case2,clsvof,32,0,,,actual_terminal_time,3.0,T0,terminal,3.0,last official history time,stdout.txt,derived_from_official
imax00/clsvof,rising_bubble,rising_case2,clsvof,32,0,,,relative_volume_change_final,0.000379405,1,terminal,3.0,(V-V0)/V0,stdout.txt,derived_from_official
imax00/clsvof,rising_bubble,rising_case2,clsvof,32,0,,,relative_volume_change_max_abs,0.000379405,1,global,,max(abs((V-V0)/V0)),stdout.txt,derived_from_official
imax00/clsvof,rising_bubble,rising_case2,clsvof,32,0,,,center_of_mass_x_final,1.06684,L0,terminal,3.0,integral(x dV)/V,stdout.txt,derived_from_official
imax00/clsvof,rising_bubble,rising_case2,clsvof,32,0,,,rise_velocity_x_final,0.188139,L0/T0,terminal,3.0,integral(u_x dV)/V,stdout.txt,derived_from_official
imax00/clsvof,rising_bubble,rising_case2,clsvof,32,0,,,rise_velocity_x_max,0.241525,L0/T0,global,,max center-of-mass rise velocity,stdout.txt,derived_from_official
imax00/clsvof,rising_bubble,rising_case2,clsvof,32,0,,,interface_facets,56,segments,terminal,3.0,number of t=3 output_facets segments,log,derived_from_official
imax00/clsvof,rising_bubble,rising_case2,clsvof,32,0,,,circularity_min,0.6075962293580646,1,global,,sqrt(4*pi*A_full)/P_full,circularity.csv,repo_extension
imax00/clsvof,rising_bubble,rising_case2,clsvof,32,0,,,circularity_final,0.6075962293580646,1,terminal,3.0,sqrt(4*pi*A_full)/P_full,circularity.csv,repo_extension
imax00/nn,rising_bubble,rising_case2,nn,32,0,baseline_32_hgradient,32,actual_terminal_time,3.0,T0,terminal,3.0,last official history time,stdout.txt,derived_from_official
imax00/nn,rising_bubble,rising_case2,nn,32,0,baseline_32_hgradient,32,relative_volume_change_final,0.000379945,1,terminal,3.0,(V-V0)/V0,stdout.txt,derived_from_official
imax00/nn,rising_bubble,rising_case2,nn,32,0,baseline_32_hgradient,32,relative_volume_change_max_abs,0.000379945,1,global,,max(abs((V-V0)/V0)),stdout.txt,derived_from_official
imax00/nn,rising_bubble,rising_case2,nn,32,0,baseline_32_hgradient,32,center_of_mass_x_final,1.06788,L0,terminal,3.0,integral(x dV)/V,stdout.txt,derived_from_official
imax00/nn,rising_bubble,rising_case2,nn,32,0,baseline_32_hgradient,32,rise_velocity_x_final,0.191123,L0/T0,terminal,3.0,integral(u_x dV)/V,stdout.txt,derived_from_official
imax00/nn,rising_bubble,rising_case2,nn,32,0,baseline_32_hgradient,32,rise_velocity_x_max,0.241526,L0/T0,global,,max center-of-mass rise velocity,stdout.txt,derived_from_official
imax00/nn,rising_bubble,rising_case2,nn,32,0,baseline_32_hgradient,32,interface_facets,52,segments,terminal,3.0,number of t=3 output_facets segments,log,derived_from_official
imax00/nn,rising_bubble,rising_case2,nn,32,0,baseline_32_hgradient,32,circularity_min,0.6048855033907948,1,global,,sqrt(4*pi*A_full)/P_full,circularity.csv,repo_extension
imax00/nn,rising_bubble,rising_case2,nn,32,0,baseline_32_hgradient,32,circularity_final,0.6177217893652263,1,terminal,3.0,sqrt(4*pi*A_full)/P_full,circularity.csv,repo_extension
imax00/nn,rising_bubble,rising_case2,nn,32,0,baseline_32_hgradient,32,provider_evaluations,1042,count,provider_runtime,,kappa_offset_provider_stats evaluations,log,repo_extension
imax00/nn,rising_bubble,rising_case2,nn,32,0,baseline_32_hgradient,32,provider_clamp_hits,30,count,provider_runtime,,kappa_offset_provider_stats clamp_hits,log,repo_extension
imax00/nn,rising_bubble,rising_case2,nn,32,0,baseline_32_hgradient,32,provider_denominator_guard_hits,1,count,provider_runtime,,kappa_offset_provider_stats denominator_guard_hits,log,repo_extension
imax00/nn,rising_bubble,rising_case2,nn,32,0,baseline_32_hgradient,32,provider_min_abs_denominator,0.1274171323171582,1,provider_runtime,,kappa_offset_provider_stats min_abs_denominator,log,repo_extension
imax00/nn,rising_bubble,rising_case2,nn,32,0,baseline_32_hgradient,32,provider_max_abs_d_over_h,1.3891303420690588,1,provider_runtime,,kappa_offset_provider_stats max_abs_d_over_h,log,repo_extension
imax00/nn,rising_bubble,rising_case2,nn,32,0,baseline_32_hgradient,32,provider_grad_samples,1042,count,provider_runtime,,kappa_offset_provider_stats grad_samples,log,repo_extension
imax00/nn,rising_bubble,rising_case2,nn,32,0,baseline_32_hgradient,32,provider_grad_min,0.37938868167699485,1,provider_runtime,,kappa_offset_provider_stats grad_min,log,repo_extension
imax00/nn,rising_bubble,rising_case2,nn,32,0,baseline_32_hgradient,32,provider_grad_mean,1.547856437343212,1,provider_runtime,,kappa_offset_provider_stats grad_mean,log,repo_extension
imax00/nn,rising_bubble,rising_case2,nn,32,0,baseline_32_hgradient,32,provider_grad_std,0.9539706458960285,1,provider_runtime,,kappa_offset_provider_stats grad_std,log,repo_extension
imax00/nn,rising_bubble,rising_case2,nn,32,0,baseline_32_hgradient,32,provider_grad_max,4.81206176764066,1,provider_runtime,,kappa_offset_provider_stats grad_max,log,repo_extension
imax01/clsvof,rising_bubble,rising_case2,clsvof,32,1,,,actual_terminal_time,3.0,T0,terminal,3.0,last official history time,stdout.txt,derived_from_official
imax01/clsvof,rising_bubble,rising_case2,clsvof,32,1,,,relative_volume_change_final,0.000384227,1,terminal,3.0,(V-V0)/V0,stdout.txt,derived_from_official
imax01/clsvof,rising_bubble,rising_case2,clsvof,32,1,,,relative_volume_change_max_abs,0.000384227,1,global,,max(abs((V-V0)/V0)),stdout.txt,derived_from_official
imax01/clsvof,rising_bubble,rising_case2,clsvof,32,1,,,center_of_mass_x_final,1.06228,L0,terminal,3.0,integral(x dV)/V,stdout.txt,derived_from_official
imax01/clsvof,rising_bubble,rising_case2,clsvof,32,1,,,rise_velocity_x_final,0.179784,L0/T0,terminal,3.0,integral(u_x dV)/V,stdout.txt,derived_from_official
imax01/clsvof,rising_bubble,rising_case2,clsvof,32,1,,,rise_velocity_x_max,0.245085,L0/T0,global,,max center-of-mass rise velocity,stdout.txt,derived_from_official
imax01/clsvof,rising_bubble,rising_case2,clsvof,32,1,,,interface_facets,56,segments,terminal,3.0,number of t=3 output_facets segments,log,derived_from_official
imax01/clsvof,rising_bubble,rising_case2,clsvof,32,1,,,circularity_min,0.5758285726498023,1,global,,sqrt(4*pi*A_full)/P_full,circularity.csv,repo_extension
imax01/clsvof,rising_bubble,rising_case2,clsvof,32,1,,,circularity_final,0.577409174160962,1,terminal,3.0,sqrt(4*pi*A_full)/P_full,circularity.csv,repo_extension
imax01/nn,rising_bubble,rising_case2,nn,32,1,baseline_32_hgradient,32,actual_terminal_time,3.0,T0,terminal,3.0,last official history time,stdout.txt,derived_from_official
imax01/nn,rising_bubble,rising_case2,nn,32,1,baseline_32_hgradient,32,relative_volume_change_final,0.00038605,1,terminal,3.0,(V-V0)/V0,stdout.txt,derived_from_official
imax01/nn,rising_bubble,rising_case2,nn,32,1,baseline_32_hgradient,32,relative_volume_change_max_abs,0.00038605,1,global,,max(abs((V-V0)/V0)),stdout.txt,derived_from_official
imax01/nn,rising_bubble,rising_case2,nn,32,1,baseline_32_hgradient,32,center_of_mass_x_final,1.06262,L0,terminal,3.0,integral(x dV)/V,stdout.txt,derived_from_official
imax01/nn,rising_bubble,rising_case2,nn,32,1,baseline_32_hgradient,32,rise_velocity_x_final,0.180822,L0/T0,terminal,3.0,integral(u_x dV)/V,stdout.txt,derived_from_official
imax01/nn,rising_bubble,rising_case2,nn,32,1,baseline_32_hgradient,32,rise_velocity_x_max,0.245089,L0/T0,global,,max center-of-mass rise velocity,stdout.txt,derived_from_official
imax01/nn,rising_bubble,rising_case2,nn,32,1,baseline_32_hgradient,32,interface_facets,56,segments,terminal,3.0,number of t=3 output_facets segments,log,derived_from_official
imax01/nn,rising_bubble,rising_case2,nn,32,1,baseline_32_hgradient,32,circularity_min,0.5605335315472308,1,global,,sqrt(4*pi*A_full)/P_full,circularity.csv,repo_extension
imax01/nn,rising_bubble,rising_case2,nn,32,1,baseline_32_hgradient,32,circularity_final,0.5747066906042769,1,terminal,3.0,sqrt(4*pi*A_full)/P_full,circularity.csv,repo_extension
imax01/nn,rising_bubble,rising_case2,nn,32,1,baseline_32_hgradient,32,provider_evaluations,1073,count,provider_runtime,,kappa_offset_provider_stats evaluations,log,repo_extension
imax01/nn,rising_bubble,rising_case2,nn,32,1,baseline_32_hgradient,32,provider_clamp_hits,2,count,provider_runtime,,kappa_offset_provider_stats clamp_hits,log,repo_extension
imax01/nn,rising_bubble,rising_case2,nn,32,1,baseline_32_hgradient,32,provider_denominator_guard_hits,0,count,provider_runtime,,kappa_offset_provider_stats denominator_guard_hits,log,repo_extension
imax01/nn,rising_bubble,rising_case2,nn,32,1,baseline_32_hgradient,32,provider_min_abs_denominator,0.6603151182728141,1,provider_runtime,,kappa_offset_provider_stats min_abs_denominator,log,repo_extension
imax01/nn,rising_bubble,rising_case2,nn,32,1,baseline_32_hgradient,32,provider_max_abs_d_over_h,0.5517200401889742,1,provider_runtime,,kappa_offset_provider_stats max_abs_d_over_h,log,repo_extension
imax01/nn,rising_bubble,rising_case2,nn,32,1,baseline_32_hgradient,32,provider_grad_samples,1073,count,provider_runtime,,kappa_offset_provider_stats grad_samples,log,repo_extension
imax01/nn,rising_bubble,rising_case2,nn,32,1,baseline_32_hgradient,32,provider_grad_min,0.32165025457642626,1,provider_runtime,,kappa_offset_provider_stats grad_min,log,repo_extension
imax01/nn,rising_bubble,rising_case2,nn,32,1,baseline_32_hgradient,32,provider_grad_mean,0.9813369566987633,1,provider_runtime,,kappa_offset_provider_stats grad_mean,log,repo_extension
imax01/nn,rising_bubble,rising_case2,nn,32,1,baseline_32_hgradient,32,provider_grad_std,0.11509269924396343,1,provider_runtime,,kappa_offset_provider_stats grad_std,log,repo_extension
imax01/nn,rising_bubble,rising_case2,nn,32,1,baseline_32_hgradient,32,provider_grad_max,1.1653618038009312,1,provider_runtime,,kappa_offset_provider_stats grad_max,log,repo_extension
imax02/clsvof,rising_bubble,rising_case2,clsvof,32,2,,,actual_terminal_time,3.0,T0,terminal,3.0,last official history time,stdout.txt,derived_from_official
imax02/clsvof,rising_bubble,rising_case2,clsvof,32,2,,,relative_volume_change_final,0.000389109,1,terminal,3.0,(V-V0)/V0,stdout.txt,derived_from_official
imax02/clsvof,rising_bubble,rising_case2,clsvof,32,2,,,relative_volume_change_max_abs,0.000389109,1,global,,max(abs((V-V0)/V0)),stdout.txt,derived_from_official
imax02/clsvof,rising_bubble,rising_case2,clsvof,32,2,,,center_of_mass_x_final,1.06291,L0,terminal,3.0,integral(x dV)/V,stdout.txt,derived_from_official
imax02/clsvof,rising_bubble,rising_case2,clsvof,32,2,,,rise_velocity_x_final,0.18058,L0/T0,terminal,3.0,integral(u_x dV)/V,stdout.txt,derived_from_official
imax02/clsvof,rising_bubble,rising_case2,clsvof,32,2,,,rise_velocity_x_max,0.245171,L0/T0,global,,max center-of-mass rise velocity,stdout.txt,derived_from_official
imax02/clsvof,rising_bubble,rising_case2,clsvof,32,2,,,interface_facets,56,segments,terminal,3.0,number of t=3 output_facets segments,log,derived_from_official
imax02/clsvof,rising_bubble,rising_case2,clsvof,32,2,,,circularity_min,0.5721637972339887,1,global,,sqrt(4*pi*A_full)/P_full,circularity.csv,repo_extension
imax02/clsvof,rising_bubble,rising_case2,clsvof,32,2,,,circularity_final,0.5748619347554679,1,terminal,3.0,sqrt(4*pi*A_full)/P_full,circularity.csv,repo_extension
imax02/nn,rising_bubble,rising_case2,nn,32,2,baseline_32_hgradient,32,actual_terminal_time,3.0,T0,terminal,3.0,last official history time,stdout.txt,derived_from_official
imax02/nn,rising_bubble,rising_case2,nn,32,2,baseline_32_hgradient,32,relative_volume_change_final,0.000393789,1,terminal,3.0,(V-V0)/V0,stdout.txt,derived_from_official
imax02/nn,rising_bubble,rising_case2,nn,32,2,baseline_32_hgradient,32,relative_volume_change_max_abs,0.000393789,1,global,,max(abs((V-V0)/V0)),stdout.txt,derived_from_official
imax02/nn,rising_bubble,rising_case2,nn,32,2,baseline_32_hgradient,32,center_of_mass_x_final,1.06332,L0,terminal,3.0,integral(x dV)/V,stdout.txt,derived_from_official
imax02/nn,rising_bubble,rising_case2,nn,32,2,baseline_32_hgradient,32,rise_velocity_x_final,0.182081,L0/T0,terminal,3.0,integral(u_x dV)/V,stdout.txt,derived_from_official
imax02/nn,rising_bubble,rising_case2,nn,32,2,baseline_32_hgradient,32,rise_velocity_x_max,0.245175,L0/T0,global,,max center-of-mass rise velocity,stdout.txt,derived_from_official
imax02/nn,rising_bubble,rising_case2,nn,32,2,baseline_32_hgradient,32,interface_facets,56,segments,terminal,3.0,number of t=3 output_facets segments,log,derived_from_official
imax02/nn,rising_bubble,rising_case2,nn,32,2,baseline_32_hgradient,32,circularity_min,0.5621708315323384,1,global,,sqrt(4*pi*A_full)/P_full,circularity.csv,repo_extension
imax02/nn,rising_bubble,rising_case2,nn,32,2,baseline_32_hgradient,32,circularity_final,0.5712193567112175,1,terminal,3.0,sqrt(4*pi*A_full)/P_full,circularity.csv,repo_extension
imax02/nn,rising_bubble,rising_case2,nn,32,2,baseline_32_hgradient,32,provider_evaluations,1061,count,provider_runtime,,kappa_offset_provider_stats evaluations,log,repo_extension
imax02/nn,rising_bubble,rising_case2,nn,32,2,baseline_32_hgradient,32,provider_clamp_hits,4,count,provider_runtime,,kappa_offset_provider_stats clamp_hits,log,repo_extension
imax02/nn,rising_bubble,rising_case2,nn,32,2,baseline_32_hgradient,32,provider_denominator_guard_hits,0,count,provider_runtime,,kappa_offset_provider_stats denominator_guard_hits,log,repo_extension
imax02/nn,rising_bubble,rising_case2,nn,32,2,baseline_32_hgradient,32,provider_min_abs_denominator,0.635115023720127,1,provider_runtime,,kappa_offset_provider_stats min_abs_denominator,log,repo_extension
imax02/nn,rising_bubble,rising_case2,nn,32,2,baseline_32_hgradient,32,provider_max_abs_d_over_h,0.5039985208145035,1,provider_runtime,,kappa_offset_provider_stats max_abs_d_over_h,log,repo_extension
imax02/nn,rising_bubble,rising_case2,nn,32,2,baseline_32_hgradient,32,provider_grad_samples,1061,count,provider_runtime,,kappa_offset_provider_stats grad_samples,log,repo_extension
imax02/nn,rising_bubble,rising_case2,nn,32,2,baseline_32_hgradient,32,provider_grad_min,0.3240150851359274,1,provider_runtime,,kappa_offset_provider_stats grad_min,log,repo_extension
imax02/nn,rising_bubble,rising_case2,nn,32,2,baseline_32_hgradient,32,provider_grad_mean,0.9638373184087058,1,provider_runtime,,kappa_offset_provider_stats grad_mean,log,repo_extension
imax02/nn,rising_bubble,rising_case2,nn,32,2,baseline_32_hgradient,32,provider_grad_std,0.09645005676376131,1,provider_runtime,,kappa_offset_provider_stats grad_std,log,repo_extension
imax02/nn,rising_bubble,rising_case2,nn,32,2,baseline_32_hgradient,32,provider_grad_max,1.0566372099099077,1,provider_runtime,,kappa_offset_provider_stats grad_max,log,repo_extension
imax03/clsvof,rising_bubble,rising_case2,clsvof,32,3,,,actual_terminal_time,3.0,T0,terminal,3.0,last official history time,stdout.txt,derived_from_official
imax03/clsvof,rising_bubble,rising_case2,clsvof,32,3,,,relative_volume_change_final,0.00039414,1,terminal,3.0,(V-V0)/V0,stdout.txt,derived_from_official
imax03/clsvof,rising_bubble,rising_case2,clsvof,32,3,,,relative_volume_change_max_abs,0.00039414,1,global,,max(abs((V-V0)/V0)),stdout.txt,derived_from_official
imax03/clsvof,rising_bubble,rising_case2,clsvof,32,3,,,center_of_mass_x_final,1.06269,L0,terminal,3.0,integral(x dV)/V,stdout.txt,derived_from_official
imax03/clsvof,rising_bubble,rising_case2,clsvof,32,3,,,rise_velocity_x_final,0.18097,L0/T0,terminal,3.0,integral(u_x dV)/V,stdout.txt,derived_from_official
imax03/clsvof,rising_bubble,rising_case2,clsvof,32,3,,,rise_velocity_x_max,0.24511,L0/T0,global,,max center-of-mass rise velocity,stdout.txt,derived_from_official
imax03/clsvof,rising_bubble,rising_case2,clsvof,32,3,,,interface_facets,56,segments,terminal,3.0,number of t=3 output_facets segments,log,derived_from_official
imax03/clsvof,rising_bubble,rising_case2,clsvof,32,3,,,circularity_min,0.5699159547455109,1,global,,sqrt(4*pi*A_full)/P_full,circularity.csv,repo_extension
imax03/clsvof,rising_bubble,rising_case2,clsvof,32,3,,,circularity_final,0.5749788683474792,1,terminal,3.0,sqrt(4*pi*A_full)/P_full,circularity.csv,repo_extension
imax03/nn,rising_bubble,rising_case2,nn,32,3,baseline_32_hgradient,32,actual_terminal_time,3.0,T0,terminal,3.0,last official history time,stdout.txt,derived_from_official
imax03/nn,rising_bubble,rising_case2,nn,32,3,baseline_32_hgradient,32,relative_volume_change_final,0.000394022,1,terminal,3.0,(V-V0)/V0,stdout.txt,derived_from_official
imax03/nn,rising_bubble,rising_case2,nn,32,3,baseline_32_hgradient,32,relative_volume_change_max_abs,0.000394022,1,global,,max(abs((V-V0)/V0)),stdout.txt,derived_from_official
imax03/nn,rising_bubble,rising_case2,nn,32,3,baseline_32_hgradient,32,center_of_mass_x_final,1.06314,L0,terminal,3.0,integral(x dV)/V,stdout.txt,derived_from_official
imax03/nn,rising_bubble,rising_case2,nn,32,3,baseline_32_hgradient,32,rise_velocity_x_final,0.182314,L0/T0,terminal,3.0,integral(u_x dV)/V,stdout.txt,derived_from_official
imax03/nn,rising_bubble,rising_case2,nn,32,3,baseline_32_hgradient,32,rise_velocity_x_max,0.245113,L0/T0,global,,max center-of-mass rise velocity,stdout.txt,derived_from_official
imax03/nn,rising_bubble,rising_case2,nn,32,3,baseline_32_hgradient,32,interface_facets,56,segments,terminal,3.0,number of t=3 output_facets segments,log,derived_from_official
imax03/nn,rising_bubble,rising_case2,nn,32,3,baseline_32_hgradient,32,circularity_min,0.5632728120010845,1,global,,sqrt(4*pi*A_full)/P_full,circularity.csv,repo_extension
imax03/nn,rising_bubble,rising_case2,nn,32,3,baseline_32_hgradient,32,circularity_final,0.5704650342863579,1,terminal,3.0,sqrt(4*pi*A_full)/P_full,circularity.csv,repo_extension
imax03/nn,rising_bubble,rising_case2,nn,32,3,baseline_32_hgradient,32,provider_evaluations,1056,count,provider_runtime,,kappa_offset_provider_stats evaluations,log,repo_extension
imax03/nn,rising_bubble,rising_case2,nn,32,3,baseline_32_hgradient,32,provider_clamp_hits,6,count,provider_runtime,,kappa_offset_provider_stats clamp_hits,log,repo_extension
imax03/nn,rising_bubble,rising_case2,nn,32,3,baseline_32_hgradient,32,provider_denominator_guard_hits,0,count,provider_runtime,,kappa_offset_provider_stats denominator_guard_hits,log,repo_extension
imax03/nn,rising_bubble,rising_case2,nn,32,3,baseline_32_hgradient,32,provider_min_abs_denominator,0.6575326077784414,1,provider_runtime,,kappa_offset_provider_stats min_abs_denominator,log,repo_extension
imax03/nn,rising_bubble,rising_case2,nn,32,3,baseline_32_hgradient,32,provider_max_abs_d_over_h,0.4937528124505681,1,provider_runtime,,kappa_offset_provider_stats max_abs_d_over_h,log,repo_extension
imax03/nn,rising_bubble,rising_case2,nn,32,3,baseline_32_hgradient,32,provider_grad_samples,1056,count,provider_runtime,,kappa_offset_provider_stats grad_samples,log,repo_extension
imax03/nn,rising_bubble,rising_case2,nn,32,3,baseline_32_hgradient,32,provider_grad_min,0.3475024624744336,1,provider_runtime,,kappa_offset_provider_stats grad_min,log,repo_extension
imax03/nn,rising_bubble,rising_case2,nn,32,3,baseline_32_hgradient,32,provider_grad_mean,0.9611635837940529,1,provider_runtime,,kappa_offset_provider_stats grad_mean,log,repo_extension
imax03/nn,rising_bubble,rising_case2,nn,32,3,baseline_32_hgradient,32,provider_grad_std,0.08935512086292079,1,provider_runtime,,kappa_offset_provider_stats grad_std,log,repo_extension
imax03/nn,rising_bubble,rising_case2,nn,32,3,baseline_32_hgradient,32,provider_grad_max,1.027723099600382,1,provider_runtime,,kappa_offset_provider_stats grad_max,log,repo_extension
imax04/clsvof,rising_bubble,rising_case2,clsvof,32,4,,,actual_terminal_time,3.0,T0,terminal,3.0,last official history time,stdout.txt,derived_from_official
imax04/clsvof,rising_bubble,rising_case2,clsvof,32,4,,,relative_volume_change_final,0.000395845,1,terminal,3.0,(V-V0)/V0,stdout.txt,derived_from_official
imax04/clsvof,rising_bubble,rising_case2,clsvof,32,4,,,relative_volume_change_max_abs,0.000395845,1,global,,max(abs((V-V0)/V0)),stdout.txt,derived_from_official
imax04/clsvof,rising_bubble,rising_case2,clsvof,32,4,,,center_of_mass_x_final,1.06247,L0,terminal,3.0,integral(x dV)/V,stdout.txt,derived_from_official
imax04/clsvof,rising_bubble,rising_case2,clsvof,32,4,,,rise_velocity_x_final,0.18102,L0/T0,terminal,3.0,integral(u_x dV)/V,stdout.txt,derived_from_official
imax04/clsvof,rising_bubble,rising_case2,clsvof,32,4,,,rise_velocity_x_max,0.245083,L0/T0,global,,max center-of-mass rise velocity,stdout.txt,derived_from_official
imax04/clsvof,rising_bubble,rising_case2,clsvof,32,4,,,interface_facets,56,segments,terminal,3.0,number of t=3 output_facets segments,log,derived_from_official
imax04/clsvof,rising_bubble,rising_case2,clsvof,32,4,,,circularity_min,0.567877543720896,1,global,,sqrt(4*pi*A_full)/P_full,circularity.csv,repo_extension
imax04/clsvof,rising_bubble,rising_case2,clsvof,32,4,,,circularity_final,0.5747588914997537,1,terminal,3.0,sqrt(4*pi*A_full)/P_full,circularity.csv,repo_extension
imax04/nn,rising_bubble,rising_case2,nn,32,4,baseline_32_hgradient,32,actual_terminal_time,3.0,T0,terminal,3.0,last official history time,stdout.txt,derived_from_official
imax04/nn,rising_bubble,rising_case2,nn,32,4,baseline_32_hgradient,32,relative_volume_change_final,0.000396783,1,terminal,3.0,(V-V0)/V0,stdout.txt,derived_from_official
imax04/nn,rising_bubble,rising_case2,nn,32,4,baseline_32_hgradient,32,relative_volume_change_max_abs,0.000396783,1,global,,max(abs((V-V0)/V0)),stdout.txt,derived_from_official
imax04/nn,rising_bubble,rising_case2,nn,32,4,baseline_32_hgradient,32,center_of_mass_x_final,1.06291,L0,terminal,3.0,integral(x dV)/V,stdout.txt,derived_from_official
imax04/nn,rising_bubble,rising_case2,nn,32,4,baseline_32_hgradient,32,rise_velocity_x_final,0.18234,L0/T0,terminal,3.0,integral(u_x dV)/V,stdout.txt,derived_from_official
imax04/nn,rising_bubble,rising_case2,nn,32,4,baseline_32_hgradient,32,rise_velocity_x_max,0.245091,L0/T0,global,,max center-of-mass rise velocity,stdout.txt,derived_from_official
imax04/nn,rising_bubble,rising_case2,nn,32,4,baseline_32_hgradient,32,interface_facets,56,segments,terminal,3.0,number of t=3 output_facets segments,log,derived_from_official
imax04/nn,rising_bubble,rising_case2,nn,32,4,baseline_32_hgradient,32,circularity_min,0.5635808248916311,1,global,,sqrt(4*pi*A_full)/P_full,circularity.csv,repo_extension
imax04/nn,rising_bubble,rising_case2,nn,32,4,baseline_32_hgradient,32,circularity_final,0.5703476508290158,1,terminal,3.0,sqrt(4*pi*A_full)/P_full,circularity.csv,repo_extension
imax04/nn,rising_bubble,rising_case2,nn,32,4,baseline_32_hgradient,32,provider_evaluations,1055,count,provider_runtime,,kappa_offset_provider_stats evaluations,log,repo_extension
imax04/nn,rising_bubble,rising_case2,nn,32,4,baseline_32_hgradient,32,provider_clamp_hits,8,count,provider_runtime,,kappa_offset_provider_stats clamp_hits,log,repo_extension
imax04/nn,rising_bubble,rising_case2,nn,32,4,baseline_32_hgradient,32,provider_denominator_guard_hits,0,count,provider_runtime,,kappa_offset_provider_stats denominator_guard_hits,log,repo_extension
imax04/nn,rising_bubble,rising_case2,nn,32,4,baseline_32_hgradient,32,provider_min_abs_denominator,0.6712633580288433,1,provider_runtime,,kappa_offset_provider_stats min_abs_denominator,log,repo_extension
imax04/nn,rising_bubble,rising_case2,nn,32,4,baseline_32_hgradient,32,provider_max_abs_d_over_h,0.4952285864590258,1,provider_runtime,,kappa_offset_provider_stats max_abs_d_over_h,log,repo_extension
imax04/nn,rising_bubble,rising_case2,nn,32,4,baseline_32_hgradient,32,provider_grad_samples,1055,count,provider_runtime,,kappa_offset_provider_stats grad_samples,log,repo_extension
imax04/nn,rising_bubble,rising_case2,nn,32,4,baseline_32_hgradient,32,provider_grad_min,0.3675416389677648,1,provider_runtime,,kappa_offset_provider_stats grad_min,log,repo_extension
imax04/nn,rising_bubble,rising_case2,nn,32,4,baseline_32_hgradient,32,provider_grad_mean,0.9585901169452986,1,provider_runtime,,kappa_offset_provider_stats grad_mean,log,repo_extension
imax04/nn,rising_bubble,rising_case2,nn,32,4,baseline_32_hgradient,32,provider_grad_std,0.08991643318347882,1,provider_runtime,,kappa_offset_provider_stats grad_std,log,repo_extension
imax04/nn,rising_bubble,rising_case2,nn,32,4,baseline_32_hgradient,32,provider_grad_max,1.026554164118606,1,provider_runtime,,kappa_offset_provider_stats grad_max,log,repo_extension
imax05/clsvof,rising_bubble,rising_case2,clsvof,32,5,,,actual_terminal_time,3.0,T0,terminal,3.0,last official history time,stdout.txt,derived_from_official
imax05/clsvof,rising_bubble,rising_case2,clsvof,32,5,,,relative_volume_change_final,0.000392238,1,terminal,3.0,(V-V0)/V0,stdout.txt,derived_from_official
imax05/clsvof,rising_bubble,rising_case2,clsvof,32,5,,,relative_volume_change_max_abs,0.000392238,1,global,,max(abs((V-V0)/V0)),stdout.txt,derived_from_official
imax05/clsvof,rising_bubble,rising_case2,clsvof,32,5,,,center_of_mass_x_final,1.06237,L0,terminal,3.0,integral(x dV)/V,stdout.txt,derived_from_official
imax05/clsvof,rising_bubble,rising_case2,clsvof,32,5,,,rise_velocity_x_final,0.181073,L0/T0,terminal,3.0,integral(u_x dV)/V,stdout.txt,derived_from_official
imax05/clsvof,rising_bubble,rising_case2,clsvof,32,5,,,rise_velocity_x_max,0.245078,L0/T0,global,,max center-of-mass rise velocity,stdout.txt,derived_from_official
imax05/clsvof,rising_bubble,rising_case2,clsvof,32,5,,,interface_facets,56,segments,terminal,3.0,number of t=3 output_facets segments,log,derived_from_official
imax05/clsvof,rising_bubble,rising_case2,clsvof,32,5,,,circularity_min,0.569367517698303,1,global,,sqrt(4*pi*A_full)/P_full,circularity.csv,repo_extension
imax05/clsvof,rising_bubble,rising_case2,clsvof,32,5,,,circularity_final,0.5745632177022605,1,terminal,3.0,sqrt(4*pi*A_full)/P_full,circularity.csv,repo_extension
imax05/nn,rising_bubble,rising_case2,nn,32,5,baseline_32_hgradient,32,actual_terminal_time,3.0,T0,terminal,3.0,last official history time,stdout.txt,derived_from_official
imax05/nn,rising_bubble,rising_case2,nn,32,5,baseline_32_hgradient,32,relative_volume_change_final,0.000396943,1,terminal,3.0,(V-V0)/V0,stdout.txt,derived_from_official
imax05/nn,rising_bubble,rising_case2,nn,32,5,baseline_32_hgradient,32,relative_volume_change_max_abs,0.000396943,1,global,,max(abs((V-V0)/V0)),stdout.txt,derived_from_official
imax05/nn,rising_bubble,rising_case2,nn,32,5,baseline_32_hgradient,32,center_of_mass_x_final,1.06283,L0,terminal,3.0,integral(x dV)/V,stdout.txt,derived_from_official
imax05/nn,rising_bubble,rising_case2,nn,32,5,baseline_32_hgradient,32,rise_velocity_x_final,0.182338,L0/T0,terminal,3.0,integral(u_x dV)/V,stdout.txt,derived_from_official
imax05/nn,rising_bubble,rising_case2,nn,32,5,baseline_32_hgradient,32,rise_velocity_x_max,0.245086,L0/T0,global,,max center-of-mass rise velocity,stdout.txt,derived_from_official
imax05/nn,rising_bubble,rising_case2,nn,32,5,baseline_32_hgradient,32,interface_facets,56,segments,terminal,3.0,number of t=3 output_facets segments,log,derived_from_official
imax05/nn,rising_bubble,rising_case2,nn,32,5,baseline_32_hgradient,32,circularity_min,0.5638270324539484,1,global,,sqrt(4*pi*A_full)/P_full,circularity.csv,repo_extension
imax05/nn,rising_bubble,rising_case2,nn,32,5,baseline_32_hgradient,32,circularity_final,0.5704138669329532,1,terminal,3.0,sqrt(4*pi*A_full)/P_full,circularity.csv,repo_extension
imax05/nn,rising_bubble,rising_case2,nn,32,5,baseline_32_hgradient,32,provider_evaluations,1051,count,provider_runtime,,kappa_offset_provider_stats evaluations,log,repo_extension
imax05/nn,rising_bubble,rising_case2,nn,32,5,baseline_32_hgradient,32,provider_clamp_hits,5,count,provider_runtime,,kappa_offset_provider_stats clamp_hits,log,repo_extension
imax05/nn,rising_bubble,rising_case2,nn,32,5,baseline_32_hgradient,32,provider_denominator_guard_hits,0,count,provider_runtime,,kappa_offset_provider_stats denominator_guard_hits,log,repo_extension
imax05/nn,rising_bubble,rising_case2,nn,32,5,baseline_32_hgradient,32,provider_min_abs_denominator,0.6787179618703877,1,provider_runtime,,kappa_offset_provider_stats min_abs_denominator,log,repo_extension
imax05/nn,rising_bubble,rising_case2,nn,32,5,baseline_32_hgradient,32,provider_max_abs_d_over_h,0.4960867166777292,1,provider_runtime,,kappa_offset_provider_stats max_abs_d_over_h,log,repo_extension
imax05/nn,rising_bubble,rising_case2,nn,32,5,baseline_32_hgradient,32,provider_grad_samples,1051,count,provider_runtime,,kappa_offset_provider_stats grad_samples,log,repo_extension
imax05/nn,rising_bubble,rising_case2,nn,32,5,baseline_32_hgradient,32,provider_grad_min,0.3764629879045188,1,provider_runtime,,kappa_offset_provider_stats grad_min,log,repo_extension
imax05/nn,rising_bubble,rising_case2,nn,32,5,baseline_32_hgradient,32,provider_grad_mean,0.958697306515913,1,provider_runtime,,kappa_offset_provider_stats grad_mean,log,repo_extension
imax05/nn,rising_bubble,rising_case2,nn,32,5,baseline_32_hgradient,32,provider_grad_std,0.0880033129199506,1,provider_runtime,,kappa_offset_provider_stats grad_std,log,repo_extension
imax05/nn,rising_bubble,rising_case2,nn,32,5,baseline_32_hgradient,32,provider_grad_max,1.0260000476485247,1,provider_runtime,,kappa_offset_provider_stats grad_max,log,repo_extension
