time,relative_volume_change,center_of_mass_x,rise_velocity_x,dt
0.0,0.0,0.5,0.0,0.000572433
0.000572433,0.0,0.5,-9.15469e-05,0.000572433
0.0138442,-2.79386e-05,0.499997,0.00754928,0.0132718
0.0387289,-5.22451e-05,0.500177,0.0209986,0.0248846
0.0739821,-3.40465e-05,0.500887,0.0389693,0.0352532
0.118998,-1.97265e-05,0.502571,0.0608489,0.0450157
0.17235,-7.72071e-06,0.505729,0.0853418,0.0533519
0.231259,7.12515e-06,0.510728,0.110575,0.0589094
0.292787,2.19669e-05,0.517601,0.134976,0.0615276
0.355745,3.75784e-05,0.526269,0.157774,0.0629585
0.418704,5.35385e-05,0.536449,0.178359,0.0629585
0.481662,6.71116e-05,0.547921,0.196506,0.0629585
0.541622,7.94777e-05,0.559326,0.211012,0.0599604
0.59079,9.09741e-05,0.569414,0.221844,0.0491676
0.640982,0.000104498,0.580616,0.230224,0.0501919
0.691174,0.000118964,0.592449,0.236589,0.0501919
0.741366,0.000129176,0.603987,0.24047,0.0501919
0.791557,0.000138051,0.615874,0.242998,0.0501919
0.842917,0.000147693,0.628391,0.244875,0.0513591
0.894276,0.000158092,0.64068,0.245085,0.0513591
0.946919,0.000170248,0.652997,0.243237,0.0526431
0.999562,0.000183392,0.665834,0.24072,0.0526431
1.05363,0.000197548,0.678599,0.237754,0.0540659
1.10769,0.000209255,0.691219,0.23426,0.0540659
1.16176,0.000220763,0.703524,0.231076,0.0540659
1.21746,0.000229739,0.715931,0.227227,0.0557043
1.27317,0.000240107,0.728493,0.22355,0.0557043
1.3255,0.000246858,0.739747,0.219979,0.0523282
1.37951,0.000253063,0.751326,0.217122,0.0540162
1.43353,0.000259543,0.76283,0.21489,0.0540162
1.48947,0.000266871,0.774471,0.212456,0.0559454
1.54542,0.000272144,0.786203,0.209537,0.0559454
1.6036,0.000277419,0.798479,0.207187,0.0581832
1.66179,0.000283643,0.810315,0.205242,0.0581832
1.72261,0.000288881,0.822289,0.203782,0.0608279
1.78344,0.000293864,0.834486,0.201641,0.0608279
1.84427,0.000299073,0.846539,0.199247,0.0608279
1.90848,0.000303738,0.859044,0.197322,0.0642072
1.97268,0.000308266,0.87142,0.196146,0.0642072
2.03689,0.000312953,0.883911,0.195288,0.0642072
2.1011,0.000317824,0.896335,0.193784,0.0642072
2.16531,0.000324334,0.908628,0.191447,0.0642072
2.22951,0.000328641,0.920732,0.18983,0.0642072
2.29372,0.000332292,0.932827,0.188378,0.0642072
2.35793,0.000336928,0.944965,0.187288,0.0642072
2.42213,0.00034523,0.957008,0.185228,0.0642072
2.48634,0.000349614,0.968994,0.183446,0.0642072
2.55055,0.00035309,0.980894,0.182287,0.0642072
2.61476,0.000357443,0.992552,0.181825,0.0642072
2.67896,0.000361798,1.00447,0.181034,0.0642072
2.74317,0.000369089,1.01609,0.179723,0.0642072
2.80738,0.000373541,1.02763,0.178946,0.0642072
2.87159,0.000377157,1.03902,0.178883,0.0642072
2.93579,0.000380666,1.05038,0.179428,0.0642072
3.0,0.000384227,1.06228,0.179784,0.0642072
