benchmark,method_id,resolution,imax,terminal_time,dynamics_samples,comparison_start,comparison_end,max_abs_relative_volume_error,velocity_reference_rmse,center_reference_rmse,circularity_final,reference_circularity_final,circularity_final_abs_error,reference_circularity_min_to_t3,reference_time_at_circularity_min_to_t3,numerical_circularity_history_available,facet_segments,result_dir,history_sha256,interface_sha256
rising_case1,clsvof,64,0,3.0,213,0.002168239,3.0,0.000448822,0.03122915808277847,0.050557570679049736,0.9729615330349916,0.9207067516231195,0.05225478141187201,0.9012524,1.899918,False,33,dataset/rising_bubble/case1/N0064/imax00/clsvof,2de047b3f94bba0b7d91538f2322d94bb9de8983e14e2296058ce388f2b74c58,a5396c0dabf11ec7f84c6047dd76a7edddd131ec59faa266960ba180bcd66346
rising_case1,nn,64,0,3.0,213,0.002168239,3.0,0.000429655,0.031157686267647543,0.05049181531020342,0.9722927389132341,0.9207067516231195,0.05158598729011454,0.9012524,1.899918,False,32,dataset/rising_bubble/case1/N0064/imax00/nn,4d5dd10df919b376774cc76b91789bdcd544f2033f2e4ae2450b5fbe1173fec4,f06995e5f78b12dff6b3578c70343ec8c0e9467a175932382243d858c52c1ac5
rising_case1,clsvof,64,1,3.0,213,0.002168239,3.0,0.000327223,0.0025051365125041227,0.005686995867766609,0.9220412535257185,0.9207067516231195,0.0013345019025989835,0.9012524,1.899918,False,32,dataset/rising_bubble/case1/N0064/imax01/clsvof,9c4f02ec27dba1d61e9c48bc6cb000c3135d7aad7888d86811474fe5703de857,c19f50ae65a2fc59989479e139501099097065a1c9895b225163fd9d58eb30a7
rising_case1,nn,64,1,3.0,213,0.002168239,3.0,0.000368896,0.002501016586564388,0.005690936473612508,0.9220220331134289,0.9207067516231195,0.0013152814903093502,0.9012524,1.899918,False,32,dataset/rising_bubble/case1/N0064/imax01/nn,9815b071a52baf1470309c85ff86d81bd2ebc3867d978d68f0abd6b4ed29739f,f308e205042d6db742156cec07536429eb3e4a1bf4cd7f8691e1e653c4be19fc
rising_case1,clsvof,64,2,3.0,213,0.002168239,3.0,0.000252803,0.0019975505628046413,0.004784561634488879,0.920570592405226,0.9207067516231195,0.0001361592178935611,0.9012524,1.899918,False,33,dataset/rising_bubble/case1/N0064/imax02/clsvof,4ce4e95cba228ae29e50a2a3e2870239c88f4a6332517689d604e69ecf9675e9,b9d74a52d9b549c812c4ee84262d9d96b29b7ba44c79f8d849dffa4606604681
rising_case1,nn,64,2,3.0,213,0.002168239,3.0,0.000285227,0.001998883643794239,0.00478184538151232,0.9206419384612607,0.9207067516231195,6.481316185880104e-05,0.9012524,1.899918,False,33,dataset/rising_bubble/case1/N0064/imax02/nn,a2ec2b22989298ba274305da53eb313a8d19f359d66db961f49e116b80fdfa61,e7cd334b59bd27a4ef6ab6e7531efca1641f35dcad3336f581d90c97d0ebb33c
rising_case1,clsvof,64,3,3.0,213,0.002168239,3.0,0.000374321,0.001863416294093091,0.004524351686244166,0.9199686633792029,0.9207067516231195,0.0007380882439166347,0.9012524,1.899918,False,33,dataset/rising_bubble/case1/N0064/imax03/clsvof,c9210c3413cbcd4dd14cd860091f70bea021176a0c79d78dea2cb6b4f7600857,8e673189dc413f95d51251dbcfd31f019c0832847bfb8b00066ebcd9a501575d
rising_case1,nn,64,3,3.0,213,0.002168239,3.0,0.000423266,0.0018568336512669243,0.004508767918448872,0.9201306158821194,0.9207067516231195,0.0005761357410001278,0.9012524,1.899918,False,33,dataset/rising_bubble/case1/N0064/imax03/nn,569dac0b44cffbabab7b1f7b498e55a0099f47bd3a95c43ca45eda81bd927f92,e7a501592ef642bc0c89e5db013b965270375577eacce8f6d05d8653aa5f0388
rising_case1,clsvof,64,4,3.0,213,0.002168239,3.0,0.00033468,0.0018060944427897765,0.0044188467634875455,0.9197349426172553,0.9207067516231195,0.0009718090058642437,0.9012524,1.899918,False,33,dataset/rising_bubble/case1/N0064/imax04/clsvof,06c17796ca4251ad1fa393ba09454e3756389ca40b54fdbedbef9fe2401cb8eb,b3ff33d67891a4b8c31e611a08a1d943eda6caa15160b175b81429aefdb571e8
rising_case1,nn,64,4,3.0,213,0.002168239,3.0,0.000486364,0.0017992006806241418,0.00440107838352315,0.9198927943070095,0.9207067516231195,0.0008139573161100033,0.9012524,1.899918,False,33,dataset/rising_bubble/case1/N0064/imax04/nn,c712fe62f9e5af982af521a3298a03739734a891d622ace50e92c59c47bb47c5,847c6a6963ad79b6eebcc27d0fd4ac2c5e682ba7d7673bab36d20eb6d4973ee6
rising_case1,clsvof,64,5,3.0,213,0.002168239,3.0,0.000336769,0.001778138328273614,0.004373499369286222,0.9196220276179936,0.9207067516231195,0.0010847240051259366,0.9012524,1.899918,False,33,dataset/rising_bubble/case1/N0064/imax05/clsvof,010d0205a952dd4c320e8aec5d19989835ec7ed7e8265b601b59c7ff7dfa2c74,a7e2c81f5cb55ca4dd32e44a37c2e88497dcd10ce944974d6ba507a01d92479f
rising_case1,nn,64,5,3.0,213,0.002168239,3.0,0.00038864,0.0017713069770429858,0.004354388520638162,0.9197360488361347,0.9207067516231195,0.0009707027869848561,0.9012524,1.899918,False,33,dataset/rising_bubble/case1/N0064/imax05/nn,f0cc8b77368fd04170d532bbd756ea373811a525e71a495935397e8134b5579b,8771697637e08ca10e5d61df4bf0d68cc6b073a79fe32ea0c6e979c49b913be3
rising_case1,clsvof,128,0,3.0,583,0.002168239,3.0,6.0227e-05,0.0281416671789497,0.04412784088907812,1.0102084940179739,0.9207067516231195,0.08950174239485431,0.9012524,1.899918,False,64,dataset/rising_bubble/case1/N0128/imax00/clsvof,1a0890cba8df3f82605fb5ecb3fd6a92177e87990f97df84387b1a7758da06af,34fb8756fbf2b5b114dc0df9c84b06591ed18f6f720a4f3e15eaa2a0a73e4a0f
rising_case1,nn,128,0,3.0,583,0.002168239,3.0,0.000135999,0.02823602628317786,0.04418926505327231,1.0080199060289203,0.9207067516231195,0.08731315440580079,0.9012524,1.899918,False,63,dataset/rising_bubble/case1/N0128/imax00/nn,b72e1c5f46f6501549b996c8cb539f8eaccd225b9fbf197dc72076b4707e5ac8,e96e551a447628f8e69722da34d5414cf4bffb1e4c660ce1755cc6662efd858e
rising_case1,clsvof,128,1,3.0,583,0.002168239,3.0,7.71008e-05,0.0010371457253456394,0.0022987731040068453,0.9204890771315272,0.9207067516231195,0.00021767449159237895,0.9012524,1.899918,False,67,dataset/rising_bubble/case1/N0128/imax01/clsvof,598d869b178d669b1d07f042c1f74cb5676ccfe2f90348ffbb3d0af790eaf100,ed17603d94f5375691a1abec7492367a6b86a6a5ecfa7dd75acc2e2f262e6226
rising_case1,nn,128,1,3.0,583,0.002168239,3.0,7.21249e-05,0.0010386727668854467,0.0023019236542583155,0.9205020705951269,0.9207067516231195,0.0002046810279926481,0.9012524,1.899918,False,67,dataset/rising_bubble/case1/N0128/imax01/nn,dd24637d1c7fd1aa4be7cd01dc2051ada7b3bdbc7321a5b609f0c56abdaf85cb,2036b0689af0d8d7a6b4728fa81b406e9242ec1aa187950662612fd276ab8b5d
rising_case1,clsvof,128,2,3.0,583,0.002168239,3.0,6.08963e-05,0.0008265819664220121,0.0019018538394811612,0.9201596853118812,0.9207067516231195,0.0005470663112383534,0.9012524,1.899918,False,67,dataset/rising_bubble/case1/N0128/imax02/clsvof,ab8fac50bc38b0cee1ebd90a58178e38c68af5f3e1dcb34601b0eeeb10290044,d0d9e4532a8add1ae7389bd8a44b715af872d36c8143682d0a0ac3fb5a38266d
rising_case1,nn,128,2,3.0,583,0.002168239,3.0,6.44112e-05,0.0008276989485374104,0.0019051987492406546,0.9201473662276616,0.9207067516231195,0.0005593853954579675,0.9012524,1.899918,False,67,dataset/rising_bubble/case1/N0128/imax02/nn,b99b954ff4ddbd29e1f9dec4493406e96505afe97b542bd7e194c697af0fdff0,ae8419d8e10af3ec9e7e1d689f8296b62103fce829f94b676d0a65bd53ea7ce0
rising_case1,clsvof,128,3,3.0,583,0.002168239,3.0,7.61698e-05,0.0007566486575425716,0.0017663254210041454,0.9199098766162144,0.9207067516231195,0.0007968750069051733,0.9012524,1.899918,False,67,dataset/rising_bubble/case1/N0128/imax03/clsvof,65b73f09332dc109e64e64a3fdb46c903f35a575695ab53ac54582ecfe366225,6bb57501d3daa04526b4048d4a67f3121a448820743de4df8cdb772cffc278a5
rising_case1,nn,128,3,3.0,583,0.002168239,3.0,6.14983e-05,0.0007581389872164113,0.0017702722509879015,0.9199479168823003,0.9207067516231195,0.0007588347408192808,0.9012524,1.899918,False,67,dataset/rising_bubble/case1/N0128/imax03/nn,f949595df614b711f60c7e76abfc34e522d35af4492bf84060e4c61918249c35,4cc1a34b89926de29db6f4005bf3fa83f4496e0982495cb1bb5dbaafaca2df20
rising_case1,clsvof,128,4,3.0,583,0.002168239,3.0,5.99314e-05,0.0007272303422870117,0.0017089365349960747,0.9198191488683166,0.9207067516231195,0.0008876027548029297,0.9012524,1.899918,False,67,dataset/rising_bubble/case1/N0128/imax04/clsvof,8558b47f119cb966d9975259628f4943e50461917412ee6e717e890095de761d,9c515fbc32b74006bb9170287fd3b3ace3beb93ca7a2395a4aedba1ff4211d68
rising_case1,nn,128,4,3.0,583,0.002168239,3.0,7.01742e-05,0.0007280955238138256,0.0017142035217404695,0.9197936035765324,0.9207067516231195,0.0009131480465871533,0.9012524,1.899918,False,67,dataset/rising_bubble/case1/N0128/imax04/nn,582998000e607acd1bc44e0ef684884b537383080a4ac8a4d7d9d814788e4329,df4d7c7450ed8c38c6574791d68f523164f8914876da391b729efa81a9cb0f6b
rising_case1,clsvof,128,5,3.0,583,0.002168239,3.0,9.01516e-05,0.000713547614945917,0.001682420117018425,0.9197890294056801,0.9207067516231195,0.000917722217439465,0.9012524,1.899918,False,67,dataset/rising_bubble/case1/N0128/imax05/clsvof,2e370e3774ea53bd4e480b20495c69c0c3a44d45623436cc178321852bcc2bbc,5d37c46b26c89d3770cf1c2f67ff5aaf04c4427e80d4d9add816a18fe7878720
rising_case1,nn,128,5,3.0,583,0.002168239,3.0,5.89842e-05,0.000713109454450941,0.0016847419798088341,0.9197935659800056,0.9207067516231195,0.000913185643113934,0.9012524,1.899918,False,67,dataset/rising_bubble/case1/N0128/imax05/nn,65ee54fa26eb096acd18ca6ebac05d4e3c38b48c61cc485d5aa45e1663543c43,f790d074dff00b3c03d535c35e1927ad0378a2402c3abb319488d842ed7e93ad
rising_case1,clsvof,256,0,3.0,1632,0.002168239,3.0,4.14735e-05,0.028537864048193258,0.040559079322604386,1.004221346280351,0.9207067516231195,0.08351459465723154,0.9012524,1.899918,False,129,dataset/rising_bubble/case1/N0256/imax00/clsvof,3b254aba8962430445c69983b77879ab75ff2b9f68801bfcb61ccc8533efed44,d893fc276a3c4bdc3c2fc8c6822888c33e3b41e91946829039b10a4134698da0
rising_case1,nn,256,0,3.0,1632,0.002168239,3.0,9.6102e-05,0.02918002896117927,0.04098251970283798,1.0044480405089269,0.9207067516231195,0.08374128888580734,0.9012524,1.899918,False,125,dataset/rising_bubble/case1/N0256/imax00/nn,907f5a6ffb9a61b5e49dfa41962bfe048c0d2d2d6aa5b3625e016fafcf1b83ee,56141e1e4dfb8fd69685737d0d861cbec78ba158a0ccfb8d5ab12ffdaeee4e4a
rising_case1,clsvof,256,1,3.0,1632,0.002168239,3.0,8.56068e-05,0.0004328364717822655,0.0008561547316438337,0.920883910415551,0.9207067516231195,0.00017715879243140886,0.9012524,1.899918,False,135,dataset/rising_bubble/case1/N0256/imax01/clsvof,a318eb07edcc6100f7e7801be3265d3d5c73fa040f6b3cde94e41d8a341e54ee,7f9ea0fab5854aaf500fd37cafd80190cde6cda29c6a03b5a4c069557840343c
rising_case1,nn,256,1,3.0,1632,0.002168239,3.0,8.68509e-05,0.00043369952429470586,0.0008565667343255188,0.9208575071451309,0.9207067516231195,0.00015075552201138098,0.9012524,1.899918,False,135,dataset/rising_bubble/case1/N0256/imax01/nn,78151a3fd90539d779790ccadfa1bf15612e1eb3413c4e00dbf3b76360b4b844,7d55cbebc24e6b39bebe84ff06a691a2269915dc2136b461d8e3ee8d7e282e46
rising_case1,clsvof,256,2,3.0,1632,0.002168239,3.0,8.26786e-05,0.00036399703289621366,0.0007008986109389046,0.9202587952001686,0.9207067516231195,0.00044795642295092364,0.9012524,1.899918,False,134,dataset/rising_bubble/case1/N0256/imax02/clsvof,3e547381b5a352594028e390142a709bb4747969c5412dfaee8513e5656d5b26,adb3bf6fbf02cde1b459f3a8ad253d555725fd1034b79ee45ac6daa6c7f8f24f
rising_case1,nn,256,2,3.0,1632,0.002168239,3.0,7.66983e-05,0.00036550198855309746,0.0007020071634810282,0.9202408287723162,0.9207067516231195,0.0004659228508033797,0.9012524,1.899918,False,134,dataset/rising_bubble/case1/N0256/imax02/nn,f84b1463b70a1aad09bbf8041d3a7f0f58672c304172b621418c3e1163227d79,67ddb21e1fb54928cf235fb340bac8a61c4fee0811b0a3945783407b78c4e1c6
rising_case1,clsvof,256,3,3.0,1632,0.002168239,3.0,8.59636e-05,0.00034264083702441464,0.0006491741007435152,0.9203079623297373,0.9207067516231195,0.0003987892933822179,0.9012524,1.899918,False,133,dataset/rising_bubble/case1/N0256/imax03/clsvof,236fb8c0fe0416d07243d7679c50bdd08a4d069c6a79362b4f01f04c713f88ee,639fd8ceb41454f11d2f7804a633171a2d1ceca30e6e7cbd762ae9e65a77cb18
rising_case1,nn,256,3,3.0,1632,0.002168239,3.0,8.40183e-05,0.0003438969275185819,0.000650873197526184,0.920221640968297,0.9207067516231195,0.00048511065482259585,0.9012524,1.899918,False,134,dataset/rising_bubble/case1/N0256/imax03/nn,046ae2c6b4cddfaa4870db80fad9fc6b6b975f2ff3eb2f9e2d308717346e6c80,ee0c59b5f36b8fe485cd5791576dcb6a216060cf629ea68c6acf4ba70a45106c
rising_case1,clsvof,256,4,3.0,1632,0.002168239,3.0,8.10892e-05,0.0003337426225577401,0.0006263823470553337,0.9201995431681568,0.9207067516231195,0.0005072084549627709,0.9012524,1.899918,False,133,dataset/rising_bubble/case1/N0256/imax04/clsvof,8ce5c2a9540827a8d59b0c73333050b9a5b8aaede9a21f20ca70590f3416981d,8a9ae2cb304467c8bbc803490be2240d6dd4d2ce40af14783247302a92293321
rising_case1,nn,256,4,3.0,1632,0.002168239,3.0,8.29841e-05,0.0003347473979073667,0.0006277346111738777,0.9202485794685944,0.9207067516231195,0.00045817215452514937,0.9012524,1.899918,False,133,dataset/rising_bubble/case1/N0256/imax04/nn,b876a7f6b17ecddbec2a4da0044f9b2b0dca3edcd214c994a45bf1ebf4cdf65e,eedd4474f0e3279c422b23a3e4f365bcf0a80a083c594c38b7c9e011d0d733c7
rising_case1,clsvof,256,5,3.0,1632,0.002168239,3.0,8.5063e-05,0.0003291107518269696,0.0006155362936713525,0.920168588094951,0.9207067516231195,0.0005381635281686004,0.9012524,1.899918,False,133,dataset/rising_bubble/case1/N0256/imax05/clsvof,cb8a479539093ecd2a082c0c80f124fc4ad3972a24a27cb498339f3b8426ba12,ed2692123cb496efd39a1d40a3ec3d52bf6db04fde056c6cc88640f72f25bd07
rising_case1,nn,256,5,3.0,1632,0.002168239,3.0,8.46108e-05,0.00033047620483970115,0.0006169238334692214,0.9201757166237228,0.9207067516231195,0.0005310349993967733,0.9012524,1.899918,False,133,dataset/rising_bubble/case1/N0256/imax05/nn,86bab5e0cecc2b868ee705e25f8f642ff976eb9204ba69363dc3f2cd349c827d,2c12fc2a1eda5ac4f0cab5efda6728e964f72193f04d2ec34cc50703c76f2082
rising_case1,clsvof,512,0,3.0,4611,0.002168239,3.0,8.06666e-05,0.032509498827506526,0.03898329411384802,0.9904259753206933,0.9207067516231195,0.06971922369757377,0.9012524,1.899918,False,265,dataset/rising_bubble/case1/N0512/imax00/clsvof,35d6422ada096c5b655cc38dd1f28cb5cda180d85114aaa3e6659dc75ba4621f,daf9faa555b5b8ea0a1e4a514f1be013a3b440d74159d3220b040389075dcb9e
rising_case1,nn,512,0,3.0,4609,0.002168239,3.0,0.000140042,0.03261362174557604,0.03926778038024369,1.0015523816340266,0.9207067516231195,0.08084563001090705,0.9012524,1.899918,False,259,dataset/rising_bubble/case1/N0512/imax00/nn,4c74307cc16e14507c3275e38ddbfabb8eda91461f5b910a4f22e30a5ac9313b,bf1f514329ee01985fd930b53a483330b188027f8d32400da39feb60cc63b011
rising_case1,clsvof,512,1,3.0,4598,0.002168239,3.0,5.27802e-05,0.0001922754499804027,0.000300590165165256,0.9206079124157722,0.9207067516231195,9.883920734732321e-05,0.9012524,1.899918,False,269,dataset/rising_bubble/case1/N0512/imax01/clsvof,fb36aeaa59653372c05a9f001fcfd1fef85cbab787284cee3a706f1b29c054bc,dacc1b7db81d2038bbdc1bf94e777ed228e26bfc619175f13142a2b29dfbe0db
rising_case1,nn,512,1,3.0,4598,0.002168239,3.0,5.26282e-05,0.0001918129685457663,0.000298478352987486,0.9205921687820999,0.9207067516231195,0.00011458284101961702,0.9012524,1.899918,False,269,dataset/rising_bubble/case1/N0512/imax01/nn,287c7abb398edd321b52af631ea7507e12e9de9fcd988cbdc783def5c4d6c228,67f0b6d3c32f4dda321a84270053a62e2f391b569193ed37ab4208299c2c60be
rising_case1,clsvof,512,2,3.0,4598,0.002168239,3.0,5.25465e-05,0.00017209148790508813,0.00024193259293399448,0.9206249792166911,0.9207067516231195,8.177240642848194e-05,0.9012524,1.899918,False,269,dataset/rising_bubble/case1/N0512/imax02/clsvof,3559b6ec86decdab485071b8be6cdb46f094b3fbc7081022b407b608fa80b71c,80d6789bb0d9b652f94c9ec8050d9987f3b0fc1350a8a00f4795fd039627a42c
rising_case1,nn,512,2,3.0,4598,0.002168239,3.0,5.43107e-05,0.00017187078288946722,0.00024016934491266384,0.920616550309022,0.9207067516231195,9.020131409753773e-05,0.9012524,1.899918,False,269,dataset/rising_bubble/case1/N0512/imax02/nn,e5e57d2756e2dec9ff8601728cb2c1729756647cc0d920868a6b461612bc97bd,1e10c43a3dda36cd4abf7d614201d55a45f190232301f09710438ff055441f8b
rising_case1,clsvof,512,3,3.0,4598,0.002168239,3.0,5.3588e-05,0.00016652632350461094,0.00022287874105798917,0.9205879145805935,0.9207067516231195,0.00011883704252602101,0.9012524,1.899918,False,268,dataset/rising_bubble/case1/N0512/imax03/clsvof,c5f46a7777e85754a6819207f0397dc840433c70257e0861c50036e77bb117eb,06b88f8cab679d114a36a9c029263263a63f40452cba78bcd2a8e9ffd2ee8130
rising_case1,nn,512,3,3.0,4598,0.002168239,3.0,5.37239e-05,0.0001663250838843331,0.0002214111259076952,0.9205974908321168,0.9207067516231195,0.00010926079100270769,0.9012524,1.899918,False,268,dataset/rising_bubble/case1/N0512/imax03/nn,82affa06cc35e9371d88922c13e3337f3611fc19154a4f6f6b32d9d9f73e9aae,46eaa218c1ae7dec0826636422e249461777b09846e9396e58a76a67d42a594d
rising_case1,clsvof,512,4,3.0,4598,0.002168239,3.0,5.36999e-05,0.00016427494073866387,0.00021447706787210163,0.9205977120381402,0.9207067516231195,0.0001090395849793202,0.9012524,1.899918,False,269,dataset/rising_bubble/case1/N0512/imax04/clsvof,d4e3a8c60aa3fec73b0efab9a55ec651dfa700a4151257b71d73dd3dcdad67c9,5b14c9f76e7c938d9ccfc2daa262462aec39d747369f8fd9cc30f6a8df9850ee
rising_case1,nn,512,4,3.0,4598,0.002168239,3.0,5.38314e-05,0.00016404357084331525,0.00021323922664190397,0.9206054321969808,0.9207067516231195,0.00010131942613877953,0.9012524,1.899918,False,269,dataset/rising_bubble/case1/N0512/imax04/nn,0008582b4570d2816de2b4ab14866ae37814edfff7ca6b235e0ea6a663906e4b,252d7814d9f5320d1dcab861d11a139b6d445d77c4c1a327ba526f43e1bbbc13
rising_case1,clsvof,512,5,3.0,4598,0.002168239,3.0,5.31915e-05,0.0001632546735015599,0.00021052157898060743,0.9206095525459195,0.9207067516231195,9.719907720007193e-05,0.9012524,1.899918,False,270,dataset/rising_bubble/case1/N0512/imax05/clsvof,a96ca64b99679380abcf2f462385341431f0015867f91d11a0417f62dc2debaa,7c2f04e8f8bfcdf047ab127961255c68e8c5c4613e3760e135ed5c0c1de5b56b
rising_case1,nn,512,5,3.0,4598,0.002168239,3.0,5.33375e-05,0.00016315214176314648,0.00020935646617510831,0.9206181937690587,0.9207067516231195,8.855785406081118e-05,0.9012524,1.899918,False,270,dataset/rising_bubble/case1/N0512/imax05/nn,c9ecd0694d86dcfe4fc792f1d3cc7c0c1a31484d46d839d05d3c1890f635a1d1,628387eba77aa0a91d3f2fa618d843f8aea5db0705ca3c570a5adfb1acde3769
rising_case2,clsvof,64,0,3.0,130,0.004336477,3.0,0.000875247,0.019652535024487883,0.026797030789367935,0.5564489370898211,0.514369906968917,0.04207903012090408,0.5144436,2.999439,False,56,dataset/rising_bubble/case2/N0064/imax00/clsvof,88c4c6b1c46c0429dbc2012fdbf20683d7dd4a7fd0bf9be38ded040facba2400,57f9c2108a0799c10b583e4805a54c6739c38d58d4dbf0f99e79289f4e0e1a9e
rising_case2,nn,64,0,3.0,130,0.004336477,3.0,0.000884826,0.01970717852329115,0.026849024026101967,0.5514384273727745,0.514369906968917,0.03706852040385744,0.5144436,2.999439,False,56,dataset/rising_bubble/case2/N0064/imax00/nn,d1269a70186eeee6bc57b2973ff3807bcdb734588b2f59cb403a81026042163a,c5966f02a7f108c7f44b5db19eb6c396bb0420a4b2c5e8134d1c3096f82c3cfa
rising_case2,clsvof,64,1,3.0,136,0.004336477,3.0,0.000922396,0.02358928363242488,0.026564033778171556,0.5132555496064889,0.514369906968917,0.0011143573624281533,0.5144436,2.999439,False,58,dataset/rising_bubble/case2/N0064/imax01/clsvof,072ca18b835b7b39b52ab6453b67b26d12f8fff04b62d90819dae5b13fef9469,191acab3ca902fc6d5e69befbef300ea667cd41d69b9a6c890f20eedf3cb72d5
rising_case2,nn,64,1,3.0,136,0.004336477,3.0,0.000941646,0.023590575975376463,0.026555611948072117,0.509065241204635,0.514369906968917,0.005304665764282013,0.5144436,2.999439,False,59,dataset/rising_bubble/case2/N0064/imax01/nn,17e7315d081d81c830a6e5af9cb10ae4ad7c3e3ce85c6696c7bef3dac8850a76,b3b9ef164184ae32032f9a1aafe630deca48406c50226522a18d0771a90e7e39
rising_case2,clsvof,64,2,3.0,136,0.004336477,3.0,0.000940497,0.02359428012108333,0.026498870259879126,0.5112082275488113,0.514369906968917,0.003161679420105701,0.5144436,2.999439,False,59,dataset/rising_bubble/case2/N0064/imax02/clsvof,bc3ba5a031279e76d99802e8a8f4bc29262c79484e5082345f452ec85d74e560,a1a622b968586cf2cf2143fff707770c5aad372adc3ae33eb3f0628c4b6ed358
rising_case2,nn,64,2,3.0,136,0.004336477,3.0,0.000928847,0.0235880081946575,0.026493660637958997,0.507834126022852,0.514369906968917,0.006535780946064995,0.5144436,2.999439,False,59,dataset/rising_bubble/case2/N0064/imax02/nn,600a409032bb98f0b1c739623b0aa129f8e1fec3e88473978dd96618680a8588,db371fd02af292fbff4016789a2860e5e82cdb3f6d43983ff68fd2c012412a2a
rising_case2,clsvof,64,3,3.0,136,0.004336477,3.0,0.000933564,0.02358662587529421,0.026488305477716127,0.510135343893689,0.514369906968917,0.0042345630752280705,0.5144436,2.999439,False,59,dataset/rising_bubble/case2/N0064/imax03/clsvof,d98694ca987bace88417140241daef116b895942fd30e8ef3561dd49acc4642e,53dcb7331b4bb016f6b2d25ffc12bb13bd6668f8a50734df3c5b92759d540312
rising_case2,nn,64,3,3.0,136,0.004336477,3.0,0.000916981,0.023570649106186444,0.026456173084871446,0.5077970400948864,0.514369906968917,0.006572866874030692,0.5144436,2.999439,False,59,dataset/rising_bubble/case2/N0064/imax03/nn,b355f619e4e7c0d69ddcdf7533de0b91584d095b7f913689d199362e5a354829,39a7a0bf28c5aa6530cffe34d165d3a9a1ffeeaff42807caa5f74d12ed42e9ba
rising_case2,clsvof,64,4,3.0,136,0.004336477,3.0,0.000916603,0.023575033362359683,0.026458770125041914,0.5094564471351516,0.514369906968917,0.0049134598337654545,0.5144436,2.999439,False,59,dataset/rising_bubble/case2/N0064/imax04/clsvof,73d6cb4b42d6e0fe837c8df9602f715232e7598fd1a0d935a03e6c2d9e1201b1,61541afc66b7bab81f68c8cb7e412abe7002ce4b8503c76ba630744a19d2b20c
rising_case2,nn,64,4,3.0,136,0.004336477,3.0,0.000922067,0.02354613972024179,0.026446098708720823,0.5082989049740406,0.514369906968917,0.006071001994876424,0.5144436,2.999439,False,59,dataset/rising_bubble/case2/N0064/imax04/nn,8eea0d9a49591e590d0f0b69745b34b038fd67db25aa16e5570d1739655a6a92,12d0dd1cacd11760b677f9e53861671c17880347423eacd49ade8a20bb2f6e89
rising_case2,clsvof,64,5,3.0,136,0.004336477,3.0,0.000940552,0.023564860111672213,0.026456169164713446,0.5088415046696656,0.514369906968917,0.005528402299251445,0.5144436,2.999439,False,59,dataset/rising_bubble/case2/N0064/imax05/clsvof,2ad055358bcabef5dd73016523488299077554bdc65eb6b00fbe32b1da650cba,83c695aef85eb09b08ebc99f76c349b7bc72b7dfee4cbc42c1751799b1a7f934
rising_case2,nn,64,5,3.0,136,0.004336477,3.0,0.000942547,0.02354045362524453,0.02647187905036423,0.5089347675292251,0.514369906968917,0.005435139439691983,0.5144436,2.999439,False,59,dataset/rising_bubble/case2/N0064/imax05/nn,e28404b55af726b66ea1599a3cffdef2f04870c273d5092094cb48b4da0d1879,e3aa040be6b5c2333858611d52f0296f5b11ea9667b59202b2814fbbbe5aa120
rising_case2,clsvof,128,0,3.0,250,0.004336477,3.0,0.000390976,0.01473970620215811,0.01527228920354512,0.5489247647191869,0.514369906968917,0.034554857750269896,0.5144436,2.999439,False,111,dataset/rising_bubble/case2/N0128/imax00/clsvof,50a2461d836994395d58eb24dac315ac0c08ae33910536d1f3d347c3dd4d8f6d,c7fc048a3d02fd9eb9c50a1895a762f693c491c107ff49b40dc91c05b025cf9e
rising_case2,nn,128,0,3.0,249,0.004336477,3.0,0.000414344,0.015042997438416817,0.01571616579123575,0.5474161442979943,0.514369906968917,0.0330462373290773,0.5144436,2.999439,False,108,dataset/rising_bubble/case2/N0128/imax00/nn,2ea41e606ba83ad7db85d823cbdc931b5d678c55e41a13a5ab1b757a1b3c5155,52e6ddba23cf2344c166a0aa053d89d829fc47605e57b164f2547bdf2f5712c7
rising_case2,clsvof,128,1,3.0,270,0.004336477,3.0,0.000460591,0.02031541211476107,0.016502354919618163,0.4866921692716723,0.514369906968917,0.027677737697244742,0.5144436,2.999439,False,121,dataset/rising_bubble/case2/N0128/imax01/clsvof,05073e94e74cde5e9b8afcad1a7f5649f3d920f2287f5e5c4cf44165d43759cc,45045ea1da7557bf379906d15c51e3e8f89536c4e13592b6c808319f41d93fc0
rising_case2,nn,128,1,3.0,269,0.004336477,3.0,0.000449665,0.020332454549814458,0.016423201457016576,0.4862311689874117,0.514369906968917,0.028138737981505346,0.5144436,2.999439,False,120,dataset/rising_bubble/case2/N0128/imax01/nn,3645fb4f772a8c861067cdccb21371720729471d5b817cbca55c9a308407e7be,06b1999f3cde8e5bd25aa00fdd48e218a31556804758b5e217fd2e184f6fbb70
rising_case2,clsvof,128,2,3.0,269,0.004336477,3.0,0.000462918,0.02034266309192275,0.016398546551217627,0.48791537181146205,0.514369906968917,0.026454535157454995,0.5144436,2.999439,False,121,dataset/rising_bubble/case2/N0128/imax02/clsvof,52042a4f62d524d7371eb6c1e23538be7e98021ccac66beac5c92556ca7a14c2,8a04b8b380c99c9b56d26a03f916316c355009da72055d684968751d5d7b3b43
rising_case2,nn,128,2,3.0,269,0.004336477,3.0,0.000436235,0.020342231883590627,0.01641329937990571,0.4879153851270393,0.514369906968917,0.026454521841877743,0.5144436,2.999439,False,119,dataset/rising_bubble/case2/N0128/imax02/nn,636b5b036025e883390173eb3b831ef3cd2159861ea74d4830e370e9c0cd85f2,3bfa935939db9dc085d92e23fc42ef1c5cd047c7dfede8680f45f6b2ad2eb885
rising_case2,clsvof,128,3,3.0,271,0.004336477,3.0,0.00045489,0.020314112178699925,0.016352743696208157,0.4857874469838915,0.514369906968917,0.028582459985025566,0.5144436,2.999439,False,120,dataset/rising_bubble/case2/N0128/imax03/clsvof,7077793c152db497d6ece5d21615db6e8820d0e51618231b7c8afd8a449b9a24,ae0372427e743fff3f22d40a322a8e4389f9e7c8c81732e74d3c68b5288cf367
rising_case2,nn,128,3,3.0,268,0.004336477,3.0,0.000462358,0.020331396915612154,0.016325949352945214,0.48556988640857285,0.514369906968917,0.028800020560344197,0.5144436,2.999439,False,119,dataset/rising_bubble/case2/N0128/imax03/nn,b6f33307c53fd469b44efb4ac48d939acfdb0ebdb9ea136fc71ec0808029878c,a1e69696ebd9b7eda136e112e0e243d2860706708fdc1b17513a6575173a5c6c
rising_case2,clsvof,128,4,3.0,271,0.004336477,3.0,0.000453576,0.02028452508373707,0.016317600258196275,0.4856401317336828,0.514369906968917,0.028729775235234234,0.5144436,2.999439,False,118,dataset/rising_bubble/case2/N0128/imax04/clsvof,f13431221720f830d190da70145a1adfb2f43789c326c9c130534fb3a1e9c8de,d20dbc95a49fba02d9ae54b845fbd6158f0b05cd1c50920ef63a43b0c71934e4
rising_case2,nn,128,4,3.0,271,0.004336477,3.0,0.000465735,0.020297402796758873,0.016325403816769467,0.4857390566789618,0.514369906968917,0.028630850289955267,0.5144436,2.999439,False,118,dataset/rising_bubble/case2/N0128/imax04/nn,e0ba38b1b9a1ff20ccba95753b8777ec637a7149fad6c77e3d825f95a759bde0,30fc50b8dee44b1e04889cffe4ca931e63097ac618f6061ff09532f045053c9a
rising_case2,clsvof,128,5,3.0,271,0.004336477,3.0,0.000464723,0.020277411487935867,0.0163068110537349,0.48593952517982525,0.514369906968917,0.028430381789091796,0.5144436,2.999439,False,118,dataset/rising_bubble/case2/N0128/imax05/clsvof,e7e694dd0574df082cf649c8b0fce9642ae92200f83a0c26808e301c814257bd,2f21db9d2ef295c826e4a7cca45f21635eb288fa963877460263efac0e1fc81f
rising_case2,nn,128,5,3.0,271,0.004336477,3.0,0.000464522,0.020271700573093198,0.016307635095894436,0.48636813010952457,0.514369906968917,0.02800177685939248,0.5144436,2.999439,False,118,dataset/rising_bubble/case2/N0128/imax05/nn,8c7f8c70534dda708a36bd1c0c6a5e6620a19595ba00c0d42d689cf5e0e9d5b3,bf7b5dd60ab95fecc8c3d53f322b294a2ec13b8ab0a9bb8d51278d5db70b7915
rising_case2,clsvof,256,0,3.0,672,0.004336477,3.0,0.000129623,0.03172789818063812,0.00845950020038265,0.5517076955953156,0.514369906968917,0.03733778862639858,0.5144436,2.999439,False,230,dataset/rising_bubble/case2/N0256/imax00/clsvof,c6649560fad347683aaa10705d7160eeb23c3447033f7454dcdfffc7ba34af96,c3dbd222132b5928682887dca4cae0d956f01f59c7406a9f73a99d5214a194ff
rising_case2,nn,256,0,3.0,663,0.004336477,3.0,0.000128484,0.03494303240736966,0.016097454664519634,0.5436656798541213,0.514369906968917,0.02929577288520424,0.5144436,2.999439,False,219,dataset/rising_bubble/case2/N0256/imax00/nn,46fb1a552dfa3ac33e6ffe5b12674c357284deb5afe535d7d8af9325996f1047,e935ec3e418640162e38adf540d264aec7f61c878a08ba44144909466beb6911
rising_case2,clsvof,256,1,3.0,586,0.004336477,3.0,0.000183818,0.013978426650751519,0.009084983601673717,0.47962437282292364,0.514369906968917,0.034745534145993406,0.5144436,2.999439,False,240,dataset/rising_bubble/case2/N0256/imax01/clsvof,0a67e03cdb06b506ca91d5e8ef3f4c8555a2a6c6f55a75a3d1f490d7b4778599,d62c09f11a47f94f3e4af2d3a247aebdaae9963720dc58d80c8716a67653a020
rising_case2,nn,256,1,3.0,585,0.004336477,3.0,0.000182852,0.013962517061318616,0.009051848577180353,0.479495324702716,0.514369906968917,0.03487458226620105,0.5144436,2.999439,False,241,dataset/rising_bubble/case2/N0256/imax01/nn,c373c1638fd1faae2d690954f18e459d7ba0ad6e1da46c044d2548e54a797f07,e2349593dbdc87291a7ad65fa1dbf5b4e4ee263b31324ecf9db969da844f5d5c
rising_case2,clsvof,256,2,3.0,584,0.004336477,3.0,0.000184738,0.013975130734466514,0.009028337712909286,0.4795149607354701,0.514369906968917,0.034854946233446926,0.5144436,2.999439,False,241,dataset/rising_bubble/case2/N0256/imax02/clsvof,8711de08a01819c0a13068fc55335c403c0abecaff1ed334f6cf73afcb916f52,5469705b0a82333bed1c28069847bf4325d28e71f21999843086b6bc53afc6c4
rising_case2,nn,256,2,3.0,584,0.004336477,3.0,0.000180927,0.013966554643266665,0.009019100523493122,0.479505962619892,0.514369906968917,0.03486394434902507,0.5144436,2.999439,False,240,dataset/rising_bubble/case2/N0256/imax02/nn,f71d6b22e233755006da3d1055a50d45a2b6315e895652bd84d27c0401b2ce17,6866dd95c451fa3e65c5d5af8ceb5bedbceb376dc3f1df78b215d6f2f943be5a
rising_case2,clsvof,256,3,3.0,583,0.004336477,3.0,0.0001851,0.013976622074665558,0.009014041877277822,0.47926100674688316,0.514369906968917,0.03510890022203389,0.5144436,2.999439,False,241,dataset/rising_bubble/case2/N0256/imax03/clsvof,5ab05f6c9a60ab087bdc9b7a2c778d4f5708d65c0813ef8409ae3278c72295a2,c63b3ecd7a5693d2045fd1b5f0750a751bd6aa36b8dd5564b478d6ab681d6340
rising_case2,nn,256,3,3.0,584,0.004336477,3.0,0.000182146,0.013962447935369349,0.009008050978262964,0.4794057378483117,0.514369906968917,0.03496416912060535,0.5144436,2.999439,False,240,dataset/rising_bubble/case2/N0256/imax03/nn,3bf90110d72f33f90349c0be709d52ca5a8d08d447a43fcded490409f168d2d6,6096ed9a53b74709f2cef1aae4ba28ff0cbe3466ecc4e8739e4bf95c5ad139c4
rising_case2,clsvof,256,4,3.0,580,0.004336477,3.0,0.000187937,0.013983508431056418,0.009033711503372389,0.47948166287284916,0.514369906968917,0.03488824409606789,0.5144436,2.999439,False,241,dataset/rising_bubble/case2/N0256/imax04/clsvof,abac509cf01855f6fa8dc2e787d57a97f2478872d590157e0affbc403733df06,1bf5a56f737c28be3be10a6a0e9727f00ab2e2c78f32fdf240c0f9d7676e2a2a
rising_case2,nn,256,4,3.0,584,0.004336477,3.0,0.000183143,0.013958593468400726,0.008997919572181275,0.47932128944418817,0.514369906968917,0.035048617524728876,0.5144436,2.999439,False,241,dataset/rising_bubble/case2/N0256/imax04/nn,2fd1a9d2cf0d194395bf27831c55ec1257ace6d5f3414e53891fda2fd395bc50,8b711977b85774e9d7a37135162b77949ad5fc3440f1d0838c67b61cd6e86bbc
rising_case2,clsvof,256,5,3.0,582,0.004336477,3.0,0.000183184,0.013992413974723512,0.009054556172410286,0.47943435157280584,0.514369906968917,0.034935555396111206,0.5144436,2.999439,False,241,dataset/rising_bubble/case2/N0256/imax05/clsvof,f5f80377fe12b6edcea7076e31d4858d7d178012f18e9bab0a0d4b379ed9360a,be811322d4cf2e0f741d27d7d9c1b675029347bd0c756ac4cf9cb30f330c1583
rising_case2,nn,256,5,3.0,582,0.004336477,3.0,0.000184522,0.01397986284272539,0.009032056193299587,0.4793946838464664,0.514369906968917,0.03497522312245066,0.5144436,2.999439,False,241,dataset/rising_bubble/case2/N0256/imax05/nn,76c65125cb80e86d73fc9b32ce84ec60d7f4fb8167d15fe65ad18a2e96bbe72f,1f4876753325f5b7791f28b774f5616486b61e9e379feee5b18354358c258018
rising_case2,clsvof,512,0,3.0,1955,0.004336477,3.0,2.91905e-05,0.04220538909055659,0.022013934407392268,0.5327195964830012,0.514369906968917,0.01834968951408411,0.5144436,2.999439,False,483,dataset/rising_bubble/case2/N0512/imax00/clsvof,11ef045cb50eb9f84c857db6c003043e3736bf83ae17a233af2912f02334a65f,d19e64acc312032394fc16593488973fec2d7270ec6254ce5a08a46d662246c5
rising_case2,nn,512,0,3.0,1938,0.004336477,3.0,3.1879e-05,0.034334385937074156,0.019207467740903976,0.5461569913264096,0.514369906968917,0.03178708435749256,0.5144436,2.999439,False,487,dataset/rising_bubble/case2/N0512/imax00/nn,82db52c119a4cc3da4372de410857225bb34c64f31b049dd44fa515270da342a,c2c2120eec89b43397b78d79ed623087d1525f46f479bda5780e6a59dd3c4e52
rising_case2,clsvof,512,1,3.0,1429,0.004336477,3.0,4.72392e-05,0.0079632832487901,0.004741917350910769,0.4839126584783219,0.514369906968917,0.030457248490595168,0.5144436,2.999439,False,480,dataset/rising_bubble/case2/N0512/imax01/clsvof,6560d696bbacd3399fc4e8d046f568052677fc6ea77e2b4aab62d726c4471e80,c91163fb356fd6670959997306c4c00c6523cc761d0d566f715bcb2ca7251078
rising_case2,nn,512,1,3.0,1433,0.004336477,3.0,4.63776e-05,0.007980807961752441,0.004762893160628623,0.48374020916959704,0.514369906968917,0.03062969779932001,0.5144436,2.999439,False,482,dataset/rising_bubble/case2/N0512/imax01/nn,ef581f24aa4670c1a994016080fc10147bd9b52bc52e49d75921486060b69ad8,a40bd1c4a478fb4564f198a06a24d91431e5efcf5fb4964934edffa27a124499
rising_case2,clsvof,512,2,3.0,1428,0.004336477,3.0,4.54631e-05,0.00793566761146508,0.0046907937078378556,0.48415241998549013,0.514369906968917,0.03021748698342691,0.5144436,2.999439,False,480,dataset/rising_bubble/case2/N0512/imax02/clsvof,789c681b992825f4149211f7f3ba4ad1cb7109bfa0f04405eb8371bdcd9694a6,18fe617db97c33ce179d149381258e2a68c01632c5a8b684d9272fad0905613b
rising_case2,nn,512,2,3.0,1435,0.004336477,3.0,4.72189e-05,0.00796658543702004,0.004732939425412386,0.48393593122417883,0.514369906968917,0.030433975744738218,0.5144436,2.999439,False,480,dataset/rising_bubble/case2/N0512/imax02/nn,399907efdccfdad1d93ceb6c188be5ec00cab83d1a59c0faddd2c8bbf8a1ece6,10595699309fc81957198fa5df41a122f8a923f7dadf7c0791d64518c0712e70
rising_case2,clsvof,512,3,3.0,1430,0.004336477,3.0,4.62428e-05,0.007952397268721796,0.004724165665639799,0.4842093095706537,0.514369906968917,0.030160597398263322,0.5144436,2.999439,False,479,dataset/rising_bubble/case2/N0512/imax03/clsvof,5295c84940c8cf04140d50949a2385ff6818f7f6ae151bfaccbfbaf0aa008142,fafc6576d6ca8a58330aa3ba24c8b10e1f81232af4b70cce335f4fb8230ad3c3
rising_case2,nn,512,3,3.0,1432,0.004336477,3.0,4.67936e-05,0.007942180540048804,0.004718794984031008,0.4841262465365699,0.514369906968917,0.030243660432347164,0.5144436,2.999439,False,479,dataset/rising_bubble/case2/N0512/imax03/nn,60b8cd0c56e09727bbed9ed10961895a9254a39f83155f99c5cbcc139353aa6d,204ff0b1aae9a5bdcc47d197fadbba10209f29df3cdc38f59ef636aef4f7c29a
rising_case2,clsvof,512,4,3.0,1430,0.004336477,3.0,4.55496e-05,0.007939868159007272,0.004719298471672505,0.484237479752055,0.514369906968917,0.030132427216862046,0.5144436,2.999439,False,479,dataset/rising_bubble/case2/N0512/imax04/clsvof,9380a8b58b971bf86ae46e2065dd89b0dcb0064e31ab526b71d71e7c555d390b,007a4b9d2d3bdf3081a651ade02dffdc45c12267d70c03e08fe0f62bfc0a8a92
rising_case2,nn,512,4,3.0,1436,0.004336477,3.0,4.60705e-05,0.007945980706140254,0.00470923974061289,0.48401719284257333,0.514369906968917,0.030352714126343716,0.5144436,2.999439,False,479,dataset/rising_bubble/case2/N0512/imax04/nn,f0be1f10bc7da4511cb25aac6ccff7463bd48fa898359d6bbe6d93aaffa381ff,97a1eeaa80eb5a9f211eca93343697330c8f0dc3754e9ba32ac5586eb18f2665
rising_case2,clsvof,512,5,3.0,1432,0.004336477,3.0,4.51909e-05,0.007938710322584258,0.004716906184002409,0.4842809674006461,0.514369906968917,0.030088939568270967,0.5144436,2.999439,False,479,dataset/rising_bubble/case2/N0512/imax05/clsvof,0d8059b2a841687e0919ee69984f4e7b228584ee57f59453c3c17fd5b5cb55b2,e586491add613b02308c7a10d5e1c56d6f5730cc276af98a6884b13eaa611c08
rising_case2,nn,512,5,3.0,1433,0.004336477,3.0,4.69181e-05,0.00793495048405646,0.004698564581575582,0.4841530481593148,0.514369906968917,0.03021685880960223,0.5144436,2.999439,False,479,dataset/rising_bubble/case2/N0512/imax05/nn,cc8f698bbda1773f5812ec262b9a9e979169d92d95ebe6ec3484c947b571add7,2e01f095e92ba018d476f2754454e0976f4e8c8bf8e57285b371d32c6ff39af9
