benchmark,resolution,imax,terminal_time_clsvof,terminal_time_nn,circularity_final_clsvof,circularity_final_nn,reference_circularity_final,max_abs_relative_volume_error_clsvof,max_abs_relative_volume_error_nn,max_abs_relative_volume_error_nn_improvement_percent,velocity_reference_rmse_clsvof,velocity_reference_rmse_nn,velocity_reference_rmse_nn_improvement_percent,center_reference_rmse_clsvof,center_reference_rmse_nn,center_reference_rmse_nn_improvement_percent,circularity_final_abs_error_clsvof,circularity_final_abs_error_nn,circularity_final_abs_error_nn_improvement_percent
rising_case1,64,0,3.0,3.0,0.9729615330349916,0.9722927389132341,0.9207067516231195,0.000448822,0.000429655,4.270512586281422,0.03122915808277847,0.031157686267647543,0.22886244624808402,0.050557570679049736,0.05049181531020342,0.13006038059807978,0.05225478141187201,0.05158598729011454,1.279871628370297
rising_case1,64,1,3.0,3.0,0.9220412535257185,0.9220220331134289,0.9207067516231195,0.000327223,0.000368896,-12.735351732610479,0.0025051365125041227,0.002501016586564388,0.16445913901978382,0.005686995867766609,0.005690936473612508,-0.06929151941598052,0.0013345019025989835,0.0013152814903093502,1.44026863147973
rising_case1,64,2,3.0,3.0,0.920570592405226,0.9206419384612607,0.9207067516231195,0.000252803,0.000285227,-12.82579716221721,0.0019975505628046413,0.001998883643794239,-0.06673578203328204,0.004784561634488879,0.00478184538151232,0.05677119836808145,0.0001361592178935611,6.481316185880104e-05,52.398990783373165
rising_case1,64,3,3.0,3.0,0.9199686633792029,0.9201306158821194,0.9207067516231195,0.000374321,0.000423266,-13.075675690116237,0.001863416294093091,0.0018568336512669243,0.3532566956204678,0.004524351686244166,0.004508767918448872,0.3444420079604951,0.0007380882439166347,0.0005761357410001278,21.942159931597438
rising_case1,64,4,3.0,3.0,0.9197349426172553,0.9198927943070095,0.9207067516231195,0.00033468,0.000486364,-45.322098721166476,0.0018060944427897765,0.0017992006806241418,0.3816944453351079,0.0044188467634875455,0.00440107838352315,0.4021044610827806,0.0009718090058642437,0.0008139573161100033,16.2430774773342
rising_case1,64,5,3.0,3.0,0.9196220276179936,0.9197360488361347,0.9207067516231195,0.000336769,0.00038864,-15.40254595880262,0.001778138328273614,0.0017713069770429858,0.38418559017625864,0.004373499369286222,0.004354388520638162,0.43696927870322155,0.0010847240051259366,0.0009707027869848561,10.511541885517929
rising_case1,128,0,3.0,3.0,1.0102084940179739,1.0080199060289203,0.9207067516231195,6.0227e-05,0.000135999,-125.81068291630004,0.0281416671789497,0.02823602628317786,-0.33530033465373815,0.04412784088907812,0.04418926505327231,-0.1391959428710531,0.08950174239485431,0.08731315440580079,2.445302103056435
rising_case1,128,1,3.0,3.0,0.9204890771315272,0.9205020705951269,0.9207067516231195,7.71008e-05,7.21249e-05,6.453759234664242,0.0010371457253456394,0.0010386727668854467,-0.147235002998095,0.0022987731040068453,0.0023019236542583155,-0.137053554610443,0.00021767449159237895,0.0002046810279926481,5.969217387245652
rising_case1,128,2,3.0,3.0,0.9201596853118812,0.9201473662276616,0.9207067516231195,6.08963e-05,6.44112e-05,-5.771943451408382,0.0008265819664220121,0.0008276989485374104,-0.13513264996976254,0.0019018538394811612,0.0019051987492406546,-0.1758762787158191,0.0005470663112383534,0.0005593853954579675,-2.2518447885647253
rising_case1,128,3,3.0,3.0,0.9199098766162144,0.9199479168823003,0.9207067516231195,7.61698e-05,6.14983e-05,19.26157085879181,0.0007566486575425716,0.0007581389872164113,-0.19696455666490764,0.0017663254210041454,0.0017702722509879015,-0.22344863165205145,0.0007968750069051733,0.0007588347408192808,4.773680408628906
rising_case1,128,4,3.0,3.0,0.9198191488683166,0.9197936035765324,0.9207067516231195,5.99314e-05,7.01742e-05,-17.09087389915803,0.0007272303422870117,0.0007280955238138256,-0.11896939339647111,0.0017089365349960747,0.0017142035217404695,-0.30820259480302603,0.0008876027548029297,0.0009131480465871533,-2.878009520136663
rising_case1,128,5,3.0,3.0,0.9197890294056801,0.9197935659800056,0.9207067516231195,9.01516e-05,5.89842e-05,34.57220947825663,0.000713547614945917,0.000713109454450941,0.061405922435771976,0.001682420117018425,0.0016847419798088341,-0.1380073126160671,0.000917722217439465,0.000913185643113934,0.4943297916648998
rising_case1,256,0,3.0,3.0,1.004221346280351,1.0044480405089269,0.9207067516231195,4.14735e-05,9.6102e-05,-131.71904951354477,0.028537864048193258,0.02918002896117927,-2.250220660879019,0.040559079322604386,0.04098251970283798,-1.0440088564771735,0.08351459465723154,0.08374128888580734,-0.27144264964251635
rising_case1,256,1,3.0,3.0,0.920883910415551,0.9208575071451309,0.9207067516231195,8.56068e-05,8.68509e-05,-1.4532724035941196,0.0004328364717822655,0.00043369952429470586,-0.19939459096101583,0.0008561547316438337,0.0008565667343255188,-0.04812245572644302,0.00017715879243140886,0.00015075552201138098,14.903731312263556
rising_case1,256,2,3.0,3.0,0.9202587952001686,0.9202408287723162,0.9207067516231195,8.26786e-05,7.66983e-05,7.233189725031629,0.00036399703289621366,0.00036550198855309746,-0.41345272649871095,0.0007008986109389046,0.0007020071634810282,-0.1581616120823244,0.00044795642295092364,0.0004659228508033797,-4.010753486712343
rising_case1,256,3,3.0,3.0,0.9203079623297373,0.920221640968297,0.9207067516231195,8.59636e-05,8.40183e-05,2.2629345443885587,0.00034264083702441464,0.0003438969275185819,-0.36659100680336265,0.0006491741007435152,0.000650873197526184,-0.2617320655156845,0.0003987892933822179,0.00048511065482259585,-21.64585731684717
rising_case1,256,4,3.0,3.0,0.9201995431681568,0.9202485794685944,0.9207067516231195,8.10892e-05,8.29841e-05,-2.3368093408246735,0.0003337426225577401,0.0003347473979073667,-0.30106293943704177,0.0006263823470553337,0.0006277346111738777,-0.2158847746749422,0.0005072084549627709,0.00045817215452514937,9.667879144723798
rising_case1,256,5,3.0,3.0,0.920168588094951,0.9201757166237228,0.9207067516231195,8.5063e-05,8.46108e-05,0.5316059861514274,0.0003291107518269696,0.00033047620483970115,-0.41489164518376537,0.0006155362936713525,0.0006169238334692214,-0.2254196563443781,0.0005381635281686004,0.0005310349993967733,1.3246027273690923
rising_case1,512,0,3.0,3.0,0.9904259753206933,1.0015523816340266,0.9207067516231195,8.06666e-05,0.000140042,-73.60592859994098,0.032509498827506526,0.03261362174557604,-0.3202845993473613,0.03898329411384802,0.03926778038024369,-0.7297645641870267,0.06971922369757377,0.08084563001090705,-15.958878661066445
rising_case1,512,1,3.0,3.0,0.9206079124157722,0.9205921687820999,0.9207067516231195,5.27802e-05,5.26282e-05,0.28798678292238616,0.0001922754499804027,0.0001918129685457663,0.24053067340815149,0.000300590165165256,0.000298478352987486,0.7025553136806599,9.883920734732321e-05,0.00011458284101961702,-15.928530888527188
rising_case1,512,2,3.0,3.0,0.9206249792166911,0.920616550309022,0.9207067516231195,5.25465e-05,5.43107e-05,-3.357407248817712,0.00017209148790508813,0.00017187078288946722,0.12824865326438076,0.00024193259293399448,0.00024016934491266384,0.7288178909452253,8.177240642848194e-05,9.020131409753773e-05,-10.307765219588726
rising_case1,512,3,3.0,3.0,0.9205879145805935,0.9205974908321168,0.9207067516231195,5.3588e-05,5.37239e-05,-0.2536015525863996,0.00016652632350461094,0.0001663250838843331,0.12084553123054952,0.00022287874105798917,0.0002214111259076952,0.6584814430157402,0.00011883704252602101,0.00010926079100270769,8.058305154486208
rising_case1,512,4,3.0,3.0,0.9205977120381402,0.9206054321969808,0.9207067516231195,5.36999e-05,5.38314e-05,-0.24487941318327175,0.00016427494073866387,0.00016404357084331525,0.14084308556634714,0.00021447706787210163,0.00021323922664190397,0.5771438608699259,0.0001090395849793202,0.00010131942613877953,7.080143272743407
rising_case1,512,5,3.0,3.0,0.9206095525459195,0.9206181937690587,0.9207067516231195,5.31915e-05,5.33375e-05,-0.2744799451040141,0.0001632546735015599,0.00016315214176314648,0.06280477992714009,0.00021052157898060743,0.00020935646617510831,0.5534410349479881,9.719907720007193e-05,8.855785406081118e-05,8.8902316649302
rising_case2,64,0,3.0,3.0,0.5564489370898211,0.5514384273727745,0.514369906968917,0.000875247,0.000884826,-1.0944339140836827,0.019652535024487883,0.01970717852329115,-0.27804809270243264,0.026797030789367935,0.026849024026101967,-0.1940261111117611,0.04207903012090408,0.03706852040385744,11.907379287616974
rising_case2,64,1,3.0,3.0,0.5132555496064889,0.509065241204635,0.514369906968917,0.000922396,0.000941646,-2.0869561446493647,0.02358928363242488,0.023590575975376463,-0.005478517159407738,0.026564033778171556,0.026555611948072117,0.03170388266242561,0.0011143573624281533,0.005304665764282013,-376.0291395861822
rising_case2,64,2,3.0,3.0,0.5112082275488113,0.507834126022852,0.514369906968917,0.000940497,0.000928847,1.238706768867948,0.02359428012108333,0.0235880081946575,0.02658240214850248,0.026498870259879126,0.026493660637958997,0.019659788772266013,0.003161679420105701,0.006535780946064995,-106.71864783326109
rising_case2,64,3,3.0,3.0,0.510135343893689,0.5077970400948864,0.514369906968917,0.000933564,0.000916981,1.7763109974249252,0.02358662587529421,0.023570649106186444,0.06773656050778895,0.026488305477716127,0.026456173084871446,0.12130784610481471,0.0042345630752280705,0.006572866874030692,-55.219482087338655
rising_case2,64,4,3.0,3.0,0.5094564471351516,0.5082989049740406,0.514369906968917,0.000916603,0.000922067,-0.596114130108679,0.023575033362359683,0.02354613972024179,0.1225603445551185,0.026458770125041914,0.026446098708720823,0.0478911765785294,0.0049134598337654545,0.006071001994876424,-23.558596188296935
rising_case2,64,5,3.0,3.0,0.5088415046696656,0.5089347675292251,0.514369906968917,0.000940552,0.000942547,-0.21210948464305748,0.023564860111672213,0.02354045362524453,0.10357153113586652,0.026456169164713446,0.02647187905036423,-0.05938080284026138,0.005528402299251445,0.005435139439691983,1.6869767160774454
rising_case2,128,0,3.0,3.0,0.5489247647191869,0.5474161442979943,0.514369906968917,0.000390976,0.000414344,-5.976837452938276,0.01473970620215811,0.015042997438416817,-2.0576477719366038,0.01527228920354512,0.01571616579123575,-2.9064181654417305,0.034554857750269896,0.0330462373290773,4.3658707325479105
rising_case2,128,1,3.0,3.0,0.4866921692716723,0.4862311689874117,0.514369906968917,0.000460591,0.000449665,2.372169668968775,0.02031541211476107,0.020332454549814458,-0.08388919189586397,0.016502354919618163,0.016423201457016576,0.47964949843303295,0.027677737697244742,0.028138737981505346,-1.6655995851369594
rising_case2,128,2,3.0,3.0,0.48791537181146205,0.4879153851270393,0.514369906968917,0.000462918,0.000436235,5.764087808207933,0.02034266309192275,0.020342231883590627,0.002119724099917509,0.016398546551217627,0.01641329937990571,-0.08996424556289609,0.026454535157454995,0.026454521841877743,5.0333816764020086e-05
rising_case2,128,3,3.0,3.0,0.4857874469838915,0.48556988640857285,0.514369906968917,0.00045489,0.000462358,-1.641715579590671,0.020314112178699925,0.020331396915612154,-0.08508733613449361,0.016352743696208157,0.016325949352945214,0.16385227923039924,0.028582459985025566,0.028800020560344197,-0.761168127000308
rising_case2,128,4,3.0,3.0,0.4856401317336828,0.4857390566789618,0.514369906968917,0.000453576,0.000465735,-2.680697391396365,0.02028452508373707,0.020297402796758873,-0.06348540559190773,0.016317600258196275,0.016325403816769467,-0.047822954660702285,0.028729775235234234,0.028630850289955267,0.34432899133037687
rising_case2,128,5,3.0,3.0,0.48593952517982525,0.48636813010952457,0.514369906968917,0.000464723,0.000464522,0.0432515713661731,0.020277411487935867,0.020271700573093198,0.028163924404587592,0.0163068110537349,0.016307635095894436,-0.005053361793552544,0.028430381789091796,0.02800177685939248,1.5075595286721204
rising_case2,256,0,3.0,3.0,0.5517076955953156,0.5436656798541213,0.514369906968917,0.000129623,0.000128484,0.8787020821921961,0.03172789818063812,0.03494303240736966,-10.133461121271393,0.00845950020038265,0.016097454664519634,-90.28848375453074,0.03733778862639858,0.02929577288520424,21.538543221353155
rising_case2,256,1,3.0,3.0,0.47962437282292364,0.479495324702716,0.514369906968917,0.000183818,0.000182852,0.5255198076358158,0.013978426650751519,0.013962517061318616,0.11381530862093052,0.009084983601673717,0.009051848577180353,0.3647229972683672,0.034745534145993406,0.03487458226620105,-0.3714092282058728
rising_case2,256,2,3.0,3.0,0.4795149607354701,0.479505962619892,0.514369906968917,0.000184738,0.000180927,2.062921542941893,0.013975130734466514,0.013966554643266665,0.0613668048106232,0.009028337712909286,0.009019100523493122,0.10231329077285041,0.034854946233446926,0.03486394434902507,-0.02581589286603412
rising_case2,256,3,3.0,3.0,0.47926100674688316,0.4794057378483117,0.514369906968917,0.0001851,0.000182146,1.5958941112911935,0.013976622074665558,0.013962447935369349,0.10141319712651596,0.009014041877277822,0.009008050978262964,0.06646185026009016,0.03510890022203389,0.03496416912060535,0.41223479093118937
rising_case2,256,4,3.0,3.0,0.47948166287284916,0.47932128944418817,0.514369906968917,0.000187937,0.000183143,2.5508548077281192,0.013983508431056418,0.013958593468400726,0.17817390234025762,0.009033711503372389,0.008997919572181275,0.39620405386814217,0.03488824409606789,0.035048617524728876,-0.4596775584904316
rising_case2,256,5,3.0,3.0,0.47943435157280584,0.4793946838464664,0.514369906968917,0.000183184,0.000184522,-0.7304131365184767,0.013992413974723512,0.01397986284272539,0.08969954734611862,0.009054556172410286,0.009032056193299587,0.24849345105680473,0.034935555396111206,0.03497522312245066,-0.11354542926164438
rising_case2,512,0,3.0,3.0,0.5327195964830012,0.5461569913264096,0.514369906968917,2.91905e-05,3.1879e-05,-9.210188246175969,0.04220538909055659,0.034334385937074156,18.649284660293688,0.022013934407392268,0.019207467740903976,12.748591935232994,0.01834968951408411,0.03178708435749256,-73.22954883293646
rising_case2,512,1,3.0,3.0,0.4839126584783219,0.48374020916959704,0.514369906968917,4.72392e-05,4.63776e-05,1.823908956967939,0.0079632832487901,0.007980807961752441,-0.22006893908996925,0.004741917350910769,0.004762893160628623,-0.44234869917808856,0.030457248490595168,0.03062969779932001,-0.5662012074993994
rising_case2,512,2,3.0,3.0,0.48415241998549013,0.48393593122417883,0.514369906968917,4.54631e-05,4.72189e-05,-3.8620331653582816,0.00793566761146508,0.00796658543702004,-0.3896058538325236,0.0046907937078378556,0.004732939425412386,-0.8984773196081763,0.03021748698342691,0.030433975744738218,-0.7164353588703187
rising_case2,512,3,3.0,3.0,0.4842093095706537,0.4841262465365699,0.514369906968917,4.62428e-05,4.67936e-05,-1.1911043448926137,0.007952397268721796,0.007942180540048804,0.12847357001613027,0.004724165665639799,0.004718794984031008,0.11368529363510273,0.030160597398263322,0.030243660432347164,-0.2754024828719873
rising_case2,512,4,3.0,3.0,0.484237479752055,0.48401719284257333,0.514369906968917,4.55496e-05,4.60705e-05,-1.143588527670928,0.007939868159007272,0.007945980706140254,-0.07698549913637816,0.004719298471672505,0.00470923974061289,0.21314038770788446,0.030132427216862046,0.030352714126343716,-0.7310626120367711
rising_case2,512,5,3.0,3.0,0.4842809674006461,0.4841530481593148,0.514369906968917,4.51909e-05,4.69181e-05,-3.8220084131982306,0.007938710322584258,0.00793495048405646,0.047360822791356956,0.004716906184002409,0.004698564581575582,0.38884814985367644,0.030088939568270967,0.03021685880960223,-0.42513708747036244
