resolution,imax,ca_max_clsvof,ca_max_nn,ca_max_nn_improvement_percent,ca_final_clsvof,ca_final_nn,ca_final_nn_improvement_percent,terminal_time_clsvof,terminal_time_nn,last_delta_f_clsvof,last_delta_f_nn,endpoint_state_clsvof,endpoint_state_nn,audit_terminal_complete_pair,audit_scientific_valid_pair,endpoint_comparison_eligible
64,0,0.0001176571954486,0.000108925585011,7.421229449085849,2.7939875380896024e-09,5.094294477681216e-11,98.17669391569139,0.0648645,0.205025,1.51605e-10,1.07236e-10,converged_early,converged_early,False,False,True
64,1,4.685830380421738e-05,4.709510252324545e-05,-0.505350599154112,2.5258317026443652e-05,2.982185008848378e-05,-18.06744707995562,0.999987,0.999987,3.15694e-09,5.08642e-09,time_limit_reached,time_limit_reached,True,True,True
64,2,6.462213307631785e-05,6.440961672400583e-05,0.3288600084757869,2.613677272158902e-05,3.0932357573825504e-05,-18.34803746935183,0.999987,0.999987,2.68927e-09,4.75039e-09,time_limit_reached,time_limit_reached,True,True,True
64,3,7.759631115722147e-05,7.741364568429349e-05,0.23540484103409168,2.500408247266834e-05,2.854629553914716e-05,-14.166538885603071,0.999987,0.999987,3.34792e-09,3.87466e-09,time_limit_reached,time_limit_reached,True,True,True
64,4,8.444923322254028e-05,8.399398449016056e-05,0.5390797701857831,2.5671299834802544e-05,2.9505175163152876e-05,-14.934480735380422,0.999987,0.999987,6.01287e-09,5.75741e-09,time_limit_reached,time_limit_reached,True,True,True
64,5,8.81882612613493e-05,8.767614067008197e-05,0.5807128794042564,3.3430794019885314e-05,3.9189275128215885e-05,-17.22508028049023,0.999987,0.999987,7.20399e-09,6.27978e-09,time_limit_reached,time_limit_reached,True,True,True
128,0,0.0001370547898226,0.000135980340739,0.7839558799737776,6.443170820049189e-09,4.657239262919969e-10,92.7718209046576,0.0409853,0.123706,1.94336e-10,3.54186e-10,converged_early,converged_early,False,False,True
128,1,4.194514117630312e-05,4.189785446217184e-05,0.11273466438587341,1.271063224365072e-05,1.2707254621212771e-05,0.026573205590433614,0.999999,0.999999,7.97244e-06,3.40835e-06,time_limit_reached,time_limit_reached,True,True,True
128,2,7.063064953214951e-05,7.063174497726452e-05,-0.001550948663607607,1.051508637189126e-05,1.1596747135871046e-05,-10.286751109066142,0.999999,0.999999,4.01767e-10,7.23532e-10,time_limit_reached,time_limit_reached,True,True,True
128,3,8.589293859703097e-05,8.589047384552219e-05,0.002869562444874803,1.051919429107255e-05,1.1265101127301669e-05,-7.090912246598168,0.999999,0.999999,1.1019e-09,1.42231e-09,time_limit_reached,time_limit_reached,True,True,True
128,4,9.380844242390978e-05,9.380661668205146e-05,0.001946244720787991,9.947919663594665e-06,1.042133452746496e-05,-4.758933323545027,0.999999,0.999999,1.36381e-09,1.55056e-09,time_limit_reached,time_limit_reached,True,True,True
128,5,9.777304086931802e-05,9.777577948210556e-05,-0.0028009896830364536,1.003957190488386e-05,1.042653789176126e-05,-3.8544072450853806,0.999999,0.999999,1.54808e-09,1.70865e-09,time_limit_reached,time_limit_reached,True,True,True
256,0,8.886232515545232e-05,8.763871296198577e-05,1.3769752156788673,3.06016244361853e-09,4.69698566317626e-10,84.65118845906021,0.0845161,0.109269,1.00054e-10,1.56463e-10,converged_early,converged_early,False,False,True
256,1,2.3740395245411e-05,2.3907085477078408e-05,-0.702137558976112,8.323356300615756e-06,1.1761976774051772e-05,-41.3129073085773,1.0,1.0,6.63837e-06,8.08615e-06,time_limit_reached,time_limit_reached,True,True,True
256,2,3.981614359528054e-05,3.985630991616426e-05,-0.10087948569804579,6.795566384838721e-06,1.2038850526870632e-05,-77.15742654990412,1.0,1.0,2.1779e-05,1.19438e-05,time_limit_reached,time_limit_reached,True,True,True
256,3,4.8768029788052055e-05,4.880920026695786e-05,-0.08442104199151941,6.306851804195444e-06,1.187425989834033e-05,-88.27554962432023,1.0,1.0,1.29825e-05,1.27346e-05,time_limit_reached,time_limit_reached,True,True,True
256,4,5.365736648471485e-05,5.368694350282012e-05,-0.055122008482659086,9.914965023051434e-06,1.1831172390483256e-05,-19.3264158065793,1.0,1.0,1.07765e-05,1.29982e-05,time_limit_reached,time_limit_reached,True,True,True
256,5,5.625877477158563e-05,5.628771278004049e-05,-0.05143732435046644,1.1281350229840988e-05,1.1730026291530637e-05,-3.977148590802798,1.0,1.0,5.20001e-06,2.57836e-06,time_limit_reached,time_limit_reached,True,True,True
