N,t,i,imax,returned_steps,total_calls
128,0,0,4,4,1
128,0,0,4,4,2
128,0.00010017570730606473,1,4,4,3
128,0.00028409630002256068,2,4,4,4
128,0.00053489710827232784,3,4,4,5
128,0.00084839811858453682,4,4,4,6
128,0.0012141492972821139,5,4,4,7
128,0.0016713382706540854,6,4,4,8
128,0.002128527244026057,7,4,4,9
128,0.0025857162173980285,8,4,4,10
128,0.0030429051907699999,9,4,4,11
128,0.0036514862289239998,10,4,4,12
128,0.0042600672670779997,11,4,4,13
128,0.004868648305232,12,4,4,14
128,0.0054772293433860003,13,4,4,15
128,0.0060858103815399998,14,4,4,16
128,0.0068465366792325004,15,4,4,17
128,0.0076072629769250001,16,4,4,18
128,0.0083679892746174999,17,4,4,19
128,0.0091287155723100005,18,4,4,20
128,0.0098894418700024994,19,4,4,21
128,0.010650168167695,20,4,4,22
128,0.011410894465387501,21,4,4,23
128,0.01217162076308,22,4,4,24
128,0.012932347060772498,23,4,4,25
128,0.013693073358464999,24,4,4,26
128,0.0144537996561575,25,4,4,27
128,0.015214525953849999,26,4,4,28
128,0.016228827684106665,27,4,4,29
128,0.017243129414363331,28,4,4,30
128,0.018257431144619998,29,4,4,31
128,0.019271732874876664,30,4,4,32
128,0.02028603460513333,31,4,4,33
128,0.021300336335389997,32,4,4,34
128,0.022314638065646663,33,4,4,35
128,0.023328939795903329,34,4,4,36
128,0.024343241526159996,35,4,4,37
128,0.025357543256416662,36,4,4,38
128,0.026371844986673328,37,4,4,39
128,0.027386146716929995,38,4,4,40
128,0.028400448447186661,39,4,4,41
128,0.029414750177443327,40,4,4,42
128,0.030429051907699994,41,4,4,43
128,0.03144335363795666,42,4,4,44
128,0.032457655368213323,43,4,4,45
128,0.033471957098469993,44,4,4,46
128,0.034486258828726662,45,4,4,47
128,0.035500560558983332,46,4,4,48
128,0.036514862289239995,47,4,4,49
128,0.037529164019496665,48,4,4,50
128,0.038543465749753328,49,4,4,51
128,0.039557767480009998,50,4,4,52
128,0.040572069210266667,51,4,4,53
128,0.041586370940523337,52,4,4,54
128,0.04260067267078,53,4,4,55
128,0.04361497440103667,54,4,4,56
128,0.044629276131293333,55,4,4,57
128,0.045643577861550003,56,4,4,58
128,0.046657879591806672,57,4,4,59
128,0.047672181322063342,58,4,4,60
128,0.048686483052320005,59,4,4,61
128,0.049700784782576675,60,4,4,62
128,0.050715086512833338,61,4,4,63
128,0.051729388243090008,62,4,4,64
128,0.052743689973346677,63,4,4,65
128,0.053757991703603347,64,4,4,66
128,0.05477229343386001,65,4,4,67
128,0.05578659516411668,66,4,4,68
128,0.056800896894373343,67,4,4,69
128,0.057815198624630013,68,4,4,70
128,0.058829500354886682,69,4,4,71
128,0.059843802085143352,70,4,4,72
128,0.060858103815400015,71,4,4,73
128,0.061872405545656685,72,4,4,74
128,0.062886707275913348,73,4,4,75
128,0.063901009006170018,74,4,4,76
128,0.064915310736426687,75,4,4,77
128,0.065929612466683357,76,4,4,78
128,0.066943914196940013,77,4,4,79
128,0.067958215927196683,78,4,4,80
128,0.068972517657453353,79,4,4,81
128,0.069986819387710009,80,4,4,82
128,0.071001121117966678,81,4,4,83
128,0.072015422848223348,82,4,4,84
128,0.073029724578480004,83,4,4,85
128,0.074044026308736674,84,4,4,86
128,0.075058328038993344,85,4,4,87
128,0.07607262976925,86,4,4,88
128,0.07708693149950667,87,4,4,89
128,0.078101233229763339,88,4,4,90
128,0.079115534960019995,89,4,4,91
128,0.080129836690276665,90,4,4,92
128,0.081144138420533335,91,4,4,93
128,0.082158440150789991,92,4,4,94
128,0.083172741881046661,93,4,4,95
128,0.08418704361130333,94,4,4,96
128,0.085201345341559986,95,4,4,97
128,0.086215647071816656,96,4,4,98
128,0.087229948802073326,97,4,4,99
128,0.088244250532329982,98,4,4,100
128,0.089258552262586652,99,4,4,101
128,0.090272853992843322,100,4,4,102
128,0.091287155723099978,101,4,4,103
128,0.092301457453356647,102,4,4,104
128,0.093315759183613317,103,4,4,105
128,0.094330060913869973,104,4,4,106
128,0.095344362644126643,105,4,4,107
128,0.096358664374383313,106,4,4,108
128,0.097372966104639969,107,4,4,109
128,0.098387267834896638,108,4,4,110
128,0.099401569565153308,109,4,4,111
128,0.10041587129540996,110,4,4,112
128,0.10143017302566663,111,4,4,113
128,0.1024444747559233,112,4,4,114
128,0.10345877648617996,113,4,4,115
128,0.10447307821643663,114,4,4,116
128,0.1054873799466933,115,4,4,117
128,0.10650168167694996,116,4,4,118
128,0.10751598340720663,117,4,4,119
128,0.10853028513746329,118,4,4,120
128,0.10954458686771995,119,4,4,121
128,0.11055888859797662,120,4,4,122
128,0.11157319032823329,121,4,4,123
128,0.11258749205848995,122,4,4,124
128,0.11360179378874662,123,4,4,125
128,0.11461609551900329,124,4,4,126
128,0.11563039724925994,125,4,4,127
128,0.11664469897951661,126,4,4,128
128,0.11765900070977328,127,4,4,129
128,0.11867330244002994,128,4,4,130
128,0.11968760417028661,129,4,4,131
128,0.12070190590054328,130,4,4,132
128,0.12171620763079993,131,4,4,133
128,0.1227305093610566,132,4,4,134
128,0.12374481109131327,133,4,4,135
128,0.12475911282156993,134,4,4,136
128,0.12577341455182658,135,4,4,137
128,0.12678771628208324,136,4,4,138
128,0.12780201801233992,137,4,4,139
128,0.12881631974259658,138,4,4,140
128,0.12983062147285324,139,4,4,141
128,0.13084492320310992,140,4,4,142
128,0.13185922493336658,141,4,4,143
128,0.13287352666362323,142,4,4,144
128,0.13388782839387992,143,4,4,145
128,0.13490213012413657,144,4,4,146
128,0.13591643185439323,145,4,4,147
128,0.13693073358464991,146,4,4,148
128,0.13794503531490657,147,4,4,149
128,0.13895933704516322,148,4,4,150
128,0.13997363877541991,149,4,4,151
128,0.14098794050567656,150,4,4,152
128,0.14200224223593322,151,4,4,153
128,0.1430165439661899,152,4,4,154
128,0.14403084569644656,153,4,4,155
128,0.14504514742670321,154,4,4,156
128,0.1460594491569599,155,4,4,157
128,0.14707375088721655,156,4,4,158
128,0.14808805261747321,157,4,4,159
128,0.14910235434772989,158,4,4,160
128,0.15011665607798655,159,4,4,161
128,0.1511309578082432,160,4,4,162
128,0.15214525953849989,161,4,4,163
128,0.15315956126875654,162,4,4,164
128,0.1541738629990132,163,4,4,165
128,0.15518816472926988,164,4,4,166
128,0.15620246645952654,165,4,4,167
128,0.1572167681897832,166,4,4,168
128,0.15823106992003988,167,4,4,169
128,0.15924537165029654,168,4,4,170
128,0.16025967338055319,169,4,4,171
128,0.16127397511080988,170,4,4,172
128,0.16228827684106653,171,4,4,173
128,0.16330257857132319,172,4,4,174
128,0.16431688030157987,173,4,4,175
128,0.16533118203183653,174,4,4,176
128,0.16634548376209318,175,4,4,177
128,0.16735978549234987,176,4,4,178
128,0.16837408722260652,177,4,4,179
128,0.16938838895286318,178,4,4,180
128,0.17040269068311986,179,4,4,181
128,0.17141699241337652,180,4,4,182
128,0.17243129414363317,181,4,4,183
128,0.17344559587388986,182,4,4,184
128,0.17445989760414651,183,4,4,185
128,0.17547419933440317,184,4,4,186
128,0.17648850106465985,185,4,4,187
128,0.17750280279491651,186,4,4,188
128,0.17851710452517316,187,4,4,189
128,0.17953140625542985,188,4,4,190
128,0.1805457079856865,189,4,4,191
128,0.18156000971594316,190,4,4,192
128,0.18257431144619984,191,4,4,193
128,0.1835886131764565,192,4,4,194
128,0.18460291490671316,193,4,4,195
128,0.18561721663696984,194,4,4,196
128,0.1866315183672265,195,4,4,197
128,0.18764582009748315,196,4,4,198
128,0.18866012182773984,197,4,4,199
128,0.18967442355799649,198,4,4,200
128,0.19068872528825315,199,4,4,201
128,0.19170302701850983,200,4,4,202
128,0.19271732874876649,201,4,4,203
128,0.19373163047902314,202,4,4,204
128,0.19474593220927983,203,4,4,205
128,0.19576023393953648,204,4,4,206
128,0.19677453566979314,205,4,4,207
128,0.19778883740004982,206,4,4,208
128,0.19880313913030648,207,4,4,209
128,0.19981744086056313,208,4,4,210
128,0.20083174259081982,209,4,4,211
128,0.20184604432107647,210,4,4,212
128,0.20286034605133313,211,4,4,213
128,0.20387464778158981,212,4,4,214
128,0.20488894951184647,213,4,4,215
128,0.20590325124210312,214,4,4,216
128,0.20691755297235981,215,4,4,217
128,0.20793185470261646,216,4,4,218
128,0.20894615643287312,217,4,4,219
128,0.2099604581631298,218,4,4,220
128,0.21097475989338646,219,4,4,221
128,0.21198906162364312,220,4,4,222
128,0.2130033633538998,221,4,4,223
128,0.21401766508415646,222,4,4,224
128,0.21503196681441311,223,4,4,225
128,0.2160462685446698,224,4,4,226
128,0.21706057027492645,225,4,4,227
128,0.21807487200518311,226,4,4,228
128,0.21908917373543979,227,4,4,229
128,0.22010347546569645,228,4,4,230
128,0.2211177771959531,229,4,4,231
128,0.22213207892620979,230,4,4,232
128,0.22314638065646644,231,4,4,233
128,0.2241606823867231,232,4,4,234
128,0.22517498411697978,233,4,4,235
128,0.22618928584723644,234,4,4,236
128,0.22720358757749309,235,4,4,237
128,0.22821788930774978,236,4,4,238
128,0.22923219103800643,237,4,4,239
128,0.23024649276826309,238,4,4,240
128,0.23126079449851977,239,4,4,241
128,0.23227509622877643,240,4,4,242
128,0.23328939795903308,241,4,4,243
128,0.23430369968928977,242,4,4,244
128,0.23531800141954642,243,4,4,245
128,0.23633230314980308,244,4,4,246
128,0.23734660488005976,245,4,4,247
128,0.23836090661031642,246,4,4,248
128,0.23937520834057308,247,4,4,249
128,0.24038951007082976,248,4,4,250
128,0.24140381180108642,249,4,4,251
128,0.24241811353134307,250,4,4,252
128,0.24343241526159975,251,4,4,253
128,0.24444671699185641,252,4,4,254
128,0.24546101872211307,253,4,4,255
128,0.24647532045236975,254,4,4,256
128,0.24748962218262641,255,4,4,257
128,0.24850392391288306,256,4,4,258
128,0.24951822564313975,257,4,4,259
128,0.25053252737339643,258,4,4,260
128,0.25154682910365311,259,4,4,261
128,0.25256113083390974,260,4,4,262
128,0.25357543256416643,261,4,4,263
128,0.25458973429442311,262,4,4,264
128,0.25560403602467974,263,4,4,265
128,0.25661833775493642,264,4,4,266
128,0.2576326394851931,265,4,4,267
128,0.25864694121544973,266,4,4,268
128,0.25966124294570642,267,4,4,269
128,0.2606755446759631,268,4,4,270
128,0.26168984640621973,269,4,4,271
128,0.26270414813647641,270,4,4,272
128,0.2637184498667331,271,4,4,273
128,0.26473275159698972,272,4,4,274
128,0.26574705332724641,273,4,4,275
128,0.26676135505750309,274,4,4,276
128,0.26777565678775972,275,4,4,277
128,0.2687899585180164,276,4,4,278
128,0.26980426024827309,277,4,4,279
128,0.27081856197852971,278,4,4,280
128,0.2718328637087864,279,4,4,281
128,0.27284716543904308,280,4,4,282
128,0.27386146716929971,281,4,4,283
128,0.27487576889955639,282,4,4,284
128,0.27589007062981308,283,4,4,285
128,0.27690437236006971,284,4,4,286
128,0.27791867409032639,285,4,4,287
128,0.27893297582058307,286,4,4,288
128,0.2799472775508397,287,4,4,289
128,0.28096157928109639,288,4,4,290
128,0.28197588101135307,289,4,4,291
128,0.2829901827416097,290,4,4,292
128,0.28400448447186638,291,4,4,293
128,0.28501878620212306,292,4,4,294
128,0.28603308793237969,293,4,4,295
128,0.28704738966263638,294,4,4,296
128,0.28806169139289306,295,4,4,297
128,0.28907599312314969,296,4,4,298
128,0.29009029485340637,297,4,4,299
128,0.29110459658366306,298,4,4,300
128,0.29211889831391968,299,4,4,301
128,0.29313320004417637,300,4,4,302
128,0.29414750177443305,301,4,4,303
128,0.29516180350468968,302,4,4,304
128,0.29617610523494636,303,4,4,305
128,0.29719040696520305,304,4,4,306
128,0.29820470869545967,305,4,4,307
128,0.29921901042571636,306,4,4,308
128,0.30023331215597304,307,4,4,309
128,0.30124761388622967,308,4,4,310
128,0.30226191561648635,309,4,4,311
128,0.30327621734674304,310,4,4,312
128,0.30429051907699967,311,4,4,313
128,0.30530482080725635,312,4,4,314
128,0.30631912253751303,313,4,4,315
128,0.30733342426776966,314,4,4,316
128,0.30834772599802635,315,4,4,317
128,0.30936202772828303,316,4,4,318
128,0.31037632945853966,317,4,4,319
128,0.31139063118879634,318,4,4,320
128,0.31240493291905302,319,4,4,321
128,0.31341923464930965,320,4,4,322
128,0.31443353637956634,321,4,4,323
128,0.31544783810982302,322,4,4,324
128,0.31646213984007965,323,4,4,325
128,0.31747644157033633,324,4,4,326
128,0.31849074330059302,325,4,4,327
128,0.31950504503084964,326,4,4,328
128,0.32051934676110633,327,4,4,329
128,0.32153364849136301,328,4,4,330
128,0.32254795022161964,329,4,4,331
128,0.32356225195187632,330,4,4,332
128,0.32457655368213301,331,4,4,333
128,0.32559085541238963,332,4,4,334
128,0.32660515714264632,333,4,4,335
128,0.327619458872903,334,4,4,336
128,0.32863376060315963,335,4,4,337
128,0.32964806233341631,336,4,4,338
128,0.330662364063673,337,4,4,339
128,0.33167666579392963,338,4,4,340
128,0.33269096752418631,339,4,4,341
128,0.33370526925444299,340,4,4,342
128,0.33471957098469962,341,4,4,343
128,0.33573387271495631,342,4,4,344
128,0.33674817444521299,343,4,4,345
128,0.33776247617546962,344,4,4,346
128,0.3387767779057263,345,4,4,347
128,0.33979107963598298,346,4,4,348
128,0.34080538136623961,347,4,4,349
128,0.3418196830964963,348,4,4,350
128,0.34283398482675298,349,4,4,351
128,0.34384828655700961,350,4,4,352
128,0.34486258828726629,351,4,4,353
128,0.34587689001752298,352,4,4,354
128,0.3468911917477796,353,4,4,355
128,0.34790549347803629,354,4,4,356
128,0.34891979520829297,355,4,4,357
128,0.3499340969385496,356,4,4,358
128,0.35094839866880628,357,4,4,359
128,0.35196270039906297,358,4,4,360
128,0.35297700212931959,359,4,4,361
128,0.35399130385957628,360,4,4,362
128,0.35500560558983296,361,4,4,363
128,0.35601990732008959,362,4,4,364
128,0.35703420905034627,363,4,4,365
128,0.35804851078060296,364,4,4,366
128,0.35906281251085959,365,4,4,367
128,0.36007711424111627,366,4,4,368
128,0.36109141597137295,367,4,4,369
128,0.36210571770162958,368,4,4,370
128,0.36312001943188627,369,4,4,371
128,0.36413432116214295,370,4,4,372
128,0.36514862289239958,371,4,4,373
128,0.36616292462265626,372,4,4,374
128,0.36717722635291294,373,4,4,375
128,0.36819152808316957,374,4,4,376
128,0.36920582981342626,375,4,4,377
128,0.37022013154368294,376,4,4,378
128,0.37123443327393957,377,4,4,379
128,0.37224873500419625,378,4,4,380
128,0.37326303673445294,379,4,4,381
128,0.37427733846470956,380,4,4,382
128,0.37529164019496625,381,4,4,383
128,0.37630594192522293,382,4,4,384
128,0.37732024365547956,383,4,4,385
128,0.37833454538573624,384,4,4,386
128,0.37934884711599293,385,4,4,387
128,0.38036314884624955,386,4,4,388
128,0.38137745057650624,387,4,4,389
128,0.38239175230676292,388,4,4,390
128,0.38340605403701955,389,4,4,391
128,0.38442035576727623,390,4,4,392
128,0.38543465749753292,391,4,4,393
128,0.38644895922778955,392,4,4,394
128,0.38746326095804623,393,4,4,395
128,0.38847756268830291,394,4,4,396
128,0.38949186441855954,395,4,4,397
128,0.39050616614881623,396,4,4,398
128,0.39152046787907291,397,4,4,399
128,0.39253476960932954,398,4,4,400
128,0.39354907133958622,399,4,4,401
128,0.3945633730698429,400,4,4,402
128,0.39557767480009953,401,4,4,403
128,0.39659197653035622,402,4,4,404
128,0.3976062782606129,403,4,4,405
128,0.39862057999086953,404,4,4,406
128,0.39963488172112621,405,4,4,407
128,0.4006491834513829,406,4,4,408
128,0.40166348518163952,407,4,4,409
128,0.40267778691189621,408,4,4,410
128,0.40369208864215289,409,4,4,411
128,0.40470639037240952,410,4,4,412
128,0.4057206921026662,411,4,4,413
128,0.40673499383292289,412,4,4,414
128,0.40774929556317951,413,4,4,415
128,0.4087635972934362,414,4,4,416
128,0.40977789902369288,415,4,4,417
128,0.41079220075394951,416,4,4,418
128,0.41180650248420619,417,4,4,419
128,0.41282080421446288,418,4,4,420
128,0.41383510594471951,419,4,4,421
128,0.41484940767497619,420,4,4,422
128,0.41586370940523287,421,4,4,423
128,0.4168780111354895,422,4,4,424
128,0.41789231286574618,423,4,4,425
128,0.41890661459600287,424,4,4,426
128,0.4199209163262595,425,4,4,427
128,0.42093521805651618,426,4,4,428
128,0.42194951978677286,427,4,4,429
128,0.42296382151702949,428,4,4,430
128,0.42397812324728618,429,4,4,431
128,0.42499242497754286,430,4,4,432
128,0.42600672670779949,431,4,4,433
128,0.42702102843805617,432,4,4,434
128,0.42803533016831286,433,4,4,435
128,0.42904963189856948,434,4,4,436
128,0.43006393362882617,435,4,4,437
128,0.43107823535908285,436,4,4,438
128,0.43209253708933948,437,4,4,439
128,0.43310683881959616,438,4,4,440
128,0.43412114054985285,439,4,4,441
128,0.43513544228010947,440,4,4,442
128,0.43614974401036616,441,4,4,443
128,0.43716404574062284,442,4,4,444
128,0.43817834747087947,443,4,4,445
128,0.43919264920113615,444,4,4,446
128,0.44020695093139284,445,4,4,447
128,0.44122125266164947,446,4,4,448
128,0.44223555439190615,447,4,4,449
128,0.44324985612216283,448,4,4,450
128,0.44426415785241946,449,4,4,451
128,0.44527845958267614,450,4,4,452
128,0.44629276131293283,451,4,4,453
128,0.44730706304318946,452,4,4,454
128,0.44832136477344614,453,4,4,455
128,0.44933566650370282,454,4,4,456
128,0.45034996823395945,455,4,4,457
128,0.45136426996421614,456,4,4,458
128,0.45237857169447282,457,4,4,459
128,0.45339287342472945,458,4,4,460
128,0.45440717515498613,459,4,4,461
128,0.45542147688524282,460,4,4,462
128,0.45643577861549944,461,4,4,463
128,0.45745008034575613,462,4,4,464
128,0.45846438207601281,463,4,4,465
128,0.45947868380626944,464,4,4,466
128,0.46049298553652612,465,4,4,467
128,0.46150728726678281,466,4,4,468
128,0.46252158899703943,467,4,4,469
128,0.46353589072729612,468,4,4,470
128,0.4645501924575528,469,4,4,471
128,0.46556449418780943,470,4,4,472
128,0.46657879591806611,471,4,4,473
128,0.4675930976483228,472,4,4,474
128,0.46860739937857943,473,4,4,475
128,0.46962170110883611,474,4,4,476
128,0.47063600283909279,475,4,4,477
128,0.47165030456934942,476,4,4,478
128,0.4726646062996061,477,4,4,479
128,0.47367890802986279,478,4,4,480
128,0.47469320976011942,479,4,4,481
128,0.4757075114903761,480,4,4,482
128,0.47672181322063278,481,4,4,483
128,0.47773611495088941,482,4,4,484
128,0.4787504166811461,483,4,4,485
128,0.47976471841140278,484,4,4,486
128,0.48077902014165941,485,4,4,487
128,0.48179332187191609,486,4,4,488
128,0.48280762360217278,487,4,4,489
128,0.4838219253324294,488,4,4,490
128,0.48483622706268609,489,4,4,491
128,0.48585052879294277,490,4,4,492
128,0.4868648305231994,491,4,4,493
128,0.48787913225345608,492,4,4,494
128,0.48889343398371277,493,4,4,495
128,0.48990773571396939,494,4,4,496
128,0.49092203744422608,495,4,4,497
128,0.49193633917448276,496,4,4,498
128,0.49295064090473939,497,4,4,499
128,0.49396494263499607,498,4,4,500
128,0.49497924436525276,499,4,4,501
128,0.49599354609550939,500,4,4,502
128,0.49700784782576607,501,4,4,503
128,0.49802214955602275,502,4,4,504
128,0.49903645128627938,503,4,4,505
128,0.50005075301653601,504,4,4,506
128,0.50106505474679275,505,4,4,507
128,0.50207935647704938,506,4,4,508
128,0.503093658207306,507,4,4,509
128,0.50410795993756263,508,4,4,510
128,0.50512226166781937,509,4,4,511
128,0.506136563398076,510,4,4,512
128,0.50715086512833274,511,4,4,513
128,0.50816516685858937,512,4,4,514
128,0.509179468588846,513,4,4,515
128,0.51019377031910262,514,4,4,516
128,0.51120807204935936,515,4,4,517
128,0.51222237377961599,516,4,4,518
128,0.51323667550987273,517,4,4,519
128,0.51425097724012936,518,4,4,520
128,0.51526527897038599,519,4,4,521
128,0.51627958070064262,520,4,4,522
128,0.51729388243089935,521,4,4,523
128,0.51830818416115598,522,4,4,524
128,0.51932248589141272,523,4,4,525
128,0.52033678762166935,524,4,4,526
128,0.52135108935192598,525,4,4,527
128,0.52236539108218261,526,4,4,528
128,0.52337969281243935,527,4,4,529
128,0.52439399454269597,528,4,4,530
128,0.52540829627295271,529,4,4,531
128,0.52642259800320934,530,4,4,532
128,0.52743689973346597,531,4,4,533
128,0.5284512014637226,532,4,4,534
128,0.52946550319397934,533,4,4,535
128,0.53047980492423596,534,4,4,536
128,0.5314941066544927,535,4,4,537
128,0.53250840838474933,536,4,4,538
128,0.53352271011500596,537,4,4,539
128,0.53453701184526259,538,4,4,540
128,0.53555131357551933,539,4,4,541
128,0.53656561530577596,540,4,4,542
128,0.5375799170360327,541,4,4,543
128,0.53859421876628932,542,4,4,544
128,0.53960852049654595,543,4,4,545
128,0.54062282222680258,544,4,4,546
128,0.54163712395705932,545,4,4,547
128,0.54265142568731595,546,4,4,548
128,0.54366572741757269,547,4,4,549
128,0.54468002914782931,548,4,4,550
128,0.54569433087808594,549,4,4,551
128,0.54670863260834257,550,4,4,552
128,0.54772293433859931,551,4,4,553
128,0.54873723606885594,552,4,4,554
128,0.54975153779911268,553,4,4,555
128,0.55076583952936931,554,4,4,556
128,0.55178014125962593,555,4,4,557
128,0.55279444298988256,556,4,4,558
128,0.5538087447201393,557,4,4,559
128,0.55482304645039593,558,4,4,560
128,0.55583734818065267,559,4,4,561
128,0.5568516499109093,560,4,4,562
128,0.55786595164116592,561,4,4,563
128,0.55888025337142255,562,4,4,564
128,0.55989455510167929,563,4,4,565
128,0.56090885683193592,564,4,4,566
128,0.56192315856219266,565,4,4,567
128,0.56293746029244929,566,4,4,568
128,0.56395176202270592,567,4,4,569
128,0.56496606375296254,568,4,4,570
128,0.56598036548321928,569,4,4,571
128,0.56699466721347591,570,4,4,572
128,0.56800896894373265,571,4,4,573
128,0.56902327067398928,572,4,4,574
128,0.57003757240424591,573,4,4,575
128,0.57105187413450254,574,4,4,576
128,0.57206617586475927,575,4,4,577
128,0.5730804775950159,576,4,4,578
128,0.57409477932527264,577,4,4,579
128,0.57510908105552927,578,4,4,580
128,0.5761233827857859,579,4,4,581
128,0.57713768451604253,580,4,4,582
128,0.57815198624629927,581,4,4,583
128,0.57916628797655589,582,4,4,584
128,0.58018058970681263,583,4,4,585
128,0.58119489143706926,584,4,4,586
128,0.58220919316732589,585,4,4,587
128,0.58322349489758252,586,4,4,588
128,0.58423779662783926,587,4,4,589
128,0.58525209835809588,588,4,4,590
128,0.58626640008835262,589,4,4,591
128,0.58728070181860925,590,4,4,592
128,0.58829500354886588,591,4,4,593
128,0.58930930527912251,592,4,4,594
128,0.59032360700937925,593,4,4,595
128,0.59133790873963588,594,4,4,596
128,0.59235221046989261,595,4,4,597
128,0.59336651220014924,596,4,4,598
128,0.59438081393040587,597,4,4,599
128,0.5953951156606625,598,4,4,600
128,0.59640941739091924,599,4,4,601
128,0.59742371912117587,600,4,4,602
128,0.59843802085143261,601,4,4,603
128,0.59945232258168923,602,4,4,604
128,0.60046662431194586,603,4,4,605
128,0.60148092604220249,604,4,4,606
128,0.60249522777245923,605,4,4,607
128,0.60350952950271586,606,4,4,608
128,0.6045238312329726,607,4,4,609
128,0.60553813296322923,608,4,4,610
128,0.60655243469348585,609,4,4,611
128,0.60756673642374248,610,4,4,612
128,0.60858103815399922,611,4,4,613
128,0.60959533988425585,612,4,4,614
128,0.61060964161451259,613,4,4,615
128,0.61162394334476922,614,4,4,616
128,0.61263824507502584,615,4,4,617
128,0.61365254680528247,616,4,4,618
128,0.61466684853553921,617,4,4,619
128,0.61568115026579584,618,4,4,620
128,0.61669545199605258,619,4,4,621
128,0.61770975372630921,620,4,4,622
128,0.61872405545656584,621,4,4,623
128,0.61973835718682246,622,4,4,624
128,0.6207526589170792,623,4,4,625
128,0.62176696064733583,624,4,4,626
128,0.62278126237759257,625,4,4,627
128,0.6237955641078492,626,4,4,628
128,0.62480986583810583,627,4,4,629
128,0.62582416756836245,628,4,4,630
128,0.62683846929861919,629,4,4,631
128,0.62785277102887582,630,4,4,632
128,0.62886707275913256,631,4,4,633
128,0.62988137448938919,632,4,4,634
128,0.63089567621964582,633,4,4,635
128,0.63190997794990245,634,4,4,636
128,0.63292427968015919,635,4,4,637
128,0.63393858141041581,636,4,4,638
128,0.63495288314067255,637,4,4,639
128,0.63596718487092918,638,4,4,640
128,0.63698148660118581,639,4,4,641
128,0.63799578833144244,640,4,4,642
128,0.63901009006169918,641,4,4,643
128,0.6400243917919558,642,4,4,644
128,0.64103869352221254,643,4,4,645
128,0.64205299525246917,644,4,4,646
128,0.6430672969827258,645,4,4,647
128,0.64408159871298243,646,4,4,648
128,0.64509590044323917,647,4,4,649
128,0.6461102021734958,648,4,4,650
128,0.64712450390375253,649,4,4,651
128,0.64813880563400916,650,4,4,652
128,0.64915310736426579,651,4,4,653
128,0.65016740909452242,652,4,4,654
128,0.65118171082477916,653,4,4,655
128,0.65219601255503579,654,4,4,656
128,0.65321031428529253,655,4,4,657
128,0.65422461601554915,656,4,4,658
128,0.65523891774580578,657,4,4,659
128,0.65625321947606241,658,4,4,660
128,0.65726752120631915,659,4,4,661
128,0.65828182293657578,660,4,4,662
128,0.65929612466683252,661,4,4,663
128,0.66031042639708915,662,4,4,664
128,0.66132472812734577,663,4,4,665
128,0.6623390298576024,664,4,4,666
128,0.66335333158785914,665,4,4,667
128,0.66436763331811577,666,4,4,668
128,0.66538193504837251,667,4,4,669
128,0.66639623677862914,668,4,4,670
128,0.66741053850888576,669,4,4,671
128,0.66842484023914239,670,4,4,672
128,0.66943914196939913,671,4,4,673
128,0.67045344369965576,672,4,4,674
128,0.6714677454299125,673,4,4,675
128,0.67248204716016913,674,4,4,676
128,0.67349634889042576,675,4,4,677
128,0.67451065062068238,676,4,4,678
128,0.67552495235093912,677,4,4,679
128,0.67653925408119575,678,4,4,680
128,0.67755355581145249,679,4,4,681
128,0.67856785754170912,680,4,4,682
128,0.67958215927196575,681,4,4,683
128,0.68059646100222237,682,4,4,684
128,0.68161076273247911,683,4,4,685
128,0.68262506446273574,684,4,4,686
128,0.68363936619299248,685,4,4,687
128,0.68465366792324911,686,4,4,688
128,0.68566796965350574,687,4,4,689
128,0.68668227138376237,688,4,4,690
128,0.68769657311401911,689,4,4,691
128,0.68871087484427573,690,4,4,692
128,0.68972517657453247,691,4,4,693
128,0.6907394783047891,692,4,4,694
128,0.69175378003504573,693,4,4,695
128,0.69276808176530236,694,4,4,696
128,0.6937823834955591,695,4,4,697
128,0.69479668522581572,696,4,4,698
128,0.69581098695607246,697,4,4,699
128,0.69682528868632909,698,4,4,700
128,0.69783959041658572,699,4,4,701
128,0.69885389214684235,700,4,4,702
128,0.69986819387709909,701,4,4,703
128,0.70088249560735572,702,4,4,704
128,0.70189679733761245,703,4,4,705
128,0.70291109906786908,704,4,4,706
128,0.70392540079812571,705,4,4,707
128,0.70493970252838234,706,4,4,708
128,0.70595400425863908,707,4,4,709
128,0.70696830598889571,708,4,4,710
128,0.70798260771915245,709,4,4,711
128,0.70899690944940907,710,4,4,712
128,0.7100112111796657,711,4,4,713
128,0.71102551290992233,712,4,4,714
128,0.71203981464017907,713,4,4,715
128,0.7130541163704357,714,4,4,716
128,0.71406841810069244,715,4,4,717
128,0.71508271983094907,716,4,4,718
128,0.71609702156120569,717,4,4,719
128,0.71711132329146232,718,4,4,720
128,0.71812562502171906,719,4,4,721
128,0.71913992675197569,720,4,4,722
128,0.72015422848223243,721,4,4,723
128,0.72116853021248906,722,4,4,724
128,0.72218283194274568,723,4,4,725
128,0.72319713367300231,724,4,4,726
128,0.72421143540325905,725,4,4,727
128,0.72522573713351568,726,4,4,728
128,0.72624003886377242,727,4,4,729
128,0.72725434059402905,728,4,4,730
128,0.72826864232428568,729,4,4,731
128,0.7292829440545423,730,4,4,732
128,0.73029724578479904,731,4,4,733
128,0.73131154751505567,732,4,4,734
128,0.73232584924531241,733,4,4,735
128,0.73334015097556904,734,4,4,736
128,0.73435445270582567,735,4,4,737
128,0.73536875443608229,736,4,4,738
128,0.73638305616633903,737,4,4,739
128,0.73739735789659566,738,4,4,740
128,0.7384116596268524,739,4,4,741
128,0.73942596135710903,740,4,4,742
128,0.74044026308736566,741,4,4,743
128,0.74145456481762229,742,4,4,744
128,0.74246886654787903,743,4,4,745
128,0.74348316827813565,744,4,4,746
128,0.74449747000839239,745,4,4,747
128,0.74551177173864902,746,4,4,748
128,0.74652607346890565,747,4,4,749
128,0.74754037519916228,748,4,4,750
128,0.74855467692941902,749,4,4,751
128,0.74956897865967564,750,4,4,752
128,0.75058328038993238,751,4,4,753
128,0.75159758212018901,752,4,4,754
128,0.75261188385044564,753,4,4,755
128,0.75362618558070227,754,4,4,756
128,0.75464048731095901,755,4,4,757
128,0.75565478904121564,756,4,4,758
128,0.75666909077147237,757,4,4,759
128,0.757683392501729,758,4,4,760
128,0.75869769423198563,759,4,4,761
128,0.75971199596224226,760,4,4,762
128,0.760726297692499,761,4,4,763
128,0.76174059942275563,762,4,4,764
128,0.76275490115301237,763,4,4,765
128,0.76376920288326899,764,4,4,766
128,0.76478350461352562,765,4,4,767
128,0.76579780634378225,766,4,4,768
128,0.76681210807403899,767,4,4,769
128,0.76782640980429562,768,4,4,770
128,0.76884071153455236,769,4,4,771
128,0.76985501326480898,770,4,4,772
128,0.77086931499506561,771,4,4,773
128,0.77188361672532224,772,4,4,774
128,0.77289791845557898,773,4,4,775
128,0.77391222018583561,774,4,4,776
128,0.77492652191609235,775,4,4,777
128,0.77594082364634898,776,4,4,778
128,0.7769551253766056,777,4,4,779
128,0.77796942710686223,778,4,4,780
128,0.77898372883711897,779,4,4,781
128,0.7799980305673756,780,4,4,782
128,0.78101233229763234,781,4,4,783
128,0.78202663402788897,782,4,4,784
128,0.7830409357581456,783,4,4,785
128,0.78405523748840222,784,4,4,786
128,0.78506953921865896,785,4,4,787
128,0.78608384094891559,786,4,4,788
128,0.78709814267917233,787,4,4,789
128,0.78811244440942896,788,4,4,790
128,0.78912674613968559,789,4,4,791
128,0.79014104786994221,790,4,4,792
128,0.79115534960019895,791,4,4,793
128,0.79216965133045558,792,4,4,794
128,0.79318395306071232,793,4,4,795
128,0.79419825479096895,794,4,4,796
128,0.79521255652122558,795,4,4,797
128,0.79622685825148221,796,4,4,798
128,0.79724115998173894,797,4,4,799
128,0.79825546171199557,798,4,4,800
128,0.79926976344225231,799,4,4,801
128,0.80028406517250894,800,4,4,802
128,0.80129836690276557,801,4,4,803
128,0.8023126686330222,802,4,4,804
128,0.80332697036327894,803,4,4,805
128,0.80434127209353556,804,4,4,806
128,0.8053555738237923,805,4,4,807
128,0.80636987555404893,806,4,4,808
128,0.80738417728430556,807,4,4,809
128,0.80839847901456219,808,4,4,810
128,0.80941278074481893,809,4,4,811
128,0.81042708247507556,810,4,4,812
128,0.81144138420533229,811,4,4,813
128,0.81245568593558892,812,4,4,814
128,0.81346998766584555,813,4,4,815
128,0.81448428939610218,814,4,4,816
128,0.81549859112635892,815,4,4,817
128,0.81651289285661555,816,4,4,818
128,0.81752719458687229,817,4,4,819
128,0.81854149631712891,818,4,4,820
128,0.81955579804738554,819,4,4,821
128,0.82057009977764217,820,4,4,822
128,0.82158440150789891,821,4,4,823
128,0.82259870323815554,822,4,4,824
128,0.82361300496841228,823,4,4,825
128,0.8246273066986689,824,4,4,826
128,0.82564160842892553,825,4,4,827
128,0.82665591015918216,826,4,4,828
128,0.8276702118894389,827,4,4,829
128,0.82868451361969553,828,4,4,830
128,0.82969881534995227,829,4,4,831
128,0.8307131170802089,830,4,4,832
128,0.83172741881046552,831,4,4,833
128,0.83274172054072215,832,4,4,834
128,0.83375602227097889,833,4,4,835
128,0.83477032400123552,834,4,4,836
128,0.83578462573149226,835,4,4,837
128,0.83679892746174889,836,4,4,838
128,0.83781322919200552,837,4,4,839
128,0.83882753092226214,838,4,4,840
128,0.83984183265251888,839,4,4,841
128,0.84085613438277551,840,4,4,842
128,0.84187043611303225,841,4,4,843
128,0.84288473784328888,842,4,4,844
128,0.84389903957354551,843,4,4,845
128,0.84491334130380213,844,4,4,846
128,0.84592764303405887,845,4,4,847
128,0.8469419447643155,846,4,4,848
128,0.84795624649457224,847,4,4,849
128,0.84897054822482887,848,4,4,850
128,0.8499848499550855,849,4,4,851
128,0.85099915168534213,850,4,4,852
128,0.85201345341559886,851,4,4,853
128,0.85302775514585549,852,4,4,854
128,0.85404205687611223,853,4,4,855
128,0.85505635860636886,854,4,4,856
128,0.85607066033662549,855,4,4,857
128,0.85708496206688212,856,4,4,858
128,0.85809926379713886,857,4,4,859
128,0.85911356552739548,858,4,4,860
128,0.86012786725765222,859,4,4,861
128,0.86114216898790885,860,4,4,862
128,0.86215647071816548,861,4,4,863
128,0.86317077244842211,862,4,4,864
128,0.86418507417867885,863,4,4,865
128,0.86519937590893548,864,4,4,866
128,0.86621367763919221,865,4,4,867
128,0.86722797936944884,866,4,4,868
128,0.86824228109970547,867,4,4,869
128,0.8692565828299621,868,4,4,870
128,0.87027088456021884,869,4,4,871
128,0.87128518629047547,870,4,4,872
128,0.87229948802073221,871,4,4,873
128,0.87331378975098883,872,4,4,874
128,0.87432809148124546,873,4,4,875
128,0.87534239321150209,874,4,4,876
128,0.87635669494175883,875,4,4,877
128,0.87737099667201546,876,4,4,878
128,0.8783852984022722,877,4,4,879
128,0.87939960013252882,878,4,4,880
128,0.88041390186278545,879,4,4,881
128,0.88142820359304208,880,4,4,882
128,0.88244250532329882,881,4,4,883
128,0.88345680705355545,882,4,4,884
128,0.88447110878381219,883,4,4,885
128,0.88548541051406882,884,4,4,886
128,0.88649971224432544,885,4,4,887
128,0.88751401397458207,886,4,4,888
128,0.88852831570483881,887,4,4,889
128,0.88954261743509544,888,4,4,890
128,0.89055691916535218,889,4,4,891
128,0.89157122089560881,890,4,4,892
128,0.89258552262586544,891,4,4,893
128,0.89359982435612206,892,4,4,894
128,0.8946141260863788,893,4,4,895
128,0.89562842781663543,894,4,4,896
128,0.89664272954689217,895,4,4,897
128,0.8976570312771488,896,4,4,898
128,0.89867133300740543,897,4,4,899
128,0.89968563473766205,898,4,4,900
128,0.90069993646791879,899,4,4,901
128,0.90171423819817542,900,4,4,902
128,0.90272853992843216,901,4,4,903
128,0.90374284165868879,902,4,4,904
128,0.90475714338894542,903,4,4,905
128,0.90577144511920205,904,4,4,906
128,0.90678574684945878,905,4,4,907
128,0.90780004857971541,906,4,4,908
128,0.90881435030997215,907,4,4,909
128,0.90982865204022878,908,4,4,910
128,0.91084295377048541,909,4,4,911
128,0.91185725550074204,910,4,4,912
128,0.91287155723099878,911,4,4,913
128,0.9138858589612554,912,4,4,914
128,0.91490016069151214,913,4,4,915
128,0.91591446242176877,914,4,4,916
128,0.9169287641520254,915,4,4,917
128,0.91794306588228203,916,4,4,918
128,0.91895736761253877,917,4,4,919
128,0.9199716693427954,918,4,4,920
128,0.92098597107305213,919,4,4,921
128,0.92200027280330876,920,4,4,922
128,0.92301457453356539,921,4,4,923
128,0.92402887626382202,922,4,4,924
128,0.92504317799407876,923,4,4,925
128,0.92605747972433539,924,4,4,926
128,0.92707178145459213,925,4,4,927
128,0.92808608318484875,926,4,4,928
128,0.92910038491510538,927,4,4,929
128,0.93011468664536201,928,4,4,930
128,0.93112898837561875,929,4,4,931
128,0.93214329010587538,930,4,4,932
128,0.93315759183613212,931,4,4,933
128,0.93417189356638874,932,4,4,934
128,0.93518619529664537,933,4,4,935
128,0.936200497026902,934,4,4,936
128,0.93721479875715874,935,4,4,937
128,0.93822910048741537,936,4,4,938
128,0.93924340221767211,937,4,4,939
128,0.94025770394792874,938,4,4,940
128,0.94127200567818536,939,4,4,941
128,0.94228630740844199,940,4,4,942
128,0.94330060913869873,941,4,4,943
128,0.94431491086895536,942,4,4,944
128,0.9453292125992121,943,4,4,945
128,0.94634351432946873,944,4,4,946
128,0.94735781605972536,945,4,4,947
128,0.94837211778998198,946,4,4,948
128,0.94938641952023872,947,4,4,949
128,0.95040072125049535,948,4,4,950
128,0.95141502298075209,949,4,4,951
128,0.95242932471100872,950,4,4,952
128,0.95344362644126535,951,4,4,953
128,0.95445792817152197,952,4,4,954
128,0.95547222990177871,953,4,4,955
128,0.95648653163203534,954,4,4,956
128,0.95750083336229208,955,4,4,957
128,0.95851513509254871,956,4,4,958
128,0.95952943682280534,957,4,4,959
128,0.96054373855306197,958,4,4,960
128,0.9615580402833187,959,4,4,961
128,0.96257234201357533,960,4,4,962
128,0.96358664374383207,961,4,4,963
128,0.9646009454740887,962,4,4,964
128,0.96561524720434533,963,4,4,965
128,0.96662954893460196,964,4,4,966
128,0.9676438506648587,965,4,4,967
128,0.96865815239511532,966,4,4,968
128,0.96967245412537206,967,4,4,969
128,0.97068675585562869,968,4,4,970
128,0.97170105758588532,969,4,4,971
128,0.97271535931614195,970,4,4,972
128,0.97372966104639869,971,4,4,973
128,0.97474396277665531,972,4,4,974
128,0.97575826450691205,973,4,4,975
128,0.97677256623716868,974,4,4,976
128,0.97778686796742531,975,4,4,977
128,0.97880116969768194,976,4,4,978
128,0.97981547142793868,977,4,4,979
128,0.98082977315819531,978,4,4,980
128,0.98184407488845205,979,4,4,981
128,0.98285837661870867,980,4,4,982
128,0.9838726783489653,981,4,4,983
128,0.98488698007922193,982,4,4,984
128,0.98590128180947867,983,4,4,985
128,0.9869155835397353,984,4,4,986
128,0.98792988526999204,985,4,4,987
128,0.98894418700024866,986,4,4,988
128,0.98995848873050529,987,4,4,989
128,0.99097279046076192,988,4,4,990
128,0.99198709219101866,989,4,4,991
128,0.99300139392127529,990,4,4,992
128,0.99401569565153203,991,4,4,993
128,0.99502999738178866,992,4,4,994
128,0.99604429911204528,993,4,4,995
128,0.99705860084230191,994,4,4,996
128,0.99807290257255865,995,4,4,997
128,0.99908720430281528,996,4,4,998
128,1.000101506033072,997,4,4,999
128,1.0011158077633286,998,4,4,1000
128,1.0021301094935853,999,4,4,1001
128,1.0031444112238419,1000,4,4,1002
128,1.0041587129540988,1001,4,4,1003
128,1.0051730146843554,1002,4,4,1004
128,1.006187316414612,1003,4,4,1005
128,1.0072016181448689,1004,4,4,1006
128,1.0082159198751255,1005,4,4,1007
128,1.0092302216053821,1006,4,4,1008
128,1.010244523335639,1007,4,4,1009
128,1.0112588250658956,1008,4,4,1010
128,1.0122731267961522,1009,4,4,1011
128,1.0132874285264091,1010,4,4,1012
128,1.0143017302566657,1011,4,4,1013
128,1.0153160319869223,1012,4,4,1014
128,1.0163303337171792,1013,4,4,1015
128,1.0173446354474358,1014,4,4,1016
128,1.0183589371776924,1015,4,4,1017
128,1.0193732389079493,1016,4,4,1018
128,1.0203875406382059,1017,4,4,1019
128,1.0214018423684625,1018,4,4,1020
128,1.0224161440987194,1019,4,4,1021
128,1.023430445828976,1020,4,4,1022
128,1.0244447475592326,1021,4,4,1023
128,1.0254590492894895,1022,4,4,1024
128,1.0264733510197461,1023,4,4,1025
128,1.0274876527500028,1024,4,4,1026
128,1.0285019544802596,1025,4,4,1027
128,1.0295162562105162,1026,4,4,1028
128,1.0305305579407729,1027,4,4,1029
128,1.0315448596710297,1028,4,4,1030
128,1.0325591614012863,1029,4,4,1031
128,1.033573463131543,1030,4,4,1032
128,1.0345877648617998,1031,4,4,1033
128,1.0356020665920564,1032,4,4,1034
128,1.0366163683223131,1033,4,4,1035
128,1.0376306700525699,1034,4,4,1036
128,1.0386449717828266,1035,4,4,1037
128,1.0396592735130832,1036,4,4,1038
128,1.04067357524334,1037,4,4,1039
128,1.0416878769735967,1038,4,4,1040
128,1.0427021787038533,1039,4,4,1041
128,1.0437164804341101,1040,4,4,1042
128,1.0447307821643668,1041,4,4,1043
128,1.0457450838946234,1042,4,4,1044
128,1.0467593856248802,1043,4,4,1045
128,1.0477736873551369,1044,4,4,1046
128,1.0487879890853935,1045,4,4,1047
128,1.0498022908156504,1046,4,4,1048
128,1.050816592545907,1047,4,4,1049
128,1.0518308942761636,1048,4,4,1050
128,1.0528451960064205,1049,4,4,1051
128,1.0538594977366771,1050,4,4,1052
128,1.0548737994669337,1051,4,4,1053
128,1.0558881011971906,1052,4,4,1054
128,1.0569024029274472,1053,4,4,1055
128,1.0579167046577038,1054,4,4,1056
128,1.0589310063879607,1055,4,4,1057
128,1.0599453081182173,1056,4,4,1058
128,1.0609596098484739,1057,4,4,1059
128,1.0619739115787308,1058,4,4,1060
128,1.0629882133089874,1059,4,4,1061
128,1.064002515039244,1060,4,4,1062
128,1.0650168167695009,1061,4,4,1063
128,1.0660311184997575,1062,4,4,1064
128,1.0670454202300141,1063,4,4,1065
128,1.068059721960271,1064,4,4,1066
128,1.0690740236905276,1065,4,4,1067
128,1.0700883254207842,1066,4,4,1068
128,1.0711026271510411,1067,4,4,1069
128,1.0721169288812977,1068,4,4,1070
128,1.0731312306115544,1069,4,4,1071
128,1.0741455323418112,1070,4,4,1072
128,1.0751598340720678,1071,4,4,1073
128,1.0761741358023245,1072,4,4,1074
128,1.0771884375325813,1073,4,4,1075
128,1.0782027392628379,1074,4,4,1076
128,1.0792170409930946,1075,4,4,1077
128,1.0802313427233514,1076,4,4,1078
128,1.081245644453608,1077,4,4,1079
128,1.0822599461838647,1078,4,4,1080
128,1.0832742479141215,1079,4,4,1081
128,1.0842885496443782,1080,4,4,1082
128,1.0853028513746348,1081,4,4,1083
128,1.0863171531048916,1082,4,4,1084
128,1.0873314548351483,1083,4,4,1085
128,1.0883457565654049,1084,4,4,1086
128,1.0893600582956617,1085,4,4,1087
128,1.0903743600259184,1086,4,4,1088
128,1.091388661756175,1087,4,4,1089
128,1.0924029634864318,1088,4,4,1090
128,1.0934172652166885,1089,4,4,1091
128,1.0944315669469451,1090,4,4,1092
128,1.095445868677202,1091,4,4,1093
128,1.0964601704074586,1092,4,4,1094
128,1.0974744721377152,1093,4,4,1095
128,1.0984887738679721,1094,4,4,1096
128,1.0995030755982287,1095,4,4,1097
128,1.1005173773284853,1096,4,4,1098
128,1.1015316790587422,1097,4,4,1099
128,1.1025459807889988,1098,4,4,1100
128,1.1035602825192554,1099,4,4,1101
128,1.1045745842495123,1100,4,4,1102
128,1.1055888859797689,1101,4,4,1103
128,1.1066031877100255,1102,4,4,1104
128,1.1076174894402824,1103,4,4,1105
128,1.108631791170539,1104,4,4,1106
128,1.1096460929007956,1105,4,4,1107
128,1.1106603946310525,1106,4,4,1108
128,1.1116746963613091,1107,4,4,1109
128,1.1126889980915657,1108,4,4,1110
128,1.1137032998218226,1109,4,4,1111
128,1.1147176015520792,1110,4,4,1112
128,1.1157319032823358,1111,4,4,1113
128,1.1167462050125927,1112,4,4,1114
128,1.1177605067428493,1113,4,4,1115
128,1.118774808473106,1114,4,4,1116
128,1.1197891102033628,1115,4,4,1117
128,1.1208034119336194,1116,4,4,1118
128,1.1218177136638761,1117,4,4,1119
128,1.1228320153941329,1118,4,4,1120
128,1.1238463171243895,1119,4,4,1121
128,1.1248606188546462,1120,4,4,1122
128,1.125874920584903,1121,4,4,1123
128,1.1268892223151596,1122,4,4,1124
128,1.1279035240454163,1123,4,4,1125
128,1.1289178257756731,1124,4,4,1126
128,1.1299321275059298,1125,4,4,1127
128,1.1309464292361864,1126,4,4,1128
128,1.1319607309664432,1127,4,4,1129
128,1.1329750326966999,1128,4,4,1130
128,1.1339893344269565,1129,4,4,1131
128,1.1350036361572133,1130,4,4,1132
128,1.13601793788747,1131,4,4,1133
128,1.1370322396177266,1132,4,4,1134
128,1.1380465413479834,1133,4,4,1135
128,1.1390608430782401,1134,4,4,1136
128,1.1400751448084967,1135,4,4,1137
128,1.1410894465387535,1136,4,4,1138
128,1.1421037482690102,1137,4,4,1139
128,1.1431180499992668,1138,4,4,1140
128,1.1441323517295237,1139,4,4,1141
128,1.1451466534597803,1140,4,4,1142
128,1.1461609551900369,1141,4,4,1143
128,1.1471752569202938,1142,4,4,1144
128,1.1481895586505504,1143,4,4,1145
128,1.149203860380807,1144,4,4,1146
128,1.1502181621110639,1145,4,4,1147
128,1.1512324638413205,1146,4,4,1148
128,1.1522467655715771,1147,4,4,1149
128,1.153261067301834,1148,4,4,1150
128,1.1542753690320906,1149,4,4,1151
128,1.1552896707623472,1150,4,4,1152
128,1.1563039724926041,1151,4,4,1153
128,1.1573182742228607,1152,4,4,1154
128,1.1583325759531173,1153,4,4,1155
128,1.1593468776833742,1154,4,4,1156
128,1.1603611794136308,1155,4,4,1157
128,1.1613754811438874,1156,4,4,1158
128,1.1623897828741443,1157,4,4,1159
128,1.1634040846044009,1158,4,4,1160
128,1.1644183863346576,1159,4,4,1161
128,1.1654326880649144,1160,4,4,1162
128,1.166446989795171,1161,4,4,1163
128,1.1674612915254277,1162,4,4,1164
128,1.1684755932556845,1163,4,4,1165
128,1.1694898949859411,1164,4,4,1166
128,1.1705041967161978,1165,4,4,1167
128,1.1715184984464546,1166,4,4,1168
128,1.1725328001767112,1167,4,4,1169
128,1.1735471019069679,1168,4,4,1170
128,1.1745614036372247,1169,4,4,1171
128,1.1755757053674813,1170,4,4,1172
128,1.176590007097738,1171,4,4,1173
128,1.1776043088279948,1172,4,4,1174
128,1.1786186105582515,1173,4,4,1175
128,1.1796329122885081,1174,4,4,1176
128,1.1806472140187649,1175,4,4,1177
128,1.1816615157490216,1176,4,4,1178
128,1.1826758174792782,1177,4,4,1179
128,1.183690119209535,1178,4,4,1180
128,1.1847044209397917,1179,4,4,1181
128,1.1857187226700483,1180,4,4,1182
128,1.1867330244003051,1181,4,4,1183
128,1.1877473261305618,1182,4,4,1184
128,1.1887616278608184,1183,4,4,1185
128,1.1897759295910753,1184,4,4,1186
128,1.1907902313213319,1185,4,4,1187
128,1.1918045330515885,1186,4,4,1188
128,1.1928188347818454,1187,4,4,1189
128,1.193833136512102,1188,4,4,1190
128,1.1948474382423586,1189,4,4,1191
128,1.1958617399726155,1190,4,4,1192
128,1.1968760417028721,1191,4,4,1193
128,1.1978903434331287,1192,4,4,1194
128,1.1989046451633856,1193,4,4,1195
128,1.1999189468936422,1194,4,4,1196
128,1.2009332486238988,1195,4,4,1197
128,1.2019475503541557,1196,4,4,1198
128,1.2029618520844123,1197,4,4,1199
128,1.2039761538146689,1198,4,4,1200
128,1.2049904555449258,1199,4,4,1201
128,1.2060047572751824,1200,4,4,1202
128,1.207019059005439,1201,4,4,1203
128,1.2080333607356959,1202,4,4,1204
128,1.2090476624659525,1203,4,4,1205
128,1.2100619641962091,1204,4,4,1206
128,1.211076265926466,1205,4,4,1207
128,1.2120905676567226,1206,4,4,1208
128,1.2131048693869793,1207,4,4,1209
128,1.2141191711172361,1208,4,4,1210
128,1.2151334728474927,1209,4,4,1211
128,1.2161477745777494,1210,4,4,1212
128,1.2171620763080062,1211,4,4,1213
128,1.2181763780382628,1212,4,4,1214
128,1.2191906797685195,1213,4,4,1215
128,1.2202049814987763,1214,4,4,1216
128,1.2212192832290329,1215,4,4,1217
128,1.2222335849592896,1216,4,4,1218
128,1.2232478866895464,1217,4,4,1219
128,1.2242621884198031,1218,4,4,1220
128,1.2252764901500597,1219,4,4,1221
128,1.2262907918803165,1220,4,4,1222
128,1.2273050936105732,1221,4,4,1223
128,1.2283193953408298,1222,4,4,1224
128,1.2293336970710866,1223,4,4,1225
128,1.2303479988013433,1224,4,4,1226
128,1.2313623005315999,1225,4,4,1227
128,1.2323766022618567,1226,4,4,1228
128,1.2333909039921134,1227,4,4,1229
128,1.23440520572237,1228,4,4,1230
128,1.2354195074526269,1229,4,4,1231
128,1.2364338091828835,1230,4,4,1232
128,1.2374481109131401,1231,4,4,1233
128,1.238462412643397,1232,4,4,1234
128,1.2394767143736536,1233,4,4,1235
128,1.2404910161039102,1234,4,4,1236
128,1.2415053178341671,1235,4,4,1237
128,1.2425196195644237,1236,4,4,1238
128,1.2435339212946803,1237,4,4,1239
128,1.2445482230249372,1238,4,4,1240
128,1.2455625247551938,1239,4,4,1241
128,1.2465768264854504,1240,4,4,1242
128,1.2475911282157073,1241,4,4,1243
128,1.2486054299459639,1242,4,4,1244
128,1.2496197316762205,1243,4,4,1245
128,1.2506340334064774,1244,4,4,1246
128,1.251648335136734,1245,4,4,1247
128,1.2526626368669906,1246,4,4,1248
128,1.2536769385972475,1247,4,4,1249
128,1.2546912403275041,1248,4,4,1250
128,1.2557055420577607,1249,4,4,1251
128,1.2567198437880176,1250,4,4,1252
128,1.2577341455182742,1251,4,4,1253
128,1.2587484472485309,1252,4,4,1254
128,1.2597627489787877,1253,4,4,1255
128,1.2607770507090443,1254,4,4,1256
128,1.261791352439301,1255,4,4,1257
128,1.2628056541695578,1256,4,4,1258
128,1.2638199558998144,1257,4,4,1259
128,1.2648342576300711,1258,4,4,1260
128,1.2658485593603279,1259,4,4,1261
128,1.2668628610905845,1260,4,4,1262
128,1.2678771628208412,1261,4,4,1263
128,1.268891464551098,1262,4,4,1264
128,1.2699057662813547,1263,4,4,1265
128,1.2709200680116113,1264,4,4,1266
128,1.2719343697418681,1265,4,4,1267
128,1.2729486714721248,1266,4,4,1268
128,1.2739629732023814,1267,4,4,1269
128,1.2749772749326382,1268,4,4,1270
128,1.2759915766628949,1269,4,4,1271
128,1.2770058783931515,1270,4,4,1272
128,1.2780201801234083,1271,4,4,1273
128,1.279034481853665,1272,4,4,1274
128,1.2800487835839216,1273,4,4,1275
128,1.2810630853141785,1274,4,4,1276
128,1.2820773870444351,1275,4,4,1277
128,1.2830916887746917,1276,4,4,1278
128,1.2841059905049486,1277,4,4,1279
128,1.2851202922352052,1278,4,4,1280
128,1.2861345939654618,1279,4,4,1281
128,1.2871488956957187,1280,4,4,1282
128,1.2881631974259753,1281,4,4,1283
128,1.2891774991562319,1282,4,4,1284
128,1.2901918008864888,1283,4,4,1285
128,1.2912061026167454,1284,4,4,1286
128,1.292220404347002,1285,4,4,1287
128,1.2932347060772589,1286,4,4,1288
128,1.2942490078075155,1287,4,4,1289
128,1.2952633095377721,1288,4,4,1290
128,1.296277611268029,1289,4,4,1291
128,1.2972919129982856,1290,4,4,1292
128,1.2983062147285422,1291,4,4,1293
128,1.2993205164587991,1292,4,4,1294
128,1.3003348181890557,1293,4,4,1295
128,1.3013491199193123,1294,4,4,1296
128,1.3023634216495692,1295,4,4,1297
128,1.3033777233798258,1296,4,4,1298
128,1.3043920251100825,1297,4,4,1299
128,1.3054063268403393,1298,4,4,1300
128,1.3064206285705959,1299,4,4,1301
128,1.3074349303008526,1300,4,4,1302
128,1.3084492320311094,1301,4,4,1303
128,1.309463533761366,1302,4,4,1304
128,1.3104778354916227,1303,4,4,1305
128,1.3114921372218795,1304,4,4,1306
128,1.3125064389521361,1305,4,4,1307
128,1.3135207406823928,1306,4,4,1308
128,1.3145350424126496,1307,4,4,1309
128,1.3155493441429063,1308,4,4,1310
128,1.3165636458731629,1309,4,4,1311
128,1.3175779476034197,1310,4,4,1312
128,1.3185922493336764,1311,4,4,1313
128,1.319606551063933,1312,4,4,1314
128,1.3206208527941898,1313,4,4,1315
128,1.3216351545244465,1314,4,4,1316
128,1.3226494562547031,1315,4,4,1317
128,1.3236637579849599,1316,4,4,1318
128,1.3246780597152166,1317,4,4,1319
128,1.3256923614454732,1318,4,4,1320
128,1.32670666317573,1319,4,4,1321
128,1.3277209649059867,1320,4,4,1322
128,1.3287352666362433,1321,4,4,1323
128,1.3297495683665002,1322,4,4,1324
128,1.3307638700967568,1323,4,4,1325
128,1.3317781718270134,1324,4,4,1326
128,1.3327924735572703,1325,4,4,1327
128,1.3338067752875269,1326,4,4,1328
128,1.3348210770177835,1327,4,4,1329
128,1.3358353787480404,1328,4,4,1330
128,1.336849680478297,1329,4,4,1331
128,1.3378639822085536,1330,4,4,1332
128,1.3388782839388105,1331,4,4,1333
128,1.3398925856690671,1332,4,4,1334
128,1.3409068873993237,1333,4,4,1335
128,1.3419211891295806,1334,4,4,1336
128,1.3429354908598372,1335,4,4,1337
128,1.3439497925900938,1336,4,4,1338
128,1.3449640943203507,1337,4,4,1339
128,1.3459783960506073,1338,4,4,1340
128,1.3469926977808639,1339,4,4,1341
128,1.3480069995111208,1340,4,4,1342
128,1.3490213012413774,1341,4,4,1343
128,1.3500356029716341,1342,4,4,1344
128,1.3510499047018909,1343,4,4,1345
128,1.3520642064321475,1344,4,4,1346
128,1.3530785081624042,1345,4,4,1347
128,1.354092809892661,1346,4,4,1348
128,1.3551071116229176,1347,4,4,1349
128,1.3561214133531743,1348,4,4,1350
128,1.3571357150834311,1349,4,4,1351
128,1.3581500168136877,1350,4,4,1352
128,1.3591643185439444,1351,4,4,1353
128,1.3601786202742012,1352,4,4,1354
128,1.3611929220044579,1353,4,4,1355
128,1.3622072237347145,1354,4,4,1356
128,1.3632215254649713,1355,4,4,1357
128,1.364235827195228,1356,4,4,1358
128,1.3652501289254846,1357,4,4,1359
128,1.3662644306557414,1358,4,4,1360
128,1.3672787323859981,1359,4,4,1361
128,1.3682930341162547,1360,4,4,1362
128,1.3693073358465115,1361,4,4,1363
128,1.3703216375767682,1362,4,4,1364
128,1.3713359393070248,1363,4,4,1365
128,1.3723502410372816,1364,4,4,1366
128,1.3733645427675383,1365,4,4,1367
128,1.3743788444977949,1366,4,4,1368
128,1.3753931462280518,1367,4,4,1369
128,1.3764074479583084,1368,4,4,1370
128,1.377421749688565,1369,4,4,1371
128,1.3784360514188219,1370,4,4,1372
128,1.3794503531490785,1371,4,4,1373
128,1.3804646548793351,1372,4,4,1374
128,1.381478956609592,1373,4,4,1375
128,1.3824932583398486,1374,4,4,1376
128,1.3835075600701052,1375,4,4,1377
128,1.3845218618003621,1376,4,4,1378
128,1.3855361635306187,1377,4,4,1379
128,1.3865504652608753,1378,4,4,1380
128,1.3875647669911322,1379,4,4,1381
128,1.3885790687213888,1380,4,4,1382
128,1.3895933704516454,1381,4,4,1383
128,1.3906076721819023,1382,4,4,1384
128,1.3916219739121589,1383,4,4,1385
128,1.3926362756424155,1384,4,4,1386
128,1.3936505773726724,1385,4,4,1387
128,1.394664879102929,1386,4,4,1388
128,1.3956791808331857,1387,4,4,1389
128,1.3966934825634425,1388,4,4,1390
128,1.3977077842936991,1389,4,4,1391
128,1.3987220860239558,1390,4,4,1392
128,1.3997363877542126,1391,4,4,1393
128,1.4007506894844692,1392,4,4,1394
128,1.4017649912147259,1393,4,4,1395
128,1.4027792929449827,1394,4,4,1396
128,1.4037935946752393,1395,4,4,1397
128,1.404807896405496,1396,4,4,1398
128,1.4058221981357528,1397,4,4,1399
128,1.4068364998660094,1398,4,4,1400
128,1.4078508015962661,1399,4,4,1401
128,1.4088651033265229,1400,4,4,1402
128,1.4098794050567796,1401,4,4,1403
128,1.4108937067870362,1402,4,4,1404
128,1.411908008517293,1403,4,4,1405
128,1.4129223102475497,1404,4,4,1406
128,1.4139366119778063,1405,4,4,1407
128,1.4149509137080631,1406,4,4,1408
128,1.4159652154383198,1407,4,4,1409
128,1.4169795171685764,1408,4,4,1410
128,1.4179938188988332,1409,4,4,1411
128,1.4190081206290899,1410,4,4,1412
128,1.4200224223593465,1411,4,4,1413
128,1.4210367240896034,1412,4,4,1414
128,1.42205102581986,1413,4,4,1415
128,1.4230653275501166,1414,4,4,1416
128,1.4240796292803735,1415,4,4,1417
128,1.4250939310106301,1416,4,4,1418
128,1.4261082327408867,1417,4,4,1419
128,1.4271225344711436,1418,4,4,1420
128,1.4281368362014002,1419,4,4,1421
128,1.4291511379316568,1420,4,4,1422
128,1.4301654396619137,1421,4,4,1423
128,1.4311797413921703,1422,4,4,1424
128,1.4321940431224269,1423,4,4,1425
128,1.4332083448526838,1424,4,4,1426
128,1.4342226465829404,1425,4,4,1427
128,1.435236948313197,1426,4,4,1428
128,1.4362512500434539,1427,4,4,1429
128,1.4372655517737105,1428,4,4,1430
128,1.4382798535039671,1429,4,4,1431
128,1.439294155234224,1430,4,4,1432
128,1.4403084569644806,1431,4,4,1433
128,1.4413227586947372,1432,4,4,1434
128,1.4423370604249941,1433,4,4,1435
128,1.4433513621552507,1434,4,4,1436
128,1.4443656638855074,1435,4,4,1437
128,1.4453799656157642,1436,4,4,1438
128,1.4463942673460208,1437,4,4,1439
128,1.4474085690762775,1438,4,4,1440
128,1.4484228708065343,1439,4,4,1441
128,1.4494371725367909,1440,4,4,1442
128,1.4504514742670476,1441,4,4,1443
128,1.4514657759973044,1442,4,4,1444
128,1.452480077727561,1443,4,4,1445
128,1.4534943794578177,1444,4,4,1446
128,1.4545086811880745,1445,4,4,1447
128,1.4555229829183312,1446,4,4,1448
128,1.4565372846485878,1447,4,4,1449
128,1.4575515863788446,1448,4,4,1450
128,1.4585658881091013,1449,4,4,1451
128,1.4595801898393579,1450,4,4,1452
128,1.4605944915696147,1451,4,4,1453
128,1.4616087932998714,1452,4,4,1454
128,1.462623095030128,1453,4,4,1455
128,1.4636373967603848,1454,4,4,1456
128,1.4646516984906415,1455,4,4,1457
128,1.4656660002208981,1456,4,4,1458
128,1.466680301951155,1457,4,4,1459
128,1.4676946036814116,1458,4,4,1460
128,1.4687089054116682,1459,4,4,1461
128,1.4697232071419251,1460,4,4,1462
128,1.4707375088721817,1461,4,4,1463
128,1.4717518106024383,1462,4,4,1464
128,1.4727661123326952,1463,4,4,1465
128,1.4737804140629518,1464,4,4,1466
128,1.4747947157932084,1465,4,4,1467
128,1.4758090175234653,1466,4,4,1468
128,1.4768233192537219,1467,4,4,1469
128,1.4778376209839785,1468,4,4,1470
128,1.4788519227142354,1469,4,4,1471
128,1.479866224444492,1470,4,4,1472
128,1.4808805261747486,1471,4,4,1473
128,1.4818948279050055,1472,4,4,1474
128,1.4829091296352621,1473,4,4,1475
128,1.4839234313655187,1474,4,4,1476
128,1.4849377330957756,1475,4,4,1477
128,1.4859520348260322,1476,4,4,1478
128,1.4869663365562888,1477,4,4,1479
128,1.4879806382865457,1478,4,4,1480
128,1.4889949400168023,1479,4,4,1481
128,1.490009241747059,1480,4,4,1482
128,1.4910235434773158,1481,4,4,1483
128,1.4920378452075724,1482,4,4,1484
128,1.4930521469378291,1483,4,4,1485
128,1.4940664486680859,1484,4,4,1486
128,1.4950807503983425,1485,4,4,1487
128,1.4960950521285992,1486,4,4,1488
128,1.497109353858856,1487,4,4,1489
128,1.4981236555891126,1488,4,4,1490
128,1.4991379573193693,1489,4,4,1491
128,1.5001522590496261,1490,4,4,1492
128,1.5011665607798828,1491,4,4,1493
128,1.5021808625101394,1492,4,4,1494
128,1.5031951642403962,1493,4,4,1495
128,1.5042094659706529,1494,4,4,1496
128,1.5052237677009095,1495,4,4,1497
128,1.5062380694311663,1496,4,4,1498
128,1.507252371161423,1497,4,4,1499
128,1.5082666728916796,1498,4,4,1500
128,1.5092809746219364,1499,4,4,1501
128,1.5102952763521931,1500,4,4,1502
128,1.5113095780824497,1501,4,4,1503
128,1.5123238798127066,1502,4,4,1504
128,1.5133381815429632,1503,4,4,1505
128,1.5143524832732198,1504,4,4,1506
128,1.5153667850034767,1505,4,4,1507
128,1.5163810867337333,1506,4,4,1508
128,1.5173953884639899,1507,4,4,1509
128,1.5184096901942468,1508,4,4,1510
128,1.5194239919245034,1509,4,4,1511
128,1.52043829365476,1510,4,4,1512
128,1.5214525953850169,1511,4,4,1513
128,1.5224668971152735,1512,4,4,1514
128,1.5234811988455301,1513,4,4,1515
128,1.524495500575787,1514,4,4,1516
128,1.5255098023060436,1515,4,4,1517
128,1.5265241040363002,1516,4,4,1518
128,1.5275384057665571,1517,4,4,1519
128,1.5285527074968137,1518,4,4,1520
128,1.5295670092270703,1519,4,4,1521
128,1.5305813109573272,1520,4,4,1522
128,1.5315956126875838,1521,4,4,1523
128,1.5326099144178404,1522,4,4,1524
128,1.5336242161480973,1523,4,4,1525
128,1.5346385178783539,1524,4,4,1526
128,1.5356528196086106,1525,4,4,1527
128,1.5366671213388674,1526,4,4,1528
128,1.537681423069124,1527,4,4,1529
128,1.5386957247993807,1528,4,4,1530
128,1.5397100265296375,1529,4,4,1531
128,1.5407243282598941,1530,4,4,1532
128,1.5417386299901508,1531,4,4,1533
128,1.5427529317204076,1532,4,4,1534
128,1.5437672334506642,1533,4,4,1535
128,1.5447815351809209,1534,4,4,1536
128,1.5457958369111777,1535,4,4,1537
128,1.5468101386414344,1536,4,4,1538
128,1.547824440371691,1537,4,4,1539
128,1.5488387421019478,1538,4,4,1540
128,1.5498530438322045,1539,4,4,1541
128,1.5508673455624611,1540,4,4,1542
128,1.5518816472927179,1541,4,4,1543
128,1.5528959490229746,1542,4,4,1544
128,1.5539102507532312,1543,4,4,1545
128,1.554924552483488,1544,4,4,1546
128,1.5559388542137447,1545,4,4,1547
128,1.5569531559440013,1546,4,4,1548
128,1.5579674576742581,1547,4,4,1549
128,1.5589817594045148,1548,4,4,1550
128,1.5599960611347714,1549,4,4,1551
128,1.5610103628650283,1550,4,4,1552
128,1.5620246645952849,1551,4,4,1553
128,1.5630389663255415,1552,4,4,1554
128,1.5640532680557984,1553,4,4,1555
128,1.565067569786055,1554,4,4,1556
128,1.5660818715163116,1555,4,4,1557
128,1.5670961732465685,1556,4,4,1558
128,1.5681104749768251,1557,4,4,1559
128,1.5691247767070817,1558,4,4,1560
128,1.5701390784373386,1559,4,4,1561
128,1.5711533801675952,1560,4,4,1562
128,1.5721676818978518,1561,4,4,1563
128,1.5731819836281087,1562,4,4,1564
128,1.5741962853583653,1563,4,4,1565
128,1.5752105870886219,1564,4,4,1566
128,1.5762248888188788,1565,4,4,1567
128,1.5772391905491354,1566,4,4,1568
128,1.578253492279392,1567,4,4,1569
128,1.5792677940096489,1568,4,4,1570
128,1.5802820957399055,1569,4,4,1571
128,1.5812963974701622,1570,4,4,1572
128,1.582310699200419,1571,4,4,1573
128,1.5833250009306756,1572,4,4,1574
128,1.5843393026609323,1573,4,4,1575
128,1.5853536043911891,1574,4,4,1576
128,1.5863679061214457,1575,4,4,1577
128,1.5873822078517024,1576,4,4,1578
128,1.5883965095819592,1577,4,4,1579
128,1.5894108113122158,1578,4,4,1580
128,1.5904251130424725,1579,4,4,1581
128,1.5914394147727293,1580,4,4,1582
128,1.5924537165029859,1581,4,4,1583
128,1.5934680182332426,1582,4,4,1584
128,1.5944823199634994,1583,4,4,1585
128,1.5954966216937561,1584,4,4,1586
128,1.5965109234240127,1585,4,4,1587
128,1.5975252251542695,1586,4,4,1588
128,1.5985395268845262,1587,4,4,1589
128,1.5995538286147828,1588,4,4,1590
128,1.6005681303450396,1589,4,4,1591
128,1.6015824320752963,1590,4,4,1592
128,1.6025967338055529,1591,4,4,1593
128,1.6036110355358097,1592,4,4,1594
128,1.6046253372660664,1593,4,4,1595
128,1.605639638996323,1594,4,4,1596
128,1.6066539407265799,1595,4,4,1597
128,1.6076682424568365,1596,4,4,1598
128,1.6086825441870931,1597,4,4,1599
128,1.60969684591735,1598,4,4,1600
128,1.6107111476476066,1599,4,4,1601
128,1.6117254493778632,1600,4,4,1602
128,1.6127397511081201,1601,4,4,1603
128,1.6137540528383767,1602,4,4,1604
128,1.6147683545686333,1603,4,4,1605
128,1.6157826562988902,1604,4,4,1606
128,1.6167969580291468,1605,4,4,1607
128,1.6178112597594034,1606,4,4,1608
128,1.6188255614896603,1607,4,4,1609
128,1.6198398632199169,1608,4,4,1610
128,1.6208541649501735,1609,4,4,1611
128,1.6218684666804304,1610,4,4,1612
128,1.622882768410687,1611,4,4,1613
128,1.6238970701409436,1612,4,4,1614
128,1.6249113718712005,1613,4,4,1615
128,1.6259256736014571,1614,4,4,1616
128,1.6269399753317138,1615,4,4,1617
128,1.6279542770619706,1616,4,4,1618
128,1.6289685787922272,1617,4,4,1619
128,1.6299828805224839,1618,4,4,1620
128,1.6309971822527407,1619,4,4,1621
128,1.6320114839829973,1620,4,4,1622
128,1.633025785713254,1621,4,4,1623
128,1.6340400874435108,1622,4,4,1624
128,1.6350543891737674,1623,4,4,1625
128,1.6360686909040241,1624,4,4,1626
128,1.6370829926342809,1625,4,4,1627
128,1.6380972943645375,1626,4,4,1628
128,1.6391115960947942,1627,4,4,1629
128,1.640125897825051,1628,4,4,1630
128,1.6411401995553077,1629,4,4,1631
128,1.6421545012855643,1630,4,4,1632
128,1.6431688030158211,1631,4,4,1633
128,1.6441831047460778,1632,4,4,1634
128,1.6451974064763344,1633,4,4,1635
128,1.6462117082065912,1634,4,4,1636
128,1.6472260099368479,1635,4,4,1637
128,1.6482403116671045,1636,4,4,1638
128,1.6492546133973613,1637,4,4,1639
128,1.650268915127618,1638,4,4,1640
128,1.6512832168578746,1639,4,4,1641
128,1.6522975185881315,1640,4,4,1642
128,1.6533118203183881,1641,4,4,1643
128,1.6543261220486447,1642,4,4,1644
128,1.6553404237789016,1643,4,4,1645
128,1.6563547255091582,1644,4,4,1646
128,1.6573690272394148,1645,4,4,1647
128,1.6583833289696717,1646,4,4,1648
128,1.6593976306999283,1647,4,4,1649
128,1.6604119324301849,1648,4,4,1650
128,1.6614262341604418,1649,4,4,1651
128,1.6624405358906984,1650,4,4,1652
128,1.663454837620955,1651,4,4,1653
128,1.6644691393512119,1652,4,4,1654
128,1.6654834410814685,1653,4,4,1655
128,1.6664977428117251,1654,4,4,1656
128,1.667512044541982,1655,4,4,1657
128,1.6685263462722386,1656,4,4,1658
128,1.6695406480024952,1657,4,4,1659
128,1.6705549497327521,1658,4,4,1660
128,1.6715692514630087,1659,4,4,1661
128,1.6725835531932653,1660,4,4,1662
128,1.6735978549235222,1661,4,4,1663
128,1.6746121566537788,1662,4,4,1664
128,1.6756264583840355,1663,4,4,1665
128,1.6766407601142923,1664,4,4,1666
128,1.6776550618445489,1665,4,4,1667
128,1.6786693635748056,1666,4,4,1668
128,1.6796836653050624,1667,4,4,1669
128,1.680697967035319,1668,4,4,1670
128,1.6817122687655757,1669,4,4,1671
128,1.6827265704958325,1670,4,4,1672
128,1.6837408722260891,1671,4,4,1673
128,1.6847551739563458,1672,4,4,1674
128,1.6857694756866026,1673,4,4,1675
128,1.6867837774168593,1674,4,4,1676
128,1.6877980791471159,1675,4,4,1677
128,1.6888123808773727,1676,4,4,1678
128,1.6898266826076294,1677,4,4,1679
128,1.690840984337886,1678,4,4,1680
128,1.6918552860681428,1679,4,4,1681
128,1.6928695877983995,1680,4,4,1682
128,1.6938838895286561,1681,4,4,1683
128,1.6948981912589129,1682,4,4,1684
128,1.6959124929891696,1683,4,4,1685
128,1.6969267947194262,1684,4,4,1686
128,1.6979410964496831,1685,4,4,1687
128,1.6989553981799397,1686,4,4,1688
128,1.6999696999101963,1687,4,4,1689
128,1.7009840016404532,1688,4,4,1690
128,1.7019983033707098,1689,4,4,1691
128,1.7030126051009664,1690,4,4,1692
128,1.7040269068312233,1691,4,4,1693
128,1.7050412085614799,1692,4,4,1694
128,1.7060555102917365,1693,4,4,1695
128,1.7070698120219934,1694,4,4,1696
128,1.70808411375225,1695,4,4,1697
128,1.7090984154825066,1696,4,4,1698
128,1.7101127172127635,1697,4,4,1699
128,1.7111270189430201,1698,4,4,1700
128,1.7121413206732767,1699,4,4,1701
128,1.7131556224035336,1700,4,4,1702
128,1.7141699241337902,1701,4,4,1703
128,1.7151842258640468,1702,4,4,1704
128,1.7161985275943037,1703,4,4,1705
128,1.7172128293245603,1704,4,4,1706
128,1.7182271310548169,1705,4,4,1707
128,1.7192414327850738,1706,4,4,1708
128,1.7202557345153304,1707,4,4,1709
128,1.7212700362455871,1708,4,4,1710
128,1.7222843379758439,1709,4,4,1711
128,1.7232986397061005,1710,4,4,1712
128,1.7243129414363572,1711,4,4,1713
128,1.725327243166614,1712,4,4,1714
128,1.7263415448968706,1713,4,4,1715
128,1.7273558466271273,1714,4,4,1716
128,1.7283701483573841,1715,4,4,1717
128,1.7293844500876407,1716,4,4,1718
128,1.7303987518178974,1717,4,4,1719
128,1.7314130535481542,1718,4,4,1720
128,1.7324273552784109,1719,4,4,1721
128,1.7334416570086675,1720,4,4,1722
128,1.7344559587389243,1721,4,4,1723
128,1.735470260469181,1722,4,4,1724
128,1.7364845621994376,1723,4,4,1725
128,1.7374988639296944,1724,4,4,1726
128,1.7385131656599511,1725,4,4,1727
128,1.7395274673902077,1726,4,4,1728
128,1.7405417691204645,1727,4,4,1729
128,1.7415560708507212,1728,4,4,1730
128,1.7425703725809778,1729,4,4,1731
128,1.7435846743112347,1730,4,4,1732
128,1.7445989760414913,1731,4,4,1733
128,1.7456132777717479,1732,4,4,1734
128,1.7466275795020048,1733,4,4,1735
128,1.7476418812322614,1734,4,4,1736
128,1.748656182962518,1735,4,4,1737
128,1.7496704846927749,1736,4,4,1738
128,1.7506847864230315,1737,4,4,1739
128,1.7516990881532881,1738,4,4,1740
128,1.752713389883545,1739,4,4,1741
128,1.7537276916138016,1740,4,4,1742
128,1.7547419933440582,1741,4,4,1743
128,1.7557562950743151,1742,4,4,1744
128,1.7567705968045717,1743,4,4,1745
128,1.7577848985348283,1744,4,4,1746
128,1.7587992002650852,1745,4,4,1747
128,1.7598135019953418,1746,4,4,1748
128,1.7608278037255984,1747,4,4,1749
128,1.7618421054558553,1748,4,4,1750
128,1.7628564071861119,1749,4,4,1751
128,1.7638707089163685,1750,4,4,1752
128,1.7648850106466254,1751,4,4,1753
128,1.765899312376882,1752,4,4,1754
128,1.7669136141071387,1753,4,4,1755
128,1.7679279158373955,1754,4,4,1756
128,1.7689422175676521,1755,4,4,1757
128,1.7699565192979088,1756,4,4,1758
128,1.7709708210281656,1757,4,4,1759
128,1.7719851227584222,1758,4,4,1760
128,1.7729994244886789,1759,4,4,1761
128,1.7740137262189357,1760,4,4,1762
128,1.7750280279491923,1761,4,4,1763
128,1.776042329679449,1762,4,4,1764
128,1.7770566314097058,1763,4,4,1765
128,1.7780709331399625,1764,4,4,1766
128,1.7790852348702191,1765,4,4,1767
128,1.7800995366004759,1766,4,4,1768
128,1.7811138383307326,1767,4,4,1769
128,1.7821281400609892,1768,4,4,1770
128,1.783142441791246,1769,4,4,1771
128,1.7841567435215027,1770,4,4,1772
128,1.7851710452517593,1771,4,4,1773
128,1.7861853469820161,1772,4,4,1774
128,1.7871996487122728,1773,4,4,1775
128,1.7882139504425294,1774,4,4,1776
128,1.7892282521727862,1775,4,4,1777
128,1.7902425539030429,1776,4,4,1778
128,1.7912568556332995,1777,4,4,1779
128,1.7922711573635564,1778,4,4,1780
128,1.793285459093813,1779,4,4,1781
128,1.7942997608240696,1780,4,4,1782
128,1.7953140625543265,1781,4,4,1783
128,1.7963283642845831,1782,4,4,1784
128,1.7973426660148397,1783,4,4,1785
128,1.7983569677450966,1784,4,4,1786
128,1.7993712694753532,1785,4,4,1787
128,1.8003855712056098,1786,4,4,1788
128,1.8013998729358667,1787,4,4,1789
128,1.8024141746661233,1788,4,4,1790
128,1.8034284763963799,1789,4,4,1791
128,1.8044427781266368,1790,4,4,1792
128,1.8054570798568934,1791,4,4,1793
128,1.80647138158715,1792,4,4,1794
128,1.8074856833174069,1793,4,4,1795
128,1.8084999850476635,1794,4,4,1796
128,1.8095142867779201,1795,4,4,1797
128,1.810528588508177,1796,4,4,1798
128,1.8115428902384336,1797,4,4,1799
128,1.8125571919686903,1798,4,4,1800
128,1.8135714936989471,1799,4,4,1801
128,1.8145857954292037,1800,4,4,1802
128,1.8156000971594604,1801,4,4,1803
128,1.8166143988897172,1802,4,4,1804
128,1.8176287006199738,1803,4,4,1805
128,1.8186430023502305,1804,4,4,1806
128,1.8196573040804873,1805,4,4,1807
128,1.8206716058107439,1806,4,4,1808
128,1.8216859075410006,1807,4,4,1809
128,1.8227002092712574,1808,4,4,1810
128,1.823714511001514,1809,4,4,1811
128,1.8247288127317707,1810,4,4,1812
128,1.8257431144620275,1811,4,4,1813
128,1.8267574161922842,1812,4,4,1814
128,1.8277717179225408,1813,4,4,1815
128,1.8287860196527976,1814,4,4,1816
128,1.8298003213830543,1815,4,4,1817
128,1.8308146231133109,1816,4,4,1818
128,1.8318289248435677,1817,4,4,1819
128,1.8328432265738244,1818,4,4,1820
128,1.833857528304081,1819,4,4,1821
128,1.8348718300343378,1820,4,4,1822
128,1.8358861317645945,1821,4,4,1823
128,1.8369004334948511,1822,4,4,1824
128,1.837914735225108,1823,4,4,1825
128,1.8389290369553646,1824,4,4,1826
128,1.8399433386856212,1825,4,4,1827
128,1.8409576404158781,1826,4,4,1828
128,1.8419719421461347,1827,4,4,1829
128,1.8429862438763913,1828,4,4,1830
128,1.8440005456066482,1829,4,4,1831
128,1.8450148473369048,1830,4,4,1832
128,1.8460291490671614,1831,4,4,1833
128,1.8470434507974183,1832,4,4,1834
128,1.8480577525276749,1833,4,4,1835
128,1.8490720542579315,1834,4,4,1836
128,1.8500863559881884,1835,4,4,1837
128,1.851100657718445,1836,4,4,1838
128,1.8521149594487016,1837,4,4,1839
128,1.8531292611789585,1838,4,4,1840
128,1.8541435629092151,1839,4,4,1841
128,1.8551578646394717,1840,4,4,1842
128,1.8561721663697286,1841,4,4,1843
128,1.8571864680999852,1842,4,4,1844
128,1.8582007698302418,1843,4,4,1845
128,1.8592150715604987,1844,4,4,1846
128,1.8602293732907553,1845,4,4,1847
128,1.861243675021012,1846,4,4,1848
128,1.8622579767512688,1847,4,4,1849
128,1.8632722784815254,1848,4,4,1850
128,1.8642865802117821,1849,4,4,1851
128,1.8653008819420389,1850,4,4,1852
128,1.8663151836722955,1851,4,4,1853
128,1.8673294854025522,1852,4,4,1854
128,1.868343787132809,1853,4,4,1855
128,1.8693580888630656,1854,4,4,1856
128,1.8703723905933223,1855,4,4,1857
128,1.8713866923235791,1856,4,4,1858
128,1.8724009940538358,1857,4,4,1859
128,1.8734152957840924,1858,4,4,1860
128,1.8744295975143492,1859,4,4,1861
128,1.8754438992446059,1860,4,4,1862
128,1.8764582009748625,1861,4,4,1863
128,1.8774725027051193,1862,4,4,1864
128,1.878486804435376,1863,4,4,1865
128,1.8795011061656326,1864,4,4,1866
128,1.8805154078958894,1865,4,4,1867
128,1.8815297096261461,1866,4,4,1868
128,1.8825440113564027,1867,4,4,1869
128,1.8835583130866596,1868,4,4,1870
128,1.8845726148169162,1869,4,4,1871
128,1.8855869165471728,1870,4,4,1872
128,1.8866012182774297,1871,4,4,1873
128,1.8876155200076863,1872,4,4,1874
128,1.8886298217379429,1873,4,4,1875
128,1.8896441234681998,1874,4,4,1876
128,1.8906584251984564,1875,4,4,1877
128,1.891672726928713,1876,4,4,1878
128,1.8926870286589699,1877,4,4,1879
128,1.8937013303892265,1878,4,4,1880
128,1.8947156321194831,1879,4,4,1881
128,1.89572993384974,1880,4,4,1882
128,1.8967442355799966,1881,4,4,1883
128,1.8977585373102532,1882,4,4,1884
128,1.8987728390405101,1883,4,4,1885
128,1.8997871407707667,1884,4,4,1886
128,1.9008014425010233,1885,4,4,1887
128,1.9018157442312802,1886,4,4,1888
128,1.9028300459615368,1887,4,4,1889
128,1.9038443476917934,1888,4,4,1890
128,1.9048586494220503,1889,4,4,1891
128,1.9058729511523069,1890,4,4,1892
128,1.9068872528825636,1891,4,4,1893
128,1.9079015546128204,1892,4,4,1894
128,1.908915856343077,1893,4,4,1895
128,1.9099301580733337,1894,4,4,1896
128,1.9109444598035905,1895,4,4,1897
128,1.9119587615338471,1896,4,4,1898
128,1.9129730632641038,1897,4,4,1899
128,1.9139873649943606,1898,4,4,1900
128,1.9150016667246172,1899,4,4,1901
128,1.9160159684548739,1900,4,4,1902
128,1.9170302701851307,1901,4,4,1903
128,1.9180445719153874,1902,4,4,1904
128,1.919058873645644,1903,4,4,1905
128,1.9200731753759008,1904,4,4,1906
128,1.9210874771061575,1905,4,4,1907
128,1.9221017788364141,1906,4,4,1908
128,1.9231160805666709,1907,4,4,1909
128,1.9241303822969276,1908,4,4,1910
128,1.9251446840271842,1909,4,4,1911
128,1.926158985757441,1910,4,4,1912
128,1.9271732874876977,1911,4,4,1913
128,1.9281875892179543,1912,4,4,1914
128,1.9292018909482112,1913,4,4,1915
128,1.9302161926784678,1914,4,4,1916
128,1.9312304944087244,1915,4,4,1917
128,1.9322447961389813,1916,4,4,1918
128,1.9332590978692379,1917,4,4,1919
128,1.9342733995994945,1918,4,4,1920
128,1.9352877013297514,1919,4,4,1921
128,1.936302003060008,1920,4,4,1922
128,1.9373163047902646,1921,4,4,1923
128,1.9383306065205215,1922,4,4,1924
128,1.9393449082507781,1923,4,4,1925
128,1.9403592099810347,1924,4,4,1926
128,1.9413735117112916,1925,4,4,1927
128,1.9423878134415482,1926,4,4,1928
128,1.9434021151718048,1927,4,4,1929
128,1.9444164169020617,1928,4,4,1930
128,1.9454307186323183,1929,4,4,1931
128,1.9464450203625749,1930,4,4,1932
128,1.9474593220928318,1931,4,4,1933
128,1.9484736238230884,1932,4,4,1934
128,1.949487925553345,1933,4,4,1935
128,1.9505022272836019,1934,4,4,1936
128,1.9515165290138585,1935,4,4,1937
128,1.9525308307441152,1936,4,4,1938
128,1.953545132474372,1937,4,4,1939
128,1.9545594342046286,1938,4,4,1940
128,1.9555737359348853,1939,4,4,1941
128,1.9565880376651421,1940,4,4,1942
128,1.9576023393953987,1941,4,4,1943
128,1.9586166411256554,1942,4,4,1944
128,1.9596309428559122,1943,4,4,1945
128,1.9606452445861688,1944,4,4,1946
128,1.9616595463164255,1945,4,4,1947
128,1.9626738480466823,1946,4,4,1948
128,1.963688149776939,1947,4,4,1949
128,1.9647024515071956,1948,4,4,1950
128,1.9657167532374524,1949,4,4,1951
128,1.9667310549677091,1950,4,4,1952
128,1.9677453566979657,1951,4,4,1953
128,1.9687596584282225,1952,4,4,1954
128,1.9697739601584792,1953,4,4,1955
128,1.9707882618887358,1954,4,4,1956
128,1.9718025636189926,1955,4,4,1957
128,1.9728168653492493,1956,4,4,1958
128,1.9738311670795059,1957,4,4,1959
128,1.9748454688097627,1958,4,4,1960
128,1.9758597705400194,1959,4,4,1961
128,1.976874072270276,1960,4,4,1962
128,1.9778883740005329,1961,4,4,1963
128,1.9789026757307895,1962,4,4,1964
128,1.9799169774610461,1963,4,4,1965
128,1.980931279191303,1964,4,4,1966
128,1.9819455809215596,1965,4,4,1967
128,1.9829598826518162,1966,4,4,1968
128,1.9839741843820731,1967,4,4,1969
128,1.9849884861123297,1968,4,4,1970
128,1.9860027878425863,1969,4,4,1971
128,1.9870170895728432,1970,4,4,1972
128,1.9880313913030998,1971,4,4,1973
128,1.9890456930333564,1972,4,4,1974
128,1.9900599947636133,1973,4,4,1975
128,1.9910742964938699,1974,4,4,1976
128,1.9920885982241265,1975,4,4,1977
128,1.9931028999543834,1976,4,4,1978
128,1.99411720168464,1977,4,4,1979
128,1.9951315034148966,1978,4,4,1980
128,1.9961458051451535,1979,4,4,1981
128,1.9971601068754101,1980,4,4,1982
128,1.9981744086056668,1981,4,4,1983
128,1.9991887103359236,1982,4,4,1984
128,2.0002030120661805,1983,4,4,1985
128,2.0012173137964373,1984,4,4,1986
128,2.0022316155266937,1985,4,4,1987
128,2.0032459172569506,1986,4,4,1988
128,2.0042602189872074,1987,4,4,1989
128,2.0052745207174638,1988,4,4,1990
128,2.0062888224477207,1989,4,4,1991
128,2.0073031241779775,1990,4,4,1992
128,2.0083174259082339,1991,4,4,1993
128,2.0093317276384908,1992,4,4,1994
128,2.0103460293687476,1993,4,4,1995
128,2.011360331099004,1994,4,4,1996
128,2.0123746328292609,1995,4,4,1997
128,2.0133889345595177,1996,4,4,1998
128,2.0144032362897741,1997,4,4,1999
128,2.015417538020031,1998,4,4,2000
128,2.0164318397502878,1999,4,4,2001
128,2.0174461414805442,2000,4,4,2002
128,2.0184604432108011,2001,4,4,2003
128,2.0194747449410579,2002,4,4,2004
128,2.0204890466713143,2003,4,4,2005
128,2.0215033484015712,2004,4,4,2006
128,2.022517650131828,2005,4,4,2007
128,2.0235319518620845,2006,4,4,2008
128,2.0245462535923413,2007,4,4,2009
128,2.0255605553225982,2008,4,4,2010
128,2.0265748570528546,2009,4,4,2011
128,2.0275891587831114,2010,4,4,2012
128,2.0286034605133683,2011,4,4,2013
128,2.0296177622436247,2012,4,4,2014
128,2.0306320639738815,2013,4,4,2015
128,2.0316463657041384,2014,4,4,2016
128,2.0326606674343948,2015,4,4,2017
128,2.0336749691646516,2016,4,4,2018
128,2.0346892708949085,2017,4,4,2019
128,2.0357035726251649,2018,4,4,2020
128,2.0367178743554217,2019,4,4,2021
128,2.0377321760856786,2020,4,4,2022
128,2.038746477815935,2021,4,4,2023
128,2.0397607795461918,2022,4,4,2024
128,2.0407750812764487,2023,4,4,2025
128,2.0417893830067051,2024,4,4,2026
128,2.0428036847369619,2025,4,4,2027
128,2.0438179864672188,2026,4,4,2028
128,2.0448322881974752,2027,4,4,2029
128,2.0458465899277321,2028,4,4,2030
128,2.0468608916579889,2029,4,4,2031
128,2.0478751933882453,2030,4,4,2032
128,2.0488894951185022,2031,4,4,2033
128,2.049903796848759,2032,4,4,2034
128,2.0509180985790154,2033,4,4,2035
128,2.0519324003092723,2034,4,4,2036
128,2.0529467020395291,2035,4,4,2037
128,2.0539610037697855,2036,4,4,2038
128,2.0549753055000424,2037,4,4,2039
128,2.0559896072302992,2038,4,4,2040
128,2.0570039089605556,2039,4,4,2041
128,2.0580182106908125,2040,4,4,2042
128,2.0590325124210693,2041,4,4,2043
128,2.0600468141513257,2042,4,4,2044
128,2.0610611158815826,2043,4,4,2045
128,2.0620754176118394,2044,4,4,2046
128,2.0630897193420958,2045,4,4,2047
128,2.0641040210723527,2046,4,4,2048
128,2.0651183228026095,2047,4,4,2049
128,2.0661326245328659,2048,4,4,2050
128,2.0671469262631228,2049,4,4,2051
128,2.0681612279933796,2050,4,4,2052
128,2.0691755297236361,2051,4,4,2053
128,2.0701898314538929,2052,4,4,2054
128,2.0712041331841498,2053,4,4,2055
128,2.0722184349144062,2054,4,4,2056
128,2.073232736644663,2055,4,4,2057
128,2.0742470383749199,2056,4,4,2058
128,2.0752613401051763,2057,4,4,2059
128,2.0762756418354331,2058,4,4,2060
128,2.07728994356569,2059,4,4,2061
128,2.0783042452959464,2060,4,4,2062
128,2.0793185470262032,2061,4,4,2063
128,2.0803328487564601,2062,4,4,2064
128,2.0813471504867165,2063,4,4,2065
128,2.0823614522169733,2064,4,4,2066
128,2.0833757539472302,2065,4,4,2067
128,2.0843900556774866,2066,4,4,2068
128,2.0854043574077434,2067,4,4,2069
128,2.0864186591380003,2068,4,4,2070
128,2.0874329608682567,2069,4,4,2071
128,2.0884472625985135,2070,4,4,2072
128,2.0894615643287704,2071,4,4,2073
128,2.0904758660590268,2072,4,4,2074
128,2.0914901677892836,2073,4,4,2075
128,2.0925044695195405,2074,4,4,2076
128,2.0935187712497969,2075,4,4,2077
128,2.0945330729800538,2076,4,4,2078
128,2.0955473747103106,2077,4,4,2079
128,2.096561676440567,2078,4,4,2080
128,2.0975759781708239,2079,4,4,2081
128,2.0985902799010807,2080,4,4,2082
128,2.0996045816313371,2081,4,4,2083
128,2.100618883361594,2082,4,4,2084
128,2.1016331850918508,2083,4,4,2085
128,2.1026474868221072,2084,4,4,2086
128,2.1036617885523641,2085,4,4,2087
128,2.1046760902826209,2086,4,4,2088
128,2.1056903920128773,2087,4,4,2089
128,2.1067046937431342,2088,4,4,2090
128,2.107718995473391,2089,4,4,2091
128,2.1087332972036474,2090,4,4,2092
128,2.1097475989339043,2091,4,4,2093
128,2.1107619006641611,2092,4,4,2094
128,2.1117762023944175,2093,4,4,2095
128,2.1127905041246744,2094,4,4,2096
128,2.1138048058549312,2095,4,4,2097
128,2.1148191075851877,2096,4,4,2098
128,2.1158334093154445,2097,4,4,2099
128,2.1168477110457014,2098,4,4,2100
128,2.1178620127759578,2099,4,4,2101
128,2.1188763145062146,2100,4,4,2102
128,2.1198906162364715,2101,4,4,2103
128,2.1209049179667279,2102,4,4,2104
128,2.1219192196969847,2103,4,4,2105
128,2.1229335214272416,2104,4,4,2106
128,2.123947823157498,2105,4,4,2107
128,2.1249621248877548,2106,4,4,2108
128,2.1259764266180117,2107,4,4,2109
128,2.1269907283482681,2108,4,4,2110
128,2.1280050300785249,2109,4,4,2111
128,2.1290193318087818,2110,4,4,2112
128,2.1300336335390382,2111,4,4,2113
128,2.131047935269295,2112,4,4,2114
128,2.1320622369995519,2113,4,4,2115
128,2.1330765387298083,2114,4,4,2116
128,2.1340908404600651,2115,4,4,2117
128,2.135105142190322,2116,4,4,2118
128,2.1361194439205784,2117,4,4,2119
128,2.1371337456508352,2118,4,4,2120
128,2.1381480473810921,2119,4,4,2121
128,2.1391623491113485,2120,4,4,2122
128,2.1401766508416054,2121,4,4,2123
128,2.1411909525718622,2122,4,4,2124
128,2.1422052543021186,2123,4,4,2125
128,2.1432195560323755,2124,4,4,2126
128,2.1442338577626323,2125,4,4,2127
128,2.1452481594928887,2126,4,4,2128
128,2.1462624612231456,2127,4,4,2129
128,2.1472767629534024,2128,4,4,2130
128,2.1482910646836588,2129,4,4,2131
128,2.1493053664139157,2130,4,4,2132
128,2.1503196681441725,2131,4,4,2133
128,2.1513339698744289,2132,4,4,2134
128,2.1523482716046858,2133,4,4,2135
128,2.1533625733349426,2134,4,4,2136
128,2.154376875065199,2135,4,4,2137
128,2.1553911767954559,2136,4,4,2138
128,2.1564054785257127,2137,4,4,2139
128,2.1574197802559691,2138,4,4,2140
128,2.158434081986226,2139,4,4,2141
128,2.1594483837164828,2140,4,4,2142
128,2.1604626854467393,2141,4,4,2143
128,2.1614769871769961,2142,4,4,2144
128,2.162491288907253,2143,4,4,2145
128,2.1635055906375094,2144,4,4,2146
128,2.1645198923677662,2145,4,4,2147
128,2.1655341940980231,2146,4,4,2148
128,2.1665484958282795,2147,4,4,2149
128,2.1675627975585363,2148,4,4,2150
128,2.1685770992887932,2149,4,4,2151
128,2.1695914010190496,2150,4,4,2152
128,2.1706057027493064,2151,4,4,2153
128,2.1716200044795633,2152,4,4,2154
128,2.1726343062098197,2153,4,4,2155
128,2.1736486079400765,2154,4,4,2156
128,2.1746629096703334,2155,4,4,2157
128,2.1756772114005898,2156,4,4,2158
128,2.1766915131308466,2157,4,4,2159
128,2.1777058148611035,2158,4,4,2160
128,2.1787201165913599,2159,4,4,2161
128,2.1797344183216167,2160,4,4,2162
128,2.1807487200518736,2161,4,4,2163
128,2.18176302178213,2162,4,4,2164
128,2.1827773235123868,2163,4,4,2165
128,2.1837916252426437,2164,4,4,2166
128,2.1848059269729001,2165,4,4,2167
128,2.185820228703157,2166,4,4,2168
128,2.1868345304334138,2167,4,4,2169
128,2.1878488321636702,2168,4,4,2170
128,2.1888631338939271,2169,4,4,2171
128,2.1898774356241839,2170,4,4,2172
128,2.1908917373544403,2171,4,4,2173
128,2.1919060390846972,2172,4,4,2174
128,2.192920340814954,2173,4,4,2175
128,2.1939346425452104,2174,4,4,2176
128,2.1949489442754673,2175,4,4,2177
128,2.1959632460057241,2176,4,4,2178
128,2.1969775477359805,2177,4,4,2179
128,2.1979918494662374,2178,4,4,2180
128,2.1990061511964942,2179,4,4,2181
128,2.2000204529267506,2180,4,4,2182
128,2.2010347546570075,2181,4,4,2183
128,2.2020490563872643,2182,4,4,2184
128,2.2030633581175207,2183,4,4,2185
128,2.2040776598477776,2184,4,4,2186
128,2.2050919615780344,2185,4,4,2187
128,2.2061062633082908,2186,4,4,2188
128,2.2071205650385477,2187,4,4,2189
128,2.2081348667688045,2188,4,4,2190
128,2.209149168499061,2189,4,4,2191
128,2.2101634702293178,2190,4,4,2192
128,2.2111777719595747,2191,4,4,2193
128,2.2121920736898311,2192,4,4,2194
128,2.2132063754200879,2193,4,4,2195
128,2.2142206771503448,2194,4,4,2196
128,2.2152349788806012,2195,4,4,2197
128,2.216249280610858,2196,4,4,2198
128,2.2172635823411149,2197,4,4,2199
128,2.2182778840713713,2198,4,4,2200
128,2.2192921858016281,2199,4,4,2201
128,2.220306487531885,2200,4,4,2202
128,2.2213207892621414,2201,4,4,2203
128,2.2223350909923982,2202,4,4,2204
128,2.2233493927226551,2203,4,4,2205
128,2.2243636944529115,2204,4,4,2206
128,2.2253779961831683,2205,4,4,2207
128,2.2263922979134252,2206,4,4,2208
128,2.2274065996436816,2207,4,4,2209
128,2.2284209013739384,2208,4,4,2210
128,2.2294352031041953,2209,4,4,2211
128,2.2304495048344517,2210,4,4,2212
128,2.2314638065647086,2211,4,4,2213
128,2.2324781082949654,2212,4,4,2214
128,2.2334924100252218,2213,4,4,2215
128,2.2345067117554787,2214,4,4,2216
128,2.2355210134857355,2215,4,4,2217
128,2.2365353152159919,2216,4,4,2218
128,2.2375496169462488,2217,4,4,2219
128,2.2385639186765056,2218,4,4,2220
128,2.239578220406762,2219,4,4,2221
128,2.2405925221370189,2220,4,4,2222
128,2.2416068238672757,2221,4,4,2223
128,2.2426211255975321,2222,4,4,2224
