case,subcase,resolution,imax,method,data_dir,numeric_file,samples,terminal_coordinate,elapsed_seconds,verification,complete
capwave,,32,0,clsvof,capwave/N0032/imax00/clsvof,wave.dat,738,24.975300000000001,5.0,contract_verified,true
capwave,,32,0,nn,capwave/N0032/imax00/nn,wave.dat,738,24.975300000000001,7.0,contract_verified,true
capwave,,32,1,clsvof,capwave/N0032/imax01/clsvof,wave.dat,738,24.975300000000001,10.0,contract_verified,true
capwave,,32,1,nn,capwave/N0032/imax01/nn,wave.dat,738,24.975300000000001,10.0,contract_verified,true
capwave,,32,2,clsvof,capwave/N0032/imax02/clsvof,wave.dat,738,24.975300000000001,8.0,contract_verified,true
capwave,,32,2,nn,capwave/N0032/imax02/nn,wave.dat,738,24.975300000000001,10.0,contract_verified,true
capwave,,32,3,clsvof,capwave/N0032/imax03/clsvof,wave.dat,738,24.975300000000001,8.0,contract_verified,true
capwave,,32,3,nn,capwave/N0032/imax03/nn,wave.dat,738,24.975300000000001,9.0,contract_verified,true
capwave,,32,4,clsvof,capwave/N0032/imax04/clsvof,wave.dat,738,24.975300000000001,7.0,contract_verified,true
capwave,,32,4,nn,capwave/N0032/imax04/nn,wave.dat,738,24.975300000000001,9.0,contract_verified,true
capwave,,32,5,clsvof,capwave/N0032/imax05/clsvof,wave.dat,738,24.975300000000001,9.0,contract_verified,true
capwave,,32,5,nn,capwave/N0032/imax05/nn,wave.dat,738,24.975300000000001,11.0,contract_verified,true
capwave,,64,0,clsvof,capwave/N0064/imax00/clsvof,wave.dat,738,24.975300000000001,13.903344444930553,legacy_numeric,true
capwave,,64,0,nn,capwave/N0064/imax00/nn,wave.dat,738,24.975300000000001,15.436088494956493,legacy_numeric,true
capwave,,64,1,clsvof,capwave/N0064/imax01/clsvof,wave.dat,738,24.975300000000001,14.390462435781956,legacy_numeric,true
capwave,,64,1,nn,capwave/N0064/imax01/nn,wave.dat,738,24.975300000000001,15.240196235477924,legacy_numeric,true
capwave,,64,2,clsvof,capwave/N0064/imax02/clsvof,wave.dat,738,24.975300000000001,14.479631595313549,legacy_numeric,true
capwave,,64,2,nn,capwave/N0064/imax02/nn,wave.dat,738,24.975300000000001,15.429934911429882,legacy_numeric,true
capwave,,64,3,clsvof,capwave/N0064/imax03/clsvof,wave.dat,738,24.975300000000001,14.559315301477909,legacy_numeric,true
capwave,,64,3,nn,capwave/N0064/imax03/nn,wave.dat,738,24.975300000000001,15.714096643030643,legacy_numeric,true
capwave,,64,4,clsvof,capwave/N0064/imax04/clsvof,wave.dat,738,24.975300000000001,14.583098337054253,legacy_numeric,true
capwave,,64,4,nn,capwave/N0064/imax04/nn,wave.dat,738,24.975300000000001,15.455450348556042,legacy_numeric,true
capwave,,64,5,clsvof,capwave/N0064/imax05/clsvof,wave.dat,738,24.975300000000001,14.708514466881752,legacy_numeric,true
capwave,,64,5,nn,capwave/N0064/imax05/nn,wave.dat,738,24.975300000000001,15.51478759944439,legacy_numeric,true
capwave,,128,0,clsvof,capwave/N0128/imax00/clsvof,wave.dat,738,24.975300000000001,29.869147263467312,legacy_numeric,true
capwave,,128,0,nn,capwave/N0128/imax00/nn,wave.dat,738,24.975300000000001,31.55593913793564,legacy_numeric,true
capwave,,128,1,clsvof,capwave/N0128/imax01/clsvof,wave.dat,738,24.975300000000001,31.522123269736767,legacy_numeric,true
capwave,,128,1,nn,capwave/N0128/imax01/nn,wave.dat,738,24.975300000000001,33.02576619386673,legacy_numeric,true
capwave,,128,2,clsvof,capwave/N0128/imax02/clsvof,wave.dat,738,24.975300000000001,31.937624916434288,legacy_numeric,true
capwave,,128,2,nn,capwave/N0128/imax02/nn,wave.dat,738,24.975300000000001,33.69805435091257,legacy_numeric,true
capwave,,128,3,clsvof,capwave/N0128/imax03/clsvof,wave.dat,738,24.975300000000001,32.9081574305892,legacy_numeric,true
capwave,,128,3,nn,capwave/N0128/imax03/nn,wave.dat,738,24.975300000000001,34.08983797580004,legacy_numeric,true
capwave,,128,4,clsvof,capwave/N0128/imax04/clsvof,wave.dat,738,24.975300000000001,33.69984645396471,legacy_numeric,true
capwave,,128,4,nn,capwave/N0128/imax04/nn,wave.dat,738,24.975300000000001,34.92804902791977,legacy_numeric,true
capwave,,128,5,clsvof,capwave/N0128/imax05/clsvof,wave.dat,738,24.975300000000001,33.40028665214777,legacy_numeric,true
capwave,,128,5,nn,capwave/N0128/imax05/nn,wave.dat,738,24.975300000000001,34.69453947246075,legacy_numeric,true
capwave,,256,0,clsvof,capwave/N0256/imax00/clsvof,wave.dat,738,24.975300000000001,125.11878804117441,legacy_numeric,true
capwave,,256,0,nn,capwave/N0256/imax00/nn,wave.dat,738,24.975300000000001,128.64470617473125,legacy_numeric,true
capwave,,256,1,clsvof,capwave/N0256/imax01/clsvof,wave.dat,738,24.975300000000001,119.6863250657916,legacy_numeric,true
capwave,,256,1,nn,capwave/N0256/imax01/nn,wave.dat,738,24.975300000000001,121.88171858340502,legacy_numeric,true
capwave,,256,2,clsvof,capwave/N0256/imax02/clsvof,wave.dat,738,24.975300000000001,122.21704341471195,legacy_numeric,true
capwave,,256,2,nn,capwave/N0256/imax02/nn,wave.dat,738,24.975300000000001,121.30458701401949,legacy_numeric,true
capwave,,256,3,clsvof,capwave/N0256/imax03/clsvof,wave.dat,738,24.975300000000001,120.2170132547617,legacy_numeric,true
capwave,,256,3,nn,capwave/N0256/imax03/nn,wave.dat,738,24.975300000000001,124.15825801342726,legacy_numeric,true
capwave,,256,4,clsvof,capwave/N0256/imax04/clsvof,wave.dat,738,24.975300000000001,125.25159818679094,legacy_numeric,true
capwave,,256,4,nn,capwave/N0256/imax04/nn,wave.dat,738,24.975300000000001,127.25537933409214,legacy_numeric,true
capwave,,256,5,clsvof,capwave/N0256/imax05/clsvof,wave.dat,738,24.975300000000001,126.7019742578268,legacy_numeric,true
capwave,,256,5,nn,capwave/N0256/imax05/nn,wave.dat,738,24.975300000000001,131.16673384606838,legacy_numeric,true
capwave,,512,0,clsvof,capwave/N0512/imax00/clsvof,wave.dat,738,24.975300000000001,542.9508418291807,legacy_numeric,true
capwave,,512,0,nn,capwave/N0512/imax00/nn,wave.dat,738,24.975300000000001,546.5322644189,legacy_numeric,true
capwave,,512,1,clsvof,capwave/N0512/imax01/clsvof,wave.dat,738,24.975300000000001,425.79822006076574,legacy_numeric,true
capwave,,512,1,nn,capwave/N0512/imax01/nn,wave.dat,738,24.975300000000001,444.77331229299307,legacy_numeric,true
capwave,,512,2,clsvof,capwave/N0512/imax02/clsvof,wave.dat,738,24.975300000000001,450.4805074855685,legacy_numeric,true
capwave,,512,2,nn,capwave/N0512/imax02/nn,wave.dat,738,24.975300000000001,465.541708946228,legacy_numeric,true
capwave,,512,3,clsvof,capwave/N0512/imax03/clsvof,wave.dat,738,24.975300000000001,477.35047347843647,legacy_numeric,true
capwave,,512,3,nn,capwave/N0512/imax03/nn,wave.dat,738,24.975300000000001,480.71988862007856,legacy_numeric,true
capwave,,512,4,clsvof,capwave/N0512/imax04/clsvof,wave.dat,738,24.975300000000001,485.9966903626919,legacy_numeric,true
capwave,,512,4,nn,capwave/N0512/imax04/nn,wave.dat,738,24.975300000000001,506.05373208224773,legacy_numeric,true
capwave,,512,5,clsvof,capwave/N0512/imax05/clsvof,wave.dat,738,24.975300000000001,509.2766238152981,legacy_numeric,true
capwave,,512,5,nn,capwave/N0512/imax05/nn,wave.dat,738,24.975300000000001,529.2416121438146,legacy_numeric,true
rising_bubble,case1,32,0,clsvof,rising_bubble/case1/N0032/imax00/clsvof,history.dat,84,3,4.0,contract_verified,true
rising_bubble,case1,32,0,nn,rising_bubble/case1/N0032/imax00/nn,history.dat,84,3,8.0,contract_verified,true
rising_bubble,case1,32,1,clsvof,rising_bubble/case1/N0032/imax01/clsvof,history.dat,84,3,9.0,contract_verified,true
rising_bubble,case1,32,1,nn,rising_bubble/case1/N0032/imax01/nn,history.dat,84,3,8.0,contract_verified,true
rising_bubble,case1,32,2,clsvof,rising_bubble/case1/N0032/imax02/clsvof,history.dat,84,3,7.0,contract_verified,true
rising_bubble,case1,32,2,nn,rising_bubble/case1/N0032/imax02/nn,history.dat,84,3,7.0,contract_verified,true
rising_bubble,case1,32,3,clsvof,rising_bubble/case1/N0032/imax03/clsvof,history.dat,84,3,7.0,contract_verified,true
rising_bubble,case1,32,3,nn,rising_bubble/case1/N0032/imax03/nn,history.dat,84,3,7.0,contract_verified,true
rising_bubble,case1,32,4,clsvof,rising_bubble/case1/N0032/imax04/clsvof,history.dat,84,3,7.0,contract_verified,true
rising_bubble,case1,32,4,nn,rising_bubble/case1/N0032/imax04/nn,history.dat,84,3,7.0,contract_verified,true
rising_bubble,case1,32,5,clsvof,rising_bubble/case1/N0032/imax05/clsvof,history.dat,84,3,8.0,contract_verified,true
rising_bubble,case1,32,5,nn,rising_bubble/case1/N0032/imax05/nn,history.dat,84,3,8.0,contract_verified,true
rising_bubble,case1,64,0,clsvof,rising_bubble/case1/N0064/imax00/clsvof,history.dat,215,3,11.57459481805563,legacy_numeric,true
rising_bubble,case1,64,0,nn,rising_bubble/case1/N0064/imax00/nn,history.dat,215,3,13.13943526148796,legacy_numeric,true
rising_bubble,case1,64,1,clsvof,rising_bubble/case1/N0064/imax01/clsvof,history.dat,215,3,11.776158593595028,legacy_numeric,true
rising_bubble,case1,64,1,nn,rising_bubble/case1/N0064/imax01/nn,history.dat,215,3,12.579218961298466,legacy_numeric,true
rising_bubble,case1,64,2,clsvof,rising_bubble/case1/N0064/imax02/clsvof,history.dat,215,3,11.666221246123314,legacy_numeric,true
rising_bubble,case1,64,2,nn,rising_bubble/case1/N0064/imax02/nn,history.dat,215,3,12.79992613941431,legacy_numeric,true
rising_bubble,case1,64,3,clsvof,rising_bubble/case1/N0064/imax03/clsvof,history.dat,215,3,11.703764036297798,legacy_numeric,true
rising_bubble,case1,64,3,nn,rising_bubble/case1/N0064/imax03/nn,history.dat,215,3,12.758399784564972,legacy_numeric,true
rising_bubble,case1,64,4,clsvof,rising_bubble/case1/N0064/imax04/clsvof,history.dat,215,3,11.886335082352161,legacy_numeric,true
rising_bubble,case1,64,4,nn,rising_bubble/case1/N0064/imax04/nn,history.dat,215,3,12.734977409243584,legacy_numeric,true
rising_bubble,case1,64,5,clsvof,rising_bubble/case1/N0064/imax05/clsvof,history.dat,215,3,11.825534604489803,legacy_numeric,true
rising_bubble,case1,64,5,nn,rising_bubble/case1/N0064/imax05/nn,history.dat,215,3,12.946454636752605,legacy_numeric,true
rising_bubble,case1,128,0,clsvof,rising_bubble/case1/N0128/imax00/clsvof,history.dat,586,3,17.113882943987846,legacy_numeric,true
rising_bubble,case1,128,0,nn,rising_bubble/case1/N0128/imax00/nn,history.dat,586,3,18.345641292631626,legacy_numeric,true
rising_bubble,case1,128,1,clsvof,rising_bubble/case1/N0128/imax01/clsvof,history.dat,586,3,16.379087582230568,legacy_numeric,true
rising_bubble,case1,128,1,nn,rising_bubble/case1/N0128/imax01/nn,history.dat,586,3,17.393199436366558,legacy_numeric,true
rising_bubble,case1,128,2,clsvof,rising_bubble/case1/N0128/imax02/clsvof,history.dat,586,3,16.329032234847546,legacy_numeric,true
rising_bubble,case1,128,2,nn,rising_bubble/case1/N0128/imax02/nn,history.dat,586,3,17.673218190670013,legacy_numeric,true
rising_bubble,case1,128,3,clsvof,rising_bubble/case1/N0128/imax03/clsvof,history.dat,586,3,16.631560318171978,legacy_numeric,true
rising_bubble,case1,128,3,nn,rising_bubble/case1/N0128/imax03/nn,history.dat,586,3,17.710483759641647,legacy_numeric,true
rising_bubble,case1,128,4,clsvof,rising_bubble/case1/N0128/imax04/clsvof,history.dat,586,3,16.853129141032696,legacy_numeric,true
rising_bubble,case1,128,4,nn,rising_bubble/case1/N0128/imax04/nn,history.dat,586,3,17.78745985776186,legacy_numeric,true
rising_bubble,case1,128,5,clsvof,rising_bubble/case1/N0128/imax05/clsvof,history.dat,586,3,16.85706275701523,legacy_numeric,true
rising_bubble,case1,128,5,nn,rising_bubble/case1/N0128/imax05/nn,history.dat,586,3,18.240946479141712,legacy_numeric,true
rising_bubble,case1,256,0,clsvof,rising_bubble/case1/N0256/imax00/clsvof,history.dat,1637,3,51.368225790560246,legacy_numeric,true
rising_bubble,case1,256,0,nn,rising_bubble/case1/N0256/imax00/nn,history.dat,1637,3,53.80004180967808,legacy_numeric,true
rising_bubble,case1,256,1,clsvof,rising_bubble/case1/N0256/imax01/clsvof,history.dat,1637,3,42.46476063877344,legacy_numeric,true
rising_bubble,case1,256,1,nn,rising_bubble/case1/N0256/imax01/nn,history.dat,1637,3,44.93315667659044,legacy_numeric,true
rising_bubble,case1,256,2,clsvof,rising_bubble/case1/N0256/imax02/clsvof,history.dat,1637,3,42.5649775788188,legacy_numeric,true
rising_bubble,case1,256,2,nn,rising_bubble/case1/N0256/imax02/nn,history.dat,1637,3,45.24782986193895,legacy_numeric,true
rising_bubble,case1,256,3,clsvof,rising_bubble/case1/N0256/imax03/clsvof,history.dat,1637,3,43.44477778673172,legacy_numeric,true
rising_bubble,case1,256,3,nn,rising_bubble/case1/N0256/imax03/nn,history.dat,1637,3,46.05004733800888,legacy_numeric,true
rising_bubble,case1,256,4,clsvof,rising_bubble/case1/N0256/imax04/clsvof,history.dat,1637,3,43.80957316607237,legacy_numeric,true
rising_bubble,case1,256,4,nn,rising_bubble/case1/N0256/imax04/nn,history.dat,1637,3,46.87116438150406,legacy_numeric,true
rising_bubble,case1,256,5,clsvof,rising_bubble/case1/N0256/imax05/clsvof,history.dat,1637,3,44.598229594528675,legacy_numeric,true
rising_bubble,case1,256,5,nn,rising_bubble/case1/N0256/imax05/nn,history.dat,1637,3,47.19808691740036,legacy_numeric,true
rising_bubble,case1,512,0,clsvof,rising_bubble/case1/N0512/imax00/clsvof,history.dat,4621,3,170.03904870897532,legacy_numeric,true
rising_bubble,case1,512,0,nn,rising_bubble/case1/N0512/imax00/nn,history.dat,4619,3,178.14022850245237,legacy_numeric,true
rising_bubble,case1,512,1,clsvof,rising_bubble/case1/N0512/imax01/clsvof,history.dat,4608,3,120.99392724782228,legacy_numeric,true
rising_bubble,case1,512,1,nn,rising_bubble/case1/N0512/imax01/nn,history.dat,4608,3,132.5490466877818,legacy_numeric,true
rising_bubble,case1,512,2,clsvof,rising_bubble/case1/N0512/imax02/clsvof,history.dat,4608,3,122.56710509955883,legacy_numeric,true
rising_bubble,case1,512,2,nn,rising_bubble/case1/N0512/imax02/nn,history.dat,4608,3,134.30397713184357,legacy_numeric,true
rising_bubble,case1,512,3,clsvof,rising_bubble/case1/N0512/imax03/clsvof,history.dat,4608,3,125.21772190183401,legacy_numeric,true
rising_bubble,case1,512,3,nn,rising_bubble/case1/N0512/imax03/nn,history.dat,4608,3,137.3633401170373,legacy_numeric,true
rising_bubble,case1,512,4,clsvof,rising_bubble/case1/N0512/imax04/clsvof,history.dat,4608,3,127.27516510337591,legacy_numeric,true
rising_bubble,case1,512,4,nn,rising_bubble/case1/N0512/imax04/nn,history.dat,4608,3,141.4752273708582,legacy_numeric,true
rising_bubble,case1,512,5,clsvof,rising_bubble/case1/N0512/imax05/clsvof,history.dat,4608,3,129.71494346112013,legacy_numeric,true
rising_bubble,case1,512,5,nn,rising_bubble/case1/N0512/imax05/nn,history.dat,4608,3,141.89080946147442,legacy_numeric,true
rising_bubble,case2,32,0,clsvof,rising_bubble/case2/N0032/imax00/clsvof,history.dat,54,3,8.0,contract_verified,true
rising_bubble,case2,32,0,nn,rising_bubble/case2/N0032/imax00/nn,history.dat,54,3,13.0,contract_verified,true
rising_bubble,case2,32,1,clsvof,rising_bubble/case2/N0032/imax01/clsvof,history.dat,55,3,13.0,contract_verified,true
rising_bubble,case2,32,1,nn,rising_bubble/case2/N0032/imax01/nn,history.dat,55,3,11.0,contract_verified,true
rising_bubble,case2,32,2,clsvof,rising_bubble/case2/N0032/imax02/clsvof,history.dat,55,3,12.0,contract_verified,true
rising_bubble,case2,32,2,nn,rising_bubble/case2/N0032/imax02/nn,history.dat,55,3,11.0,contract_verified,true
rising_bubble,case2,32,3,clsvof,rising_bubble/case2/N0032/imax03/clsvof,history.dat,55,3,10.0,contract_verified,true
rising_bubble,case2,32,3,nn,rising_bubble/case2/N0032/imax03/nn,history.dat,55,3,10.0,contract_verified,true
rising_bubble,case2,32,4,clsvof,rising_bubble/case2/N0032/imax04/clsvof,history.dat,55,3,11.0,contract_verified,true
rising_bubble,case2,32,4,nn,rising_bubble/case2/N0032/imax04/nn,history.dat,55,3,11.0,contract_verified,true
rising_bubble,case2,32,5,clsvof,rising_bubble/case2/N0032/imax05/clsvof,history.dat,55,3,12.0,contract_verified,true
rising_bubble,case2,32,5,nn,rising_bubble/case2/N0032/imax05/nn,history.dat,55,3,12.0,contract_verified,true
rising_bubble,case2,64,0,clsvof,rising_bubble/case2/N0064/imax00/clsvof,history.dat,132,3,26.070061922073364,legacy_numeric,true
rising_bubble,case2,64,0,nn,rising_bubble/case2/N0064/imax00/nn,history.dat,132,3,27.05930169671774,legacy_numeric,true
rising_bubble,case2,64,1,clsvof,rising_bubble/case2/N0064/imax01/clsvof,history.dat,138,3,28.039562225341797,legacy_numeric,true
rising_bubble,case2,64,1,nn,rising_bubble/case2/N0064/imax01/nn,history.dat,138,3,28.806923002004623,legacy_numeric,true
rising_bubble,case2,64,2,clsvof,rising_bubble/case2/N0064/imax02/clsvof,history.dat,138,3,28.528221160173416,legacy_numeric,true
rising_bubble,case2,64,2,nn,rising_bubble/case2/N0064/imax02/nn,history.dat,138,3,29.40527941286564,legacy_numeric,true
rising_bubble,case2,64,3,clsvof,rising_bubble/case2/N0064/imax03/clsvof,history.dat,138,3,28.840569093823433,legacy_numeric,true
rising_bubble,case2,64,3,nn,rising_bubble/case2/N0064/imax03/nn,history.dat,138,3,29.899645783007145,legacy_numeric,true
rising_bubble,case2,64,4,clsvof,rising_bubble/case2/N0064/imax04/clsvof,history.dat,138,3,28.5604200437665,legacy_numeric,true
rising_bubble,case2,64,4,nn,rising_bubble/case2/N0064/imax04/nn,history.dat,138,3,29.659176036715508,legacy_numeric,true
rising_bubble,case2,64,5,clsvof,rising_bubble/case2/N0064/imax05/clsvof,history.dat,138,3,28.58305073529482,legacy_numeric,true
rising_bubble,case2,64,5,nn,rising_bubble/case2/N0064/imax05/nn,history.dat,138,3,29.300098955631256,legacy_numeric,true
rising_bubble,case2,128,0,clsvof,rising_bubble/case2/N0128/imax00/clsvof,history.dat,253,3,22.51470661908388,legacy_numeric,true
rising_bubble,case2,128,0,nn,rising_bubble/case2/N0128/imax00/nn,history.dat,252,3,23.126090817153454,legacy_numeric,true
rising_bubble,case2,128,1,clsvof,rising_bubble/case2/N0128/imax01/clsvof,history.dat,273,3,22.36410392820835,legacy_numeric,true
rising_bubble,case2,128,1,nn,rising_bubble/case2/N0128/imax01/nn,history.dat,272,3,23.566770561039448,legacy_numeric,true
rising_bubble,case2,128,2,clsvof,rising_bubble/case2/N0128/imax02/clsvof,history.dat,272,3,22.823524922132492,legacy_numeric,true
rising_bubble,case2,128,2,nn,rising_bubble/case2/N0128/imax02/nn,history.dat,272,3,23.779708214104176,legacy_numeric,true
rising_bubble,case2,128,3,clsvof,rising_bubble/case2/N0128/imax03/clsvof,history.dat,274,3,22.402032770216465,legacy_numeric,true
rising_bubble,case2,128,3,nn,rising_bubble/case2/N0128/imax03/nn,history.dat,271,3,23.454994425177574,legacy_numeric,true
rising_bubble,case2,128,4,clsvof,rising_bubble/case2/N0128/imax04/clsvof,history.dat,274,3,22.95256596058607,legacy_numeric,true
rising_bubble,case2,128,4,nn,rising_bubble/case2/N0128/imax04/nn,history.dat,274,3,23.92072357982397,legacy_numeric,true
rising_bubble,case2,128,5,clsvof,rising_bubble/case2/N0128/imax05/clsvof,history.dat,274,3,23.23241513967514,legacy_numeric,true
rising_bubble,case2,128,5,nn,rising_bubble/case2/N0128/imax05/nn,history.dat,274,3,23.84803193807602,legacy_numeric,true
rising_bubble,case2,256,0,clsvof,rising_bubble/case2/N0256/imax00/clsvof,history.dat,677,3,91.02372678369284,legacy_numeric,true
rising_bubble,case2,256,0,nn,rising_bubble/case2/N0256/imax00/nn,history.dat,668,3,88.61896568536758,legacy_numeric,true
rising_bubble,case2,256,1,clsvof,rising_bubble/case2/N0256/imax01/clsvof,history.dat,591,3,76.15836521238089,legacy_numeric,true
rising_bubble,case2,256,1,nn,rising_bubble/case2/N0256/imax01/nn,history.dat,590,3,77.45526605844498,legacy_numeric,true
rising_bubble,case2,256,2,clsvof,rising_bubble/case2/N0256/imax02/clsvof,history.dat,589,3,77.28748068958521,legacy_numeric,true
rising_bubble,case2,256,2,nn,rising_bubble/case2/N0256/imax02/nn,history.dat,589,3,77.65157041698694,legacy_numeric,true
rising_bubble,case2,256,3,clsvof,rising_bubble/case2/N0256/imax03/clsvof,history.dat,588,3,77.54630007594824,legacy_numeric,true
rising_bubble,case2,256,3,nn,rising_bubble/case2/N0256/imax03/nn,history.dat,589,3,79.70511762797832,legacy_numeric,true
rising_bubble,case2,256,4,clsvof,rising_bubble/case2/N0256/imax04/clsvof,history.dat,585,3,77.67727380990982,legacy_numeric,true
rising_bubble,case2,256,4,nn,rising_bubble/case2/N0256/imax04/nn,history.dat,589,3,78.61719399690628,legacy_numeric,true
rising_bubble,case2,256,5,clsvof,rising_bubble/case2/N0256/imax05/clsvof,history.dat,587,3,77.0919199436903,legacy_numeric,true
rising_bubble,case2,256,5,nn,rising_bubble/case2/N0256/imax05/nn,history.dat,587,3,79.54787984490395,legacy_numeric,true
rising_bubble,case2,512,0,clsvof,rising_bubble/case2/N0512/imax00/clsvof,history.dat,1963,3,347.7909794896841,legacy_numeric,true
rising_bubble,case2,512,0,nn,rising_bubble/case2/N0512/imax00/nn,history.dat,1946,3,348.22915437072515,legacy_numeric,true
rising_bubble,case2,512,1,clsvof,rising_bubble/case2/N0512/imax01/clsvof,history.dat,1437,3,255.16179678589106,legacy_numeric,true
rising_bubble,case2,512,1,nn,rising_bubble/case2/N0512/imax01/nn,history.dat,1441,3,257.21899539232254,legacy_numeric,true
rising_bubble,case2,512,2,clsvof,rising_bubble/case2/N0512/imax02/clsvof,history.dat,1436,3,254.53608979284763,legacy_numeric,true
rising_bubble,case2,512,2,nn,rising_bubble/case2/N0512/imax02/nn,history.dat,1443,3,264.12344996631145,legacy_numeric,true
rising_bubble,case2,512,3,clsvof,rising_bubble/case2/N0512/imax03/clsvof,history.dat,1438,3,255.93099200725555,legacy_numeric,true
rising_bubble,case2,512,3,nn,rising_bubble/case2/N0512/imax03/nn,history.dat,1440,3,268.92364253103733,legacy_numeric,true
rising_bubble,case2,512,4,clsvof,rising_bubble/case2/N0512/imax04/clsvof,history.dat,1438,3,252.01441761106253,legacy_numeric,true
rising_bubble,case2,512,4,nn,rising_bubble/case2/N0512/imax04/nn,history.dat,1444,3,263.62751284986734,legacy_numeric,true
rising_bubble,case2,512,5,clsvof,rising_bubble/case2/N0512/imax05/clsvof,history.dat,1440,3,254.6545467749238,legacy_numeric,true
rising_bubble,case2,512,5,nn,rising_bubble/case2/N0512/imax05/nn,history.dat,1441,3,263.1069559827447,legacy_numeric,true
stationary_bubble,,32,0,clsvof,stationary_bubble/N0032/imax00/clsvof,timeseries.dat,25151,1,19.0,contract_verified,true
stationary_bubble,,32,0,nn,stationary_bubble/N0032/imax00/nn,timeseries.dat,25151,1,37.0,contract_verified,true
stationary_bubble,,32,1,clsvof,stationary_bubble/N0032/imax01/clsvof,timeseries.dat,25151,1,19.0,contract_verified,true
stationary_bubble,,32,1,nn,stationary_bubble/N0032/imax01/nn,timeseries.dat,25151,1,34.0,contract_verified,true
stationary_bubble,,32,2,clsvof,stationary_bubble/N0032/imax02/clsvof,timeseries.dat,25151,1,20.0,contract_verified,true
stationary_bubble,,32,2,nn,stationary_bubble/N0032/imax02/nn,timeseries.dat,25151,1,36.0,contract_verified,true
stationary_bubble,,32,3,clsvof,stationary_bubble/N0032/imax03/clsvof,timeseries.dat,25151,1,24.0,contract_verified,true
stationary_bubble,,32,3,nn,stationary_bubble/N0032/imax03/nn,timeseries.dat,25151,1,39.0,contract_verified,true
stationary_bubble,,32,4,clsvof,stationary_bubble/N0032/imax04/clsvof,timeseries.dat,25151,1,25.0,contract_verified,true
stationary_bubble,,32,4,nn,stationary_bubble/N0032/imax04/nn,timeseries.dat,25151,1,40.0,contract_verified,true
stationary_bubble,,32,5,clsvof,stationary_bubble/N0032/imax05/clsvof,timeseries.dat,25151,1,21.0,contract_verified,true
stationary_bubble,,32,5,nn,stationary_bubble/N0032/imax05/nn,timeseries.dat,25151,1,35.0,contract_verified,true
stationary_bubble,,64,0,clsvof,stationary_bubble/N0064/imax00/clsvof,timeseries.dat,71134,1,68,contract_verified,true
stationary_bubble,,64,0,nn,stationary_bubble/N0064/imax00/nn,timeseries.dat,71134,1,152,contract_verified,true
stationary_bubble,,64,1,clsvof,stationary_bubble/N0064/imax01/clsvof,timeseries.dat,71133,0.99998699999999996,503.85886946320534,legacy_numeric,true
stationary_bubble,,64,1,nn,stationary_bubble/N0064/imax01/nn,timeseries.dat,71133,0.99998699999999996,507.8002945482731,legacy_numeric,true
stationary_bubble,,64,2,clsvof,stationary_bubble/N0064/imax02/clsvof,timeseries.dat,71133,0.99998699999999996,493.2784433141351,legacy_numeric,true
stationary_bubble,,64,2,nn,stationary_bubble/N0064/imax02/nn,timeseries.dat,71133,0.99998699999999996,524.2836882770061,legacy_numeric,true
stationary_bubble,,64,3,clsvof,stationary_bubble/N0064/imax03/clsvof,timeseries.dat,71133,0.99998699999999996,516.0391824170947,legacy_numeric,true
stationary_bubble,,64,3,nn,stationary_bubble/N0064/imax03/nn,timeseries.dat,71133,0.99998699999999996,536.5934261456132,legacy_numeric,true
stationary_bubble,,64,4,clsvof,stationary_bubble/N0064/imax04/clsvof,timeseries.dat,71133,0.99998699999999996,535.6265378370881,legacy_numeric,true
stationary_bubble,,64,4,nn,stationary_bubble/N0064/imax04/nn,timeseries.dat,71133,0.99998699999999996,568.4879091456532,legacy_numeric,true
stationary_bubble,,64,5,clsvof,stationary_bubble/N0064/imax05/clsvof,timeseries.dat,71133,0.99998699999999996,538.7434506267309,legacy_numeric,true
stationary_bubble,,64,5,nn,stationary_bubble/N0064/imax05/nn,timeseries.dat,71133,0.99998699999999996,568.7225732058287,legacy_numeric,true
stationary_bubble,,128,0,clsvof,stationary_bubble/N0128/imax00/clsvof,timeseries.dat,201196,1,467,contract_verified,true
stationary_bubble,,128,0,nn,stationary_bubble/N0128/imax00/nn,timeseries.dat,201196,1,853,contract_verified,true
stationary_bubble,,128,1,clsvof,stationary_bubble/N0128/imax01/clsvof,timeseries.dat,201195,0.99999899999999997,2945.551573269069,legacy_numeric,true
stationary_bubble,,128,1,nn,stationary_bubble/N0128/imax01/nn,timeseries.dat,201195,0.99999899999999997,3056.1905096173286,legacy_numeric,true
stationary_bubble,,128,2,clsvof,stationary_bubble/N0128/imax02/clsvof,timeseries.dat,201195,0.99999899999999997,2838.48121214658,legacy_numeric,true
stationary_bubble,,128,2,nn,stationary_bubble/N0128/imax02/nn,timeseries.dat,201195,0.99999899999999997,2972.7089105546474,legacy_numeric,true
stationary_bubble,,128,3,clsvof,stationary_bubble/N0128/imax03/clsvof,timeseries.dat,201195,0.99999899999999997,2928.8974075764418,legacy_numeric,true
stationary_bubble,,128,3,nn,stationary_bubble/N0128/imax03/nn,timeseries.dat,201195,0.99999899999999997,3137.9035754576325,legacy_numeric,true
stationary_bubble,,128,4,clsvof,stationary_bubble/N0128/imax04/clsvof,timeseries.dat,201195,0.99999899999999997,2983.4220894277096,legacy_numeric,true
stationary_bubble,,128,4,nn,stationary_bubble/N0128/imax04/nn,timeseries.dat,201195,0.99999899999999997,3123.2118628174067,legacy_numeric,true
stationary_bubble,,128,5,clsvof,stationary_bubble/N0128/imax05/clsvof,timeseries.dat,201195,0.99999899999999997,3041.01022978127,legacy_numeric,true
stationary_bubble,,128,5,nn,stationary_bubble/N0128/imax05/nn,timeseries.dat,201195,0.99999899999999997,3231.5766072943807,legacy_numeric,true
stationary_bubble,,256,0,clsvof,stationary_bubble/N0256/imax00/clsvof,timeseries.dat,569065,1,5068,legacy_numeric,true
stationary_bubble,,256,0,nn,stationary_bubble/N0256/imax00/nn,timeseries.dat,569065,1,7327,legacy_numeric,true
stationary_bubble,,256,1,clsvof,stationary_bubble/N0256/imax01/clsvof,timeseries.dat,569064,1,11837.912059172988,legacy_numeric,true
stationary_bubble,,256,1,nn,stationary_bubble/N0256/imax01/nn,timeseries.dat,569064,1,12697.501512117684,legacy_numeric,true
stationary_bubble,,256,2,clsvof,stationary_bubble/N0256/imax02/clsvof,timeseries.dat,569064,1,12281.18337200582,legacy_numeric,true
stationary_bubble,,256,2,nn,stationary_bubble/N0256/imax02/nn,timeseries.dat,569064,1,13085.514167152345,legacy_numeric,true
stationary_bubble,,256,3,clsvof,stationary_bubble/N0256/imax03/clsvof,timeseries.dat,569064,1,12234.285926483572,legacy_numeric,true
stationary_bubble,,256,3,nn,stationary_bubble/N0256/imax03/nn,timeseries.dat,569064,1,12842.2310064286,legacy_numeric,true
stationary_bubble,,256,4,clsvof,stationary_bubble/N0256/imax04/clsvof,timeseries.dat,569064,1,11916.796275556087,legacy_numeric,true
stationary_bubble,,256,4,nn,stationary_bubble/N0256/imax04/nn,timeseries.dat,569064,1,12736.329993337393,legacy_numeric,true
stationary_bubble,,256,5,clsvof,stationary_bubble/N0256/imax05/clsvof,timeseries.dat,569064,1,12279.19624531269,legacy_numeric,true
stationary_bubble,,256,5,nn,stationary_bubble/N0256/imax05/nn,timeseries.dat,569064,1,12704.910957179964,legacy_numeric,true
oscillating_droplet,,32,1,clsvof,oscillating_droplet/N0032/imax01/clsvof,timeseries.dat,1294,0.999448,3.306393458002276,contract_verified,true
oscillating_droplet,,32,1,nn,oscillating_droplet/N0032/imax01/nn,timeseries.dat,1294,0.999448,3.2008166250016075,contract_verified,true
oscillating_droplet,,32,2,clsvof,oscillating_droplet/N0032/imax02/clsvof,timeseries.dat,1294,0.999448,1.638058374999673,contract_verified,true
oscillating_droplet,,32,2,nn,oscillating_droplet/N0032/imax02/nn,timeseries.dat,1294,0.999448,23.100701458999538,contract_verified,true
oscillating_droplet,,32,3,clsvof,oscillating_droplet/N0032/imax03/clsvof,timeseries.dat,1294,0.999448,2.0899090410021017,contract_verified,true
oscillating_droplet,,32,3,nn,oscillating_droplet/N0032/imax03/nn,timeseries.dat,1294,0.999448,193.85272641600022,contract_verified,true
oscillating_droplet,,32,4,clsvof,oscillating_droplet/N0032/imax04/clsvof,timeseries.dat,1294,0.999448,1.921627208001155,contract_verified,true
oscillating_droplet,,32,4,nn,oscillating_droplet/N0032/imax04/nn,timeseries.dat,1294,0.999448,293.4915169170017,contract_verified,true
oscillating_droplet,,32,5,clsvof,oscillating_droplet/N0032/imax05/clsvof,timeseries.dat,1294,0.999448,2.082277666999289,contract_verified,true
oscillating_droplet,,32,5,nn,oscillating_droplet/N0032/imax05/nn,timeseries.dat,1294,0.999448,309.80418499999723,contract_verified,true
oscillating_droplet,,64,1,clsvof,oscillating_droplet/N0064/imax01/clsvof,timeseries.dat,3640,0.99996499999999999,19.744410753250122,legacy_numeric,true
oscillating_droplet,,64,1,nn,oscillating_droplet/N0064/imax01/nn,timeseries.dat,3640,0.99996499999999999,31.996996879577637,legacy_numeric,true
oscillating_droplet,,64,2,clsvof,oscillating_droplet/N0064/imax02/clsvof,timeseries.dat,3640,0.99996499999999999,23.614243984222412,legacy_numeric,true
oscillating_droplet,,64,2,nn,oscillating_droplet/N0064/imax02/nn,timeseries.dat,3640,0.99996499999999999,36.78349733352661,legacy_numeric,true
oscillating_droplet,,64,3,clsvof,oscillating_droplet/N0064/imax03/clsvof,timeseries.dat,3640,0.99996499999999999,27.258419036865234,legacy_numeric,true
oscillating_droplet,,64,3,nn,oscillating_droplet/N0064/imax03/nn,timeseries.dat,3640,0.99996499999999999,38.233896017074585,legacy_numeric,true
oscillating_droplet,,64,4,clsvof,oscillating_droplet/N0064/imax04/clsvof,timeseries.dat,3640,0.99996499999999999,33.12028908729553,legacy_numeric,true
oscillating_droplet,,64,4,nn,oscillating_droplet/N0064/imax04/nn,timeseries.dat,3640,0.99996499999999999,48.95678496360779,legacy_numeric,true
oscillating_droplet,,64,5,clsvof,oscillating_droplet/N0064/imax05/clsvof,timeseries.dat,3640,0.99996499999999999,39.70450305938721,legacy_numeric,true
oscillating_droplet,,64,5,nn,oscillating_droplet/N0064/imax05/nn,timeseries.dat,3640,0.99996499999999999,54.56365990638733,legacy_numeric,true
oscillating_droplet,,128,1,clsvof,oscillating_droplet/N0128/imax01/clsvof,timeseries.dat,10273,0.99990500000000004,97.65266108512878,legacy_numeric,true
oscillating_droplet,,128,1,nn,oscillating_droplet/N0128/imax01/nn,timeseries.dat,10273,0.99990500000000004,161.92925000190735,legacy_numeric,true
oscillating_droplet,,128,2,clsvof,oscillating_droplet/N0128/imax02/clsvof,timeseries.dat,10273,0.99990500000000004,105.94676399230957,legacy_numeric,true
oscillating_droplet,,128,2,nn,oscillating_droplet/N0128/imax02/nn,timeseries.dat,10273,0.99990500000000004,175.67011189460754,legacy_numeric,true
oscillating_droplet,,128,3,clsvof,oscillating_droplet/N0128/imax03/clsvof,timeseries.dat,10273,0.99990500000000004,121.61852216720581,legacy_numeric,true
oscillating_droplet,,128,3,nn,oscillating_droplet/N0128/imax03/nn,timeseries.dat,10273,0.99990500000000004,204.65569591522217,legacy_numeric,true
oscillating_droplet,,128,4,clsvof,oscillating_droplet/N0128/imax04/clsvof,timeseries.dat,10273,0.99990500000000004,145.3950641155243,legacy_numeric,true
oscillating_droplet,,128,4,nn,oscillating_droplet/N0128/imax04/nn,timeseries.dat,10273,0.99990500000000004,227.49422883987427,legacy_numeric,true
oscillating_droplet,,128,5,clsvof,oscillating_droplet/N0128/imax05/clsvof,timeseries.dat,10273,0.99990500000000004,176.3772521018982,legacy_numeric,true
oscillating_droplet,,128,5,nn,oscillating_droplet/N0128/imax05/nn,timeseries.dat,10273,0.99990500000000004,260.6866981983185,legacy_numeric,true
oscillating_droplet,,256,1,clsvof,oscillating_droplet/N0256/imax01/clsvof,timeseries.dat,29037,0.99998900000000002,491.5395736694336,legacy_numeric,true
oscillating_droplet,,256,1,nn,oscillating_droplet/N0256/imax01/nn,timeseries.dat,29037,0.99998900000000002,901.8948040008545,legacy_numeric,true
oscillating_droplet,,256,2,clsvof,oscillating_droplet/N0256/imax02/clsvof,timeseries.dat,29037,0.99998900000000002,535.2455461025238,legacy_numeric,true
oscillating_droplet,,256,2,nn,oscillating_droplet/N0256/imax02/nn,timeseries.dat,29037,0.99998900000000002,1030.6064081192017,legacy_numeric,true
oscillating_droplet,,256,3,clsvof,oscillating_droplet/N0256/imax03/clsvof,timeseries.dat,29037,0.99998900000000002,600.0367238521576,legacy_numeric,true
oscillating_droplet,,256,3,nn,oscillating_droplet/N0256/imax03/nn,timeseries.dat,29037,0.99998900000000002,1161.5314371585846,legacy_numeric,true
oscillating_droplet,,256,4,clsvof,oscillating_droplet/N0256/imax04/clsvof,timeseries.dat,29037,0.99998900000000002,704.3922238349915,legacy_numeric,true
oscillating_droplet,,256,4,nn,oscillating_droplet/N0256/imax04/nn,timeseries.dat,29037,0.99998900000000002,1295.017659187317,legacy_numeric,true
oscillating_droplet,,256,5,clsvof,oscillating_droplet/N0256/imax05/clsvof,timeseries.dat,29037,0.99998900000000002,850.7945919036865,legacy_numeric,true
oscillating_droplet,,256,5,nn,oscillating_droplet/N0256/imax05/nn,timeseries.dat,29037,0.99998900000000002,1422.3294670581818,legacy_numeric,true
oscillating_droplet,,512,1,clsvof,oscillating_droplet/N0512/imax01/clsvof,timeseries.dat,82108,0.99999899999999997,5014.062415838242,legacy_numeric,true
oscillating_droplet,,512,1,nn,oscillating_droplet/N0512/imax01/nn,timeseries.dat,82108,0.99999899999999997,9604.736464977264,legacy_numeric,true
oscillating_droplet,,512,2,clsvof,oscillating_droplet/N0512/imax02/clsvof,timeseries.dat,82108,0.99999899999999997,6605.231169939041,legacy_numeric,true
oscillating_droplet,,512,2,nn,oscillating_droplet/N0512/imax02/nn,timeseries.dat,82108,0.99999899999999997,11691.014237880707,legacy_numeric,true
oscillating_droplet,,512,3,clsvof,oscillating_droplet/N0512/imax03/clsvof,timeseries.dat,82108,0.99999899999999997,8101.4405398368835,legacy_numeric,true
oscillating_droplet,,512,3,nn,oscillating_droplet/N0512/imax03/nn,timeseries.dat,82108,0.99999899999999997,12845.536677122116,legacy_numeric,true
oscillating_droplet,,512,4,clsvof,oscillating_droplet/N0512/imax04/clsvof,timeseries.dat,82108,0.99999899999999997,8770.120375871658,legacy_numeric,true
oscillating_droplet,,512,4,nn,oscillating_droplet/N0512/imax04/nn,timeseries.dat,82108,0.99999899999999997,13981.833588838577,legacy_numeric,true
oscillating_droplet,,512,5,clsvof,oscillating_droplet/N0512/imax05/clsvof,timeseries.dat,82108,0.99999899999999997,9281.709031820297,legacy_numeric,true
oscillating_droplet,,512,5,nn,oscillating_droplet/N0512/imax05/nn,timeseries.dat,82108,0.99999899999999997,15748.07611489296,legacy_numeric,true
