case,subcase,resolution,imax,method,model_resolution,data_dir,elapsed_seconds,complete
capwave,,64,,csf_default,,capwave/reference/vof,1.36,true
capwave,,64,0,clsvof,,capwave/N0064/imax00/clsvof,13.903344444930553,true
capwave,,64,0,nn,,capwave/N0064/imax00/nn,15.436088494956493,true
capwave,,64,1,clsvof,,capwave/N0064/imax01/clsvof,14.390462435781956,true
capwave,,64,1,nn,,capwave/N0064/imax01/nn,15.240196235477924,true
capwave,,64,2,clsvof,,capwave/N0064/imax02/clsvof,14.479631595313549,true
capwave,,64,2,nn,,capwave/N0064/imax02/nn,15.429934911429882,true
capwave,,64,3,clsvof,,capwave/N0064/imax03/clsvof,14.559315301477909,true
capwave,,64,3,nn,,capwave/N0064/imax03/nn,15.714096643030643,true
capwave,,64,4,clsvof,,capwave/N0064/imax04/clsvof,14.583098337054253,true
capwave,,64,4,nn,,capwave/N0064/imax04/nn,15.455450348556042,true
capwave,,64,5,clsvof,,capwave/N0064/imax05/clsvof,14.708514466881752,true
capwave,,64,5,nn,,capwave/N0064/imax05/nn,15.51478759944439,true
capwave,,128,,csf_default,,capwave/reference/vof,9.51,true
capwave,,128,0,clsvof,,capwave/N0128/imax00/clsvof,29.869147263467312,true
capwave,,128,0,nn,,capwave/N0128/imax00/nn,31.55593913793564,true
capwave,,128,1,clsvof,,capwave/N0128/imax01/clsvof,31.522123269736767,true
capwave,,128,1,nn,,capwave/N0128/imax01/nn,33.02576619386673,true
capwave,,128,2,clsvof,,capwave/N0128/imax02/clsvof,31.937624916434288,true
capwave,,128,2,nn,,capwave/N0128/imax02/nn,33.69805435091257,true
capwave,,128,3,clsvof,,capwave/N0128/imax03/clsvof,32.9081574305892,true
capwave,,128,3,nn,,capwave/N0128/imax03/nn,34.08983797580004,true
capwave,,128,4,clsvof,,capwave/N0128/imax04/clsvof,33.69984645396471,true
capwave,,128,4,nn,,capwave/N0128/imax04/nn,34.92804902791977,true
capwave,,128,5,clsvof,,capwave/N0128/imax05/clsvof,33.40028665214777,true
capwave,,128,5,nn,,capwave/N0128/imax05/nn,34.69453947246075,true
capwave,,256,,csf_default,,capwave/reference/vof,91.99,true
capwave,,256,0,clsvof,,capwave/N0256/imax00/clsvof,125.11878804117441,true
capwave,,256,0,nn,,capwave/N0256/imax00/nn,128.64470617473125,true
capwave,,256,1,clsvof,,capwave/N0256/imax01/clsvof,119.6863250657916,true
capwave,,256,1,nn,,capwave/N0256/imax01/nn,121.88171858340502,true
capwave,,256,2,clsvof,,capwave/N0256/imax02/clsvof,122.21704341471195,true
capwave,,256,2,nn,,capwave/N0256/imax02/nn,121.30458701401949,true
capwave,,256,3,clsvof,,capwave/N0256/imax03/clsvof,120.2170132547617,true
capwave,,256,3,nn,,capwave/N0256/imax03/nn,124.15825801342726,true
capwave,,256,4,clsvof,,capwave/N0256/imax04/clsvof,125.25159818679094,true
capwave,,256,4,nn,,capwave/N0256/imax04/nn,127.25537933409214,true
capwave,,256,5,clsvof,,capwave/N0256/imax05/clsvof,126.7019742578268,true
capwave,,256,5,nn,,capwave/N0256/imax05/nn,131.16673384606838,true
capwave,,512,,csf_default,,capwave/reference/vof,1090.61,true
capwave,,512,0,clsvof,,capwave/N0512/imax00/clsvof,542.9508418291807,true
capwave,,512,0,nn,,capwave/N0512/imax00/nn,546.5322644189,true
capwave,,512,1,clsvof,,capwave/N0512/imax01/clsvof,425.79822006076574,true
capwave,,512,1,nn,,capwave/N0512/imax01/nn,444.77331229299307,true
capwave,,512,2,clsvof,,capwave/N0512/imax02/clsvof,450.4805074855685,true
capwave,,512,2,nn,,capwave/N0512/imax02/nn,465.541708946228,true
capwave,,512,3,clsvof,,capwave/N0512/imax03/clsvof,477.35047347843647,true
capwave,,512,3,nn,,capwave/N0512/imax03/nn,480.71988862007856,true
capwave,,512,4,clsvof,,capwave/N0512/imax04/clsvof,485.9966903626919,true
capwave,,512,4,nn,,capwave/N0512/imax04/nn,506.05373208224773,true
capwave,,512,5,clsvof,,capwave/N0512/imax05/clsvof,509.2766238152981,true
capwave,,512,5,nn,,capwave/N0512/imax05/nn,529.2416121438146,true
oscillating_droplet,,,,official_reproduction,,oscillating_droplet/reference,294.0,true
oscillating_droplet,,64,0,clsvof,,oscillating_droplet/N0064/imax00/clsvof,6.1874401569366455,false
oscillating_droplet,,64,0,nn,,oscillating_droplet/N0064/imax00/nn,11.063337087631226,false
oscillating_droplet,,64,1,clsvof,,oscillating_droplet/N0064/imax01/clsvof,19.744410753250122,true
oscillating_droplet,,64,1,nn,,oscillating_droplet/N0064/imax01/nn,31.996996879577637,true
oscillating_droplet,,64,2,clsvof,,oscillating_droplet/N0064/imax02/clsvof,23.614243984222412,true
oscillating_droplet,,64,2,nn,,oscillating_droplet/N0064/imax02/nn,36.78349733352661,true
oscillating_droplet,,64,3,clsvof,,oscillating_droplet/N0064/imax03/clsvof,27.258419036865234,true
oscillating_droplet,,64,3,nn,,oscillating_droplet/N0064/imax03/nn,38.233896017074585,true
oscillating_droplet,,64,3,nn_crossover,128,oscillating_droplet/crossover,204.40963196754456,true
oscillating_droplet,,64,4,clsvof,,oscillating_droplet/N0064/imax04/clsvof,33.12028908729553,true
oscillating_droplet,,64,4,nn,,oscillating_droplet/N0064/imax04/nn,48.95678496360779,true
oscillating_droplet,,64,5,clsvof,,oscillating_droplet/N0064/imax05/clsvof,39.70450305938721,true
oscillating_droplet,,64,5,nn,,oscillating_droplet/N0064/imax05/nn,54.56365990638733,true
oscillating_droplet,,128,0,clsvof,,oscillating_droplet/N0128/imax00/clsvof,9.210642099380493,false
oscillating_droplet,,128,0,nn,,oscillating_droplet/N0128/imax00/nn,16.140351057052612,false
oscillating_droplet,,128,1,clsvof,,oscillating_droplet/N0128/imax01/clsvof,97.65266108512878,true
oscillating_droplet,,128,1,nn,,oscillating_droplet/N0128/imax01/nn,161.92925000190735,true
oscillating_droplet,,128,2,clsvof,,oscillating_droplet/N0128/imax02/clsvof,105.94676399230957,true
oscillating_droplet,,128,2,nn,,oscillating_droplet/N0128/imax02/nn,175.67011189460754,true
oscillating_droplet,,128,3,clsvof,,oscillating_droplet/N0128/imax03/clsvof,121.61852216720581,true
oscillating_droplet,,128,3,nn,,oscillating_droplet/N0128/imax03/nn,204.65569591522217,true
oscillating_droplet,,128,3,nn_crossover,64,oscillating_droplet/crossover,249.11593294143677,true
oscillating_droplet,,128,4,clsvof,,oscillating_droplet/N0128/imax04/clsvof,145.3950641155243,true
oscillating_droplet,,128,4,nn,,oscillating_droplet/N0128/imax04/nn,227.49422883987427,true
oscillating_droplet,,128,5,clsvof,,oscillating_droplet/N0128/imax05/clsvof,176.3772521018982,true
oscillating_droplet,,128,5,nn,,oscillating_droplet/N0128/imax05/nn,260.6866981983185,true
oscillating_droplet,,256,0,clsvof,,oscillating_droplet/N0256/imax00/clsvof,14.92044997215271,false
oscillating_droplet,,256,0,nn,,oscillating_droplet/N0256/imax00/nn,23.73143196105957,false
oscillating_droplet,,256,1,clsvof,,oscillating_droplet/N0256/imax01/clsvof,491.5395736694336,true
oscillating_droplet,,256,1,nn,,oscillating_droplet/N0256/imax01/nn,901.8948040008545,true
oscillating_droplet,,256,2,clsvof,,oscillating_droplet/N0256/imax02/clsvof,535.2455461025238,true
oscillating_droplet,,256,2,nn,,oscillating_droplet/N0256/imax02/nn,1030.6064081192017,true
oscillating_droplet,,256,3,clsvof,,oscillating_droplet/N0256/imax03/clsvof,600.0367238521576,true
oscillating_droplet,,256,3,nn,,oscillating_droplet/N0256/imax03/nn,1161.5314371585846,true
oscillating_droplet,,256,4,clsvof,,oscillating_droplet/N0256/imax04/clsvof,704.3922238349915,true
oscillating_droplet,,256,4,nn,,oscillating_droplet/N0256/imax04/nn,1295.017659187317,true
oscillating_droplet,,256,5,clsvof,,oscillating_droplet/N0256/imax05/clsvof,850.7945919036865,true
oscillating_droplet,,256,5,nn,,oscillating_droplet/N0256/imax05/nn,1422.3294670581818,true
oscillating_droplet,,512,0,clsvof,,oscillating_droplet/N0512/imax00/clsvof,37.65928792953491,false
oscillating_droplet,,512,0,nn,,oscillating_droplet/N0512/imax00/nn,52.01142978668213,false
oscillating_droplet,,512,1,clsvof,,oscillating_droplet/N0512/imax01/clsvof,5014.062415838242,true
oscillating_droplet,,512,1,nn,,oscillating_droplet/N0512/imax01/nn,9604.736464977264,true
oscillating_droplet,,512,2,clsvof,,oscillating_droplet/N0512/imax02/clsvof,6605.231169939041,true
oscillating_droplet,,512,2,nn,,oscillating_droplet/N0512/imax02/nn,11691.014237880707,true
oscillating_droplet,,512,3,clsvof,,oscillating_droplet/N0512/imax03/clsvof,8101.4405398368835,true
oscillating_droplet,,512,3,nn,,oscillating_droplet/N0512/imax03/nn,12845.536677122116,true
oscillating_droplet,,512,4,clsvof,,oscillating_droplet/N0512/imax04/clsvof,8770.120375871658,true
oscillating_droplet,,512,4,nn,,oscillating_droplet/N0512/imax04/nn,13981.833588838577,true
oscillating_droplet,,512,5,clsvof,,oscillating_droplet/N0512/imax05/clsvof,9281.709031820297,true
oscillating_droplet,,512,5,nn,,oscillating_droplet/N0512/imax05/nn,15748.07611489296,true
rising_bubble,case1,64,,csf_default,,rising_bubble/case1/reference/csf_default/N0064,0.52,true
rising_bubble,case1,64,0,clsvof,,rising_bubble/case1/N0064/imax00/clsvof,11.57459481805563,true
rising_bubble,case1,64,0,nn,,rising_bubble/case1/N0064/imax00/nn,13.13943526148796,true
rising_bubble,case1,64,1,clsvof,,rising_bubble/case1/N0064/imax01/clsvof,11.776158593595028,true
rising_bubble,case1,64,1,nn,,rising_bubble/case1/N0064/imax01/nn,12.579218961298466,true
rising_bubble,case1,64,2,clsvof,,rising_bubble/case1/N0064/imax02/clsvof,11.666221246123314,true
rising_bubble,case1,64,2,nn,,rising_bubble/case1/N0064/imax02/nn,12.79992613941431,true
rising_bubble,case1,64,3,clsvof,,rising_bubble/case1/N0064/imax03/clsvof,11.703764036297798,true
rising_bubble,case1,64,3,nn,,rising_bubble/case1/N0064/imax03/nn,12.758399784564972,true
rising_bubble,case1,64,4,clsvof,,rising_bubble/case1/N0064/imax04/clsvof,11.886335082352161,true
rising_bubble,case1,64,4,nn,,rising_bubble/case1/N0064/imax04/nn,12.734977409243584,true
rising_bubble,case1,64,5,clsvof,,rising_bubble/case1/N0064/imax05/clsvof,11.825534604489803,true
rising_bubble,case1,64,5,nn,,rising_bubble/case1/N0064/imax05/nn,12.946454636752605,true
rising_bubble,case1,128,,csf_default,,rising_bubble/case1/reference/csf_default/N0128,1.47,true
rising_bubble,case1,128,0,clsvof,,rising_bubble/case1/N0128/imax00/clsvof,17.113882943987846,true
rising_bubble,case1,128,0,nn,,rising_bubble/case1/N0128/imax00/nn,18.345641292631626,true
rising_bubble,case1,128,1,clsvof,,rising_bubble/case1/N0128/imax01/clsvof,16.379087582230568,true
rising_bubble,case1,128,1,nn,,rising_bubble/case1/N0128/imax01/nn,17.393199436366558,true
rising_bubble,case1,128,2,clsvof,,rising_bubble/case1/N0128/imax02/clsvof,16.329032234847546,true
rising_bubble,case1,128,2,nn,,rising_bubble/case1/N0128/imax02/nn,17.673218190670013,true
rising_bubble,case1,128,3,clsvof,,rising_bubble/case1/N0128/imax03/clsvof,16.631560318171978,true
rising_bubble,case1,128,3,nn,,rising_bubble/case1/N0128/imax03/nn,17.710483759641647,true
rising_bubble,case1,128,4,clsvof,,rising_bubble/case1/N0128/imax04/clsvof,16.853129141032696,true
rising_bubble,case1,128,4,nn,,rising_bubble/case1/N0128/imax04/nn,17.78745985776186,true
rising_bubble,case1,128,5,clsvof,,rising_bubble/case1/N0128/imax05/clsvof,16.85706275701523,true
rising_bubble,case1,128,5,nn,,rising_bubble/case1/N0128/imax05/nn,18.240946479141712,true
rising_bubble,case1,256,,csf_default,,rising_bubble/case1/reference/csf_default/N0256,8.84,true
rising_bubble,case1,256,0,clsvof,,rising_bubble/case1/N0256/imax00/clsvof,51.368225790560246,true
rising_bubble,case1,256,0,nn,,rising_bubble/case1/N0256/imax00/nn,53.80004180967808,true
rising_bubble,case1,256,1,clsvof,,rising_bubble/case1/N0256/imax01/clsvof,42.46476063877344,true
rising_bubble,case1,256,1,nn,,rising_bubble/case1/N0256/imax01/nn,44.93315667659044,true
rising_bubble,case1,256,2,clsvof,,rising_bubble/case1/N0256/imax02/clsvof,42.5649775788188,true
rising_bubble,case1,256,2,nn,,rising_bubble/case1/N0256/imax02/nn,45.24782986193895,true
rising_bubble,case1,256,3,clsvof,,rising_bubble/case1/N0256/imax03/clsvof,43.44477778673172,true
rising_bubble,case1,256,3,nn,,rising_bubble/case1/N0256/imax03/nn,46.05004733800888,true
rising_bubble,case1,256,4,clsvof,,rising_bubble/case1/N0256/imax04/clsvof,43.80957316607237,true
rising_bubble,case1,256,4,nn,,rising_bubble/case1/N0256/imax04/nn,46.87116438150406,true
rising_bubble,case1,256,5,clsvof,,rising_bubble/case1/N0256/imax05/clsvof,44.598229594528675,true
rising_bubble,case1,256,5,nn,,rising_bubble/case1/N0256/imax05/nn,47.19808691740036,true
rising_bubble,case1,512,,csf_default,,rising_bubble/case1/reference/csf_default/N0512,91.73,true
rising_bubble,case1,512,0,clsvof,,rising_bubble/case1/N0512/imax00/clsvof,170.03904870897532,true
rising_bubble,case1,512,0,nn,,rising_bubble/case1/N0512/imax00/nn,178.14022850245237,true
rising_bubble,case1,512,1,clsvof,,rising_bubble/case1/N0512/imax01/clsvof,120.99392724782228,true
rising_bubble,case1,512,1,nn,,rising_bubble/case1/N0512/imax01/nn,132.5490466877818,true
rising_bubble,case1,512,2,clsvof,,rising_bubble/case1/N0512/imax02/clsvof,122.56710509955883,true
rising_bubble,case1,512,2,nn,,rising_bubble/case1/N0512/imax02/nn,134.30397713184357,true
rising_bubble,case1,512,3,clsvof,,rising_bubble/case1/N0512/imax03/clsvof,125.21772190183401,true
rising_bubble,case1,512,3,nn,,rising_bubble/case1/N0512/imax03/nn,137.3633401170373,true
rising_bubble,case1,512,4,clsvof,,rising_bubble/case1/N0512/imax04/clsvof,127.27516510337591,true
rising_bubble,case1,512,4,nn,,rising_bubble/case1/N0512/imax04/nn,141.4752273708582,true
rising_bubble,case1,512,5,clsvof,,rising_bubble/case1/N0512/imax05/clsvof,129.71494346112013,true
rising_bubble,case1,512,5,nn,,rising_bubble/case1/N0512/imax05/nn,141.89080946147442,true
rising_bubble,case2,64,,csf_default,,rising_bubble/case2/reference/csf_default/N0064,1.78,true
rising_bubble,case2,64,0,clsvof,,rising_bubble/case2/N0064/imax00/clsvof,26.070061922073364,true
rising_bubble,case2,64,0,nn,,rising_bubble/case2/N0064/imax00/nn,27.05930169671774,true
rising_bubble,case2,64,1,clsvof,,rising_bubble/case2/N0064/imax01/clsvof,28.039562225341797,true
rising_bubble,case2,64,1,nn,,rising_bubble/case2/N0064/imax01/nn,28.806923002004623,true
rising_bubble,case2,64,2,clsvof,,rising_bubble/case2/N0064/imax02/clsvof,28.528221160173416,true
rising_bubble,case2,64,2,nn,,rising_bubble/case2/N0064/imax02/nn,29.40527941286564,true
rising_bubble,case2,64,3,clsvof,,rising_bubble/case2/N0064/imax03/clsvof,28.840569093823433,true
rising_bubble,case2,64,3,nn,,rising_bubble/case2/N0064/imax03/nn,29.899645783007145,true
rising_bubble,case2,64,4,clsvof,,rising_bubble/case2/N0064/imax04/clsvof,28.5604200437665,true
rising_bubble,case2,64,4,nn,,rising_bubble/case2/N0064/imax04/nn,29.659176036715508,true
rising_bubble,case2,64,5,clsvof,,rising_bubble/case2/N0064/imax05/clsvof,28.58305073529482,true
rising_bubble,case2,64,5,nn,,rising_bubble/case2/N0064/imax05/nn,29.300098955631256,true
rising_bubble,case2,128,,csf_default,,rising_bubble/case2/reference/csf_default/N0128,2.47,true
rising_bubble,case2,128,0,clsvof,,rising_bubble/case2/N0128/imax00/clsvof,22.51470661908388,true
rising_bubble,case2,128,0,nn,,rising_bubble/case2/N0128/imax00/nn,23.126090817153454,true
rising_bubble,case2,128,1,clsvof,,rising_bubble/case2/N0128/imax01/clsvof,22.36410392820835,true
rising_bubble,case2,128,1,nn,,rising_bubble/case2/N0128/imax01/nn,23.566770561039448,true
rising_bubble,case2,128,2,clsvof,,rising_bubble/case2/N0128/imax02/clsvof,22.823524922132492,true
rising_bubble,case2,128,2,nn,,rising_bubble/case2/N0128/imax02/nn,23.779708214104176,true
rising_bubble,case2,128,3,clsvof,,rising_bubble/case2/N0128/imax03/clsvof,22.402032770216465,true
rising_bubble,case2,128,3,nn,,rising_bubble/case2/N0128/imax03/nn,23.454994425177574,true
rising_bubble,case2,128,4,clsvof,,rising_bubble/case2/N0128/imax04/clsvof,22.95256596058607,true
rising_bubble,case2,128,4,nn,,rising_bubble/case2/N0128/imax04/nn,23.92072357982397,true
rising_bubble,case2,128,5,clsvof,,rising_bubble/case2/N0128/imax05/clsvof,23.23241513967514,true
rising_bubble,case2,128,5,nn,,rising_bubble/case2/N0128/imax05/nn,23.84803193807602,true
rising_bubble,case2,256,,csf_default,,rising_bubble/case2/reference/csf_default/N0256,21.98,true
rising_bubble,case2,256,0,clsvof,,rising_bubble/case2/N0256/imax00/clsvof,91.02372678369284,true
rising_bubble,case2,256,0,nn,,rising_bubble/case2/N0256/imax00/nn,88.61896568536758,true
rising_bubble,case2,256,1,clsvof,,rising_bubble/case2/N0256/imax01/clsvof,76.15836521238089,true
rising_bubble,case2,256,1,nn,,rising_bubble/case2/N0256/imax01/nn,77.45526605844498,true
rising_bubble,case2,256,2,clsvof,,rising_bubble/case2/N0256/imax02/clsvof,77.28748068958521,true
rising_bubble,case2,256,2,nn,,rising_bubble/case2/N0256/imax02/nn,77.65157041698694,true
rising_bubble,case2,256,3,clsvof,,rising_bubble/case2/N0256/imax03/clsvof,77.54630007594824,true
rising_bubble,case2,256,3,nn,,rising_bubble/case2/N0256/imax03/nn,79.70511762797832,true
rising_bubble,case2,256,4,clsvof,,rising_bubble/case2/N0256/imax04/clsvof,77.67727380990982,true
rising_bubble,case2,256,4,nn,,rising_bubble/case2/N0256/imax04/nn,78.61719399690628,true
rising_bubble,case2,256,5,clsvof,,rising_bubble/case2/N0256/imax05/clsvof,77.0919199436903,true
rising_bubble,case2,256,5,nn,,rising_bubble/case2/N0256/imax05/nn,79.54787984490395,true
rising_bubble,case2,512,,csf_default,,rising_bubble/case2/reference/csf_default/N0512,291.19,true
rising_bubble,case2,512,0,clsvof,,rising_bubble/case2/N0512/imax00/clsvof,347.7909794896841,true
rising_bubble,case2,512,0,nn,,rising_bubble/case2/N0512/imax00/nn,348.22915437072515,true
rising_bubble,case2,512,1,clsvof,,rising_bubble/case2/N0512/imax01/clsvof,255.16179678589106,true
rising_bubble,case2,512,1,nn,,rising_bubble/case2/N0512/imax01/nn,257.21899539232254,true
rising_bubble,case2,512,2,clsvof,,rising_bubble/case2/N0512/imax02/clsvof,254.53608979284763,true
rising_bubble,case2,512,2,nn,,rising_bubble/case2/N0512/imax02/nn,264.12344996631145,true
rising_bubble,case2,512,3,clsvof,,rising_bubble/case2/N0512/imax03/clsvof,255.93099200725555,true
rising_bubble,case2,512,3,nn,,rising_bubble/case2/N0512/imax03/nn,268.92364253103733,true
rising_bubble,case2,512,4,clsvof,,rising_bubble/case2/N0512/imax04/clsvof,252.01441761106253,true
rising_bubble,case2,512,4,nn,,rising_bubble/case2/N0512/imax04/nn,263.62751284986734,true
rising_bubble,case2,512,5,clsvof,,rising_bubble/case2/N0512/imax05/clsvof,254.6545467749238,true
rising_bubble,case2,512,5,nn,,rising_bubble/case2/N0512/imax05/nn,263.1069559827447,true
stationary_bubble,,64,,csf_default,,stationary_bubble/reference/csf_default/N0064,1.43,true
stationary_bubble,,64,0,clsvof,,stationary_bubble/N0064/imax00/clsvof,30.83708569407463,false
stationary_bubble,,64,0,nn,,stationary_bubble/N0064/imax00/nn,74.83773420006037,false
stationary_bubble,,64,1,clsvof,,stationary_bubble/N0064/imax01/clsvof,503.85886946320534,true
stationary_bubble,,64,1,nn,,stationary_bubble/N0064/imax01/nn,507.8002945482731,true
stationary_bubble,,64,2,clsvof,,stationary_bubble/N0064/imax02/clsvof,493.2784433141351,true
stationary_bubble,,64,2,nn,,stationary_bubble/N0064/imax02/nn,524.2836882770061,true
stationary_bubble,,64,3,clsvof,,stationary_bubble/N0064/imax03/clsvof,516.0391824170947,true
stationary_bubble,,64,3,nn,,stationary_bubble/N0064/imax03/nn,536.5934261456132,true
stationary_bubble,,64,4,clsvof,,stationary_bubble/N0064/imax04/clsvof,535.6265378370881,true
stationary_bubble,,64,4,nn,,stationary_bubble/N0064/imax04/nn,568.4879091456532,true
stationary_bubble,,64,5,clsvof,,stationary_bubble/N0064/imax05/clsvof,538.7434506267309,true
stationary_bubble,,64,5,nn,,stationary_bubble/N0064/imax05/nn,568.7225732058287,true
stationary_bubble,,128,,csf_default,,stationary_bubble/reference/csf_default/N0128,5.86,true
stationary_bubble,,128,0,clsvof,,stationary_bubble/N0128/imax00/clsvof,83.50965578109026,false
stationary_bubble,,128,0,nn,,stationary_bubble/N0128/imax00/nn,234.3076087832451,false
stationary_bubble,,128,1,clsvof,,stationary_bubble/N0128/imax01/clsvof,2945.551573269069,true
stationary_bubble,,128,1,nn,,stationary_bubble/N0128/imax01/nn,3056.1905096173286,true
stationary_bubble,,128,2,clsvof,,stationary_bubble/N0128/imax02/clsvof,2838.48121214658,true
stationary_bubble,,128,2,nn,,stationary_bubble/N0128/imax02/nn,2972.7089105546474,true
stationary_bubble,,128,3,clsvof,,stationary_bubble/N0128/imax03/clsvof,2928.8974075764418,true
stationary_bubble,,128,3,nn,,stationary_bubble/N0128/imax03/nn,3137.9035754576325,true
stationary_bubble,,128,4,clsvof,,stationary_bubble/N0128/imax04/clsvof,2983.4220894277096,true
stationary_bubble,,128,4,nn,,stationary_bubble/N0128/imax04/nn,3123.2118628174067,true
stationary_bubble,,128,5,clsvof,,stationary_bubble/N0128/imax05/clsvof,3041.01022978127,true
stationary_bubble,,128,5,nn,,stationary_bubble/N0128/imax05/nn,3231.5766072943807,true
stationary_bubble,,256,,csf_default,,stationary_bubble/reference/csf_default/N0256,12.55,true
stationary_bubble,,256,0,clsvof,,stationary_bubble/N0256/imax00/clsvof,5068,true
stationary_bubble,,256,0,nn,256,stationary_bubble/N0256/imax00/nn,7327,true
stationary_bubble,,256,1,clsvof,,stationary_bubble/N0256/imax01/clsvof,11837.912059172988,true
stationary_bubble,,256,1,nn,,stationary_bubble/N0256/imax01/nn,12697.501512117684,true
stationary_bubble,,256,2,clsvof,,stationary_bubble/N0256/imax02/clsvof,12281.18337200582,true
stationary_bubble,,256,2,nn,,stationary_bubble/N0256/imax02/nn,13085.514167152345,true
stationary_bubble,,256,3,clsvof,,stationary_bubble/N0256/imax03/clsvof,12234.285926483572,true
stationary_bubble,,256,3,nn,,stationary_bubble/N0256/imax03/nn,12842.2310064286,true
stationary_bubble,,256,4,clsvof,,stationary_bubble/N0256/imax04/clsvof,11916.796275556087,true
stationary_bubble,,256,4,nn,,stationary_bubble/N0256/imax04/nn,12736.329993337393,true
stationary_bubble,,256,5,clsvof,,stationary_bubble/N0256/imax05/clsvof,12279.19624531269,true
stationary_bubble,,256,5,nn,,stationary_bubble/N0256/imax05/nn,12704.910957179964,true
stationary_bubble,,512,,csf_default,,stationary_bubble/reference/csf_default/N0512,43.17,true
