method,training_data,test_field,train_n,r_over_h,sobol_positions,sample_count,mse,mae,maxae
FD,FD,algebraic,,1.6,256,4462,0.06277804262141976,0.18506364434466985,1.020618947259779
FD,FD,algebraic,,1.874414108830752,256,5294,0.029617234937283164,0.13342226983574196,0.6033922561400801
FD,FD,algebraic,,2.195892657114864,256,6250,0.014559559957378173,0.09648677047278931,0.3775377067421777
FD,FD,algebraic,,2.5725076112337186,256,7332,0.007277935963909601,0.06971175184389143,0.24545953226855594
FD,FD,algebraic,,3.013715350981861,256,8628,0.0037087654266299403,0.05055710446776571,0.16393934940922056
FD,FD,algebraic,,3.5305941086751385,256,10158,0.0019203978486352377,0.03677292331092026,0.11180122477193766
FD,FD,algebraic,,4.136122131159633,256,11930,0.001001091631759843,0.02674668617689305,0.07681755668886758
FD,FD,algebraic,,4.845503549057959,256,13974,0.0005220821321393526,0.01942696884324617,0.053610269537282235
FD,FD,algebraic,,5.676550135464825,256,16406,0.000274511997768112,0.014144131079732693,0.03749314476779406
FD,FD,algebraic,,6.65012853962524,256,19236,0.00014490982518068908,0.010303226999775676,0.026563460086635182
FD,FD,algebraic,,7.790684225132246,256,22526,7.645919681103896e-05,0.0074989479020596776,0.018889470105007522
FD,FD,algebraic,,9.126855268145661,256,26402,4.044776313605398e-05,0.005462094227035804,0.01347338424904286
FD,FD,algebraic,,10.692191427417814,256,30954,2.1414237572410558e-05,0.0039794416328906256,0.00964447466337369
FD,FD,algebraic,,12.52599654116948,256,36278,1.1344287260974397e-05,0.0028985295087249267,0.006924420891404354
FD,FD,algebraic,,13.5,256,39092,8.400175987671462e-06,0.0024950598070749208,0.005922555105987035
FD,FD,algebraic,,14.674315402458294,256,42494,6.015608050364196e-06,0.0021116880446928263,0.004980373753407513
FD,FD,algebraic,,17.191089892375153,256,49774,3.189122034277854e-06,0.001538140783265721,0.0035878234177722235
FD,FD,algebraic,,20.139513400278574,256,58320,1.6922505397775618e-06,0.0011208428983067035,0.0025931982470347517
FD,FD,algebraic,,23.593617539042594,256,68332,8.978845292691274e-07,0.0008166061700719577,0.0018734732446576557
FD,FD,algebraic,,27.640130995961325,256,80052,4.76525952297413e-07,0.0005949797795598006,0.001357151322332932
FD,FD,algebraic,,29.5,256,85448,3.672232957730217e-07,0.0005223194968609591,0.0011893558348143596
FD,FD,algebraic,,32.38065719297506,256,93784,2.528762032893213e-07,0.00043348710979213895,0.0009837753506043052
FD,FD,algebraic,,37.934225434827766,256,109862,1.3423199043523554e-07,0.0003158369489827426,0.0007136560937433707
FD,FD,algebraic,,44.440279601629705,256,128706,7.123769106000819e-08,0.00023012137800002897,0.0005176118108873376
FD,FD,algebraic,,52.06217942854887,256,150776,3.7823345499547264e-08,0.00016767051394457204,0.0003760813609672911
FD,FD,algebraic,,60.99130228584384,256,176624,2.0077215727179368e-08,0.00012216456007339174,0.00027318697064563843
FD,FD,algebraic,,61.5,256,178118,1.9421598650711923e-08,0.00012015868825673768,0.00026869048256551037
FD,FD,algebraic,,71.45184845034187,256,206950,1.0659200285215489e-08,8.90192800625648e-05,0.0001986461246424407
FD,FD,algebraic,,83.70647052334843,256,242446,5.658528821205212e-09,6.486156827397905e-05,0.000144408139781756
FD,FD,algebraic,,98.0628683433686,256,284018,3.0042993132654784e-09,4.725941685754811e-05,0.00010503149051510619
FD,FD,algebraic,,114.88151498451414,256,332730,1.594931889742548e-09,3.443478527075292e-05,7.649952490673684e-05
FD,FD,algebraic,,125.5,256,363484,1.1198351998331842e-09,2.885414906684628e-05,6.403859142541969e-05
FD,FD,algebraic,,134.58470783176554,256,389798,8.467143745522586e-10,2.5090391052670004e-05,5.5649683574936736e-05
FD,FD,algebraic,,157.66717199545363,256,456648,4.494909854641472e-10,1.828147316868035e-05,4.051534423121263e-05
FD,FD,algebraic,,184.70848230482684,256,534966,2.3865262293177654e-10,1.332052590694419e-05,2.952634402149379e-05
FD,FD,algebraic,,216.38761578305204,256,626720,1.2669999499035954e-10,9.705685736578518e-06,2.1521412555466392e-05
FD,FD,algebraic,,253.5,256,734208,6.726607726457567e-11,7.071878547372568e-06,1.5722730934500558e-05
NN,mixed_sdf_algebraic,algebraic,32,1.6,256,4462,0.0005059612946839175,0.01808967698801264,0.1012384295463562
NN,mixed_sdf_algebraic,algebraic,32,1.874414108830752,256,5294,0.003416815975989838,0.052133303128116676,0.16152719325725562
NN,mixed_sdf_algebraic,algebraic,32,2.195892657114864,256,6250,0.003608307492870809,0.05070652611308791,0.14653101794755885
NN,mixed_sdf_algebraic,algebraic,32,2.5725076112337186,256,7332,0.0016370827767979042,0.03496189928030627,0.10118769437296932
NN,mixed_sdf_algebraic,algebraic,32,3.013715350981861,256,8628,0.0008959314460447004,0.026250362865347755,0.059030328865819603
NN,mixed_sdf_algebraic,algebraic,32,3.5305941086751385,256,10158,0.0003305780627488579,0.015659352820659497,0.03704952351580987
NN,mixed_sdf_algebraic,algebraic,32,4.136122131159633,256,11930,0.0001409019716346327,0.0100882847079345,0.02554720220242257
NN,mixed_sdf_algebraic,algebraic,32,4.845503549057959,256,13974,5.7335802330903144e-05,0.006317494584035641,0.018026213414357367
NN,mixed_sdf_algebraic,algebraic,32,5.676550135464825,256,16406,2.6729426804747124e-05,0.004211804297714979,0.013605412051603344
NN,mixed_sdf_algebraic,algebraic,32,6.65012853962524,256,19236,1.4022542040665359e-05,0.0029776612746117235,0.011399217880028595
NN,mixed_sdf_algebraic,algebraic,32,7.790684225132246,256,22526,8.329871619689227e-06,0.002303339580446515,0.00891652019896208
NN,mixed_sdf_algebraic,algebraic,32,9.126855268145661,256,26402,5.2871681930085695e-06,0.0018655469854890183,0.0071528690370148695
NN,mixed_sdf_algebraic,algebraic,32,10.692191427417814,256,30954,3.7570389890969023e-06,0.001591520218023151,0.005873191005026951
NN,mixed_sdf_algebraic,algebraic,32,12.52599654116948,256,36278,2.9375879637386154e-06,0.0014035762577360672,0.004775511273780522
NN,mixed_sdf_algebraic,algebraic,32,13.5,256,39092,2.6827588899518374e-06,0.0013335339151296505,0.0046552648698842125
NN,mixed_sdf_algebraic,algebraic,32,14.674315402458294,256,42494,2.464724269132116e-06,0.0012651626018308827,0.004694098112566394
NN,mixed_sdf_algebraic,algebraic,32,17.191089892375153,256,49774,2.2085531846763985e-06,0.001167912117718208,0.00449969810936552
NN,mixed_sdf_algebraic,algebraic,32,20.139513400278574,256,58320,2.1073026747218685e-06,0.0011264891157925375,0.004456357953086423
NN,mixed_sdf_algebraic,algebraic,32,23.593617539042594,256,68332,2.095174673426425e-06,0.0011346894973168372,0.004367959922617577
NN,mixed_sdf_algebraic,algebraic,32,27.640130995961325,256,80052,2.1309626011702187e-06,0.0011585116611687568,0.004479478484902155
NN,mixed_sdf_algebraic,algebraic,32,29.5,256,85448,2.150758585444326e-06,0.0011690125938679334,0.004557382378537776
NN,mixed_sdf_algebraic,algebraic,32,32.38065719297506,256,93784,2.1841908488448574e-06,0.0011838595631743047,0.004638582220201377
NN,mixed_sdf_algebraic,algebraic,32,37.934225434827766,256,109862,2.2467470045314334e-06,0.0012065059609399924,0.004733264264937111
NN,mixed_sdf_algebraic,algebraic,32,44.440279601629705,256,128706,2.30750796251993e-06,0.0012244346458352986,0.004784443587919664
NN,mixed_sdf_algebraic,algebraic,32,52.06217942854887,256,150776,2.3697120036784738e-06,0.0012398109531282944,0.004832436936117405
NN,mixed_sdf_algebraic,algebraic,32,60.99130228584384,256,176624,2.4249684913255806e-06,0.0012520571617927099,0.0049117069481359014
NN,mixed_sdf_algebraic,algebraic,32,61.5,256,178118,2.4281428638078008e-06,0.001252567703200992,0.004909018660342792
NN,mixed_sdf_algebraic,algebraic,32,71.45184845034187,256,206950,2.474968229744357e-06,0.0012622471451375036,0.004950302097530902
NN,mixed_sdf_algebraic,algebraic,32,83.70647052334843,256,242446,2.5195020610619307e-06,0.0012718431230071508,0.004988188889709675
NN,mixed_sdf_algebraic,algebraic,32,98.0628683433686,256,284018,2.559497519813674e-06,0.0012798586980700584,0.005032296249770885
NN,mixed_sdf_algebraic,algebraic,32,114.88151498451414,256,332730,2.595791796693102e-06,0.0012871684245175337,0.005067986606224612
NN,mixed_sdf_algebraic,algebraic,32,125.5,256,363484,2.612732793841879e-06,0.0012906450359787887,0.005088230357523933
NN,mixed_sdf_algebraic,algebraic,32,134.58470783176554,256,389798,2.6268500137433303e-06,0.001293324981204432,0.005101954510217005
NN,mixed_sdf_algebraic,algebraic,32,157.66717199545363,256,456648,2.652413770061418e-06,0.0012985219117542966,0.005132650971987558
NN,mixed_sdf_algebraic,algebraic,32,184.70848230482684,256,534966,2.675965016826506e-06,0.001303175905817616,0.005161050787372644
NN,mixed_sdf_algebraic,algebraic,32,216.38761578305204,256,626720,2.6964071053772638e-06,0.0013072776151544856,0.0051849487680039495
NN,mixed_sdf_algebraic,algebraic,32,253.5,256,734208,2.712466315225846e-06,0.001310503306639677,0.005208048918073229
NN,sdf_only,algebraic,32,1.6,256,4462,0.09724466344688523,0.2562145056117014,0.8175656795501709
NN,sdf_only,algebraic,32,1.874414108830752,256,5294,0.0810999163027588,0.23091550849581835,0.7801686889619065
NN,sdf_only,algebraic,32,2.195892657114864,256,6250,0.0665345613389731,0.20439969759477503,0.7486152970079226
NN,sdf_only,algebraic,32,2.5725076112337186,256,7332,0.05405417109861767,0.1803022902756924,0.706497299971419
NN,sdf_only,algebraic,32,3.013715350981861,256,8628,0.04318626109918132,0.15693805720317291,0.6622706996162468
NN,sdf_only,algebraic,32,3.5305941086751385,256,10158,0.034880204860435034,0.13580677853929238,0.6266340231133594
NN,sdf_only,algebraic,32,4.136122131159633,256,11930,0.02789827550412286,0.11829019609422575,0.5831358390775752
NN,sdf_only,algebraic,32,4.845503549057959,256,13974,0.023403548240933665,0.10728117101049355,0.5435296402045948
NN,sdf_only,algebraic,32,5.676550135464825,256,16406,0.02005556399101695,0.09983010346611212,0.5074753574585171
NN,sdf_only,algebraic,32,6.65012853962524,256,19236,0.01744059936242893,0.09407148037547823,0.4721226776006402
NN,sdf_only,algebraic,32,7.790684225132246,256,22526,0.015569174477063446,0.0899864923771688,0.44093202861227687
NN,sdf_only,algebraic,32,9.126855268145661,256,26402,0.014198822641073562,0.087022116857459,0.4147728519948548
NN,sdf_only,algebraic,32,10.692191427417814,256,30954,0.013117361312448441,0.08462305315762325,0.3904533263504859
NN,sdf_only,algebraic,32,12.52599654116948,256,36278,0.012407807254407151,0.08314797907013328,0.3689231743902356
NN,sdf_only,algebraic,32,13.5,256,39092,0.012055785320521711,0.08241560393847358,0.3622222399270093
NN,sdf_only,algebraic,32,14.674315402458294,256,42494,0.0117442342877859,0.08179951348045629,0.35235575723407975
NN,sdf_only,algebraic,32,17.191089892375153,256,49774,0.011322758948219873,0.08106967442786296,0.33801075262520414
NN,sdf_only,algebraic,32,20.139513400278574,256,58320,0.010973241238896082,0.08049292132798666,0.3237150478334575
NN,sdf_only,algebraic,32,23.593617539042594,256,68332,0.010759258183321248,0.08024376990115198,0.3140574221075236
NN,sdf_only,algebraic,32,27.640130995961325,256,80052,0.010535466405308794,0.07991740276055444,0.3069531874721382
NN,sdf_only,algebraic,32,29.5,256,85448,0.010487939262374598,0.07990895229010812,0.30410366139169465
NN,sdf_only,algebraic,32,32.38065719297506,256,93784,0.010406607586299963,0.07982424108979481,0.30036046331179606
NN,sdf_only,algebraic,32,37.934225434827766,256,109862,0.01027127691379856,0.07966484018310062,0.29408835079026635
NN,sdf_only,algebraic,32,44.440279601629705,256,128706,0.01018256932766393,0.07960562740262793,0.2892382897577081
NN,sdf_only,algebraic,32,52.06217942854887,256,150776,0.010092870448350912,0.07950465619542398,0.284895513532542
NN,sdf_only,algebraic,32,60.99130228584384,256,176624,0.010030436192119912,0.07945969259976889,0.2807711631269707
NN,sdf_only,algebraic,32,61.5,256,178118,0.010035155506452165,0.07948416757378858,0.2803019428156256
NN,sdf_only,algebraic,32,71.45184845034187,256,206950,0.009990379083369293,0.07947221288202068,0.27757734022703595
NN,sdf_only,algebraic,32,83.70647052334843,256,242446,0.009950495843680143,0.07945562387237097,0.2743047093628967
NN,sdf_only,algebraic,32,98.0628683433686,256,284018,0.009906495954286281,0.07940565534305372,0.2716959221715691
NN,sdf_only,algebraic,32,114.88151498451414,256,332730,0.009878963774206505,0.07939544071858902,0.2693728029890217
NN,sdf_only,algebraic,32,125.5,256,363484,0.009865782632883409,0.0793911656166904,0.2686944010248222
NN,sdf_only,algebraic,32,134.58470783176554,256,389798,0.009849821078566726,0.07936841804452403,0.2679724898731658
NN,sdf_only,algebraic,32,157.66717199545363,256,456648,0.009835998359413137,0.07938156348036719,0.26635542137863366
NN,sdf_only,algebraic,32,184.70848230482684,256,534966,0.009815694141273056,0.0793660560095944,0.2650720606686639
NN,sdf_only,algebraic,32,216.38761578305204,256,626720,0.009805856333670544,0.07937917789205505,0.26432867874623917
NN,sdf_only,algebraic,32,253.5,256,734208,0.009795484693343398,0.07937690689808578,0.2631396167494606
NN,mixed_sdf_algebraic,algebraic,256,1.6,256,4462,0.0007943016053650725,0.02215325972628882,0.09413498640060425
NN,mixed_sdf_algebraic,algebraic,256,1.874414108830752,256,5294,0.006163460134030257,0.07048201623464181,0.16228375501338965
NN,mixed_sdf_algebraic,algebraic,256,2.195892657114864,256,6250,0.008667239877259859,0.07271869499178368,0.263350936103229
NN,mixed_sdf_algebraic,algebraic,256,2.5725076112337186,256,7332,0.002280098656108535,0.033315754100307356,0.19098387986643856
NN,mixed_sdf_algebraic,algebraic,256,3.013715350981861,256,8628,0.000781791464343847,0.02144947999620693,0.10596600639420095
NN,mixed_sdf_algebraic,algebraic,256,3.5305941086751385,256,10158,0.000407354701976182,0.0158042156725511,0.06281321398745904
NN,mixed_sdf_algebraic,algebraic,256,4.136122131159633,256,11930,0.0001994208037227852,0.011464663836381261,0.0424245553937983
NN,mixed_sdf_algebraic,algebraic,256,4.845503549057959,256,13974,9.24608390824622e-05,0.008112081027136842,0.029404650695012274
NN,mixed_sdf_algebraic,algebraic,256,5.676550135464825,256,16406,4.827840173201654e-05,0.005946475347664157,0.018134135797098133
NN,mixed_sdf_algebraic,algebraic,256,6.65012853962524,256,19236,2.85101421783485e-05,0.004551896473533052,0.01571907755110849
NN,mixed_sdf_algebraic,algebraic,256,7.790684225132246,256,22526,1.6562617930725463e-05,0.003461611544846369,0.01226655332169832
NN,mixed_sdf_algebraic,algebraic,256,9.126855268145661,256,26402,9.398639074938038e-06,0.0026042702278023765,0.009258107611315819
NN,mixed_sdf_algebraic,algebraic,256,10.692191427417814,256,30954,5.3718021048704695e-06,0.001963901866035921,0.006892201656067715
NN,mixed_sdf_algebraic,algebraic,256,12.52599654116948,256,36278,2.8783604045240027e-06,0.001438363742748431,0.00514557754095489
NN,mixed_sdf_algebraic,algebraic,256,13.5,256,39092,2.066380629958435e-06,0.0012205799544262263,0.004467769905372898
NN,mixed_sdf_algebraic,algebraic,256,14.674315402458294,256,42494,1.3991894595593904e-06,0.001003791620105344,0.0038107098364997677
NN,mixed_sdf_algebraic,algebraic,256,17.191089892375153,256,49774,6.838597171257729e-07,0.0006958364960218324,0.002823045425676289
NN,mixed_sdf_algebraic,algebraic,256,20.139513400278574,256,58320,3.782523286191263e-07,0.0005096629210101861,0.0018707048921436792
NN,mixed_sdf_algebraic,algebraic,256,23.593617539042594,256,68332,2.1366979070943828e-07,0.00038688742986764504,0.0015656079589665903
NN,mixed_sdf_algebraic,algebraic,256,27.640130995961325,256,80052,1.230446475930302e-07,0.0002969173702580194,0.0012678397829201105
NN,mixed_sdf_algebraic,algebraic,256,29.5,256,85448,1.0228430254010589e-07,0.0002733992836187701,0.0011475942397521713
NN,mixed_sdf_algebraic,algebraic,256,32.38065719297506,256,93784,8.626790100201278e-08,0.000252770243183166,0.001003377387399789
NN,mixed_sdf_algebraic,algebraic,256,37.934225434827766,256,109862,7.505985223430591e-08,0.00023322962162320704,0.0007379481618363347
NN,mixed_sdf_algebraic,algebraic,256,44.440279601629705,256,128706,5.2432464770568674e-08,0.0001961431729510724,0.0005267850914206021
NN,mixed_sdf_algebraic,algebraic,256,52.06217942854887,256,150776,3.257295685967357e-08,0.0001565772201923497,0.0004277188797962607
NN,mixed_sdf_algebraic,algebraic,256,60.99130228584384,256,176624,2.0208907696221394e-08,0.00012536154431089068,0.0003617584495292196
NN,mixed_sdf_algebraic,algebraic,256,61.5,256,178118,1.9761189039509383e-08,0.00012407284850418456,0.0003604447938562426
NN,mixed_sdf_algebraic,algebraic,256,71.45184845034187,256,206950,1.357369598073453e-08,0.00010479403883048744,0.00030386485490375807
NN,mixed_sdf_algebraic,algebraic,256,83.70647052334843,256,242446,1.006481507052658e-08,9.143820319316055e-05,0.00025526530751343937
NN,mixed_sdf_algebraic,algebraic,256,98.0628683433686,256,284018,8.231956451055437e-09,8.25092006107458e-05,0.0002150879745719484
NN,mixed_sdf_algebraic,algebraic,256,114.88151498451414,256,332730,7.257841530738436e-09,7.638008746380764e-05,0.00020495353506429573
NN,mixed_sdf_algebraic,algebraic,256,125.5,256,363484,6.914992720005017e-09,7.368256693428317e-05,0.00020723021125413493
NN,mixed_sdf_algebraic,algebraic,256,134.58470783176554,256,389798,6.71492892595063e-09,7.189530883626468e-05,0.00021010073066263756
NN,mixed_sdf_algebraic,algebraic,256,157.66717199545363,256,456648,6.426964218606178e-09,6.902682997850452e-05,0.0002154745316293961
NN,mixed_sdf_algebraic,algebraic,256,184.70848230482684,256,534966,6.300149409781858e-09,6.737734276173721e-05,0.00021891490201478726
NN,mixed_sdf_algebraic,algebraic,256,216.38761578305204,256,626720,6.3091367350779366e-09,6.694455222663169e-05,0.00022160480497694906
NN,mixed_sdf_algebraic,algebraic,256,253.5,256,734208,6.365180391059194e-09,6.696063189907214e-05,0.00022355089408641286
NN,sdf_only,algebraic,256,1.6,256,4462,0.11225222647511848,0.3063822788462303,0.5894068479537964
NN,sdf_only,algebraic,256,1.874414108830752,256,5294,0.07854945611244611,0.2525891721589987,0.5316309101075364
NN,sdf_only,algebraic,256,2.195892657114864,256,6250,0.05269758889452153,0.2026631202837023,0.4692714535478396
NN,sdf_only,algebraic,256,2.5725076112337186,256,7332,0.0346658923088404,0.16431402835353479,0.3996586087368304
NN,sdf_only,algebraic,256,3.013715350981861,256,8628,0.023005245524981142,0.1355009330952462,0.32496962415772024
NN,sdf_only,algebraic,256,3.5305941086751385,256,10158,0.01601501222934537,0.11155862063490016,0.2835864638520373
NN,sdf_only,algebraic,256,4.136122131159633,256,11930,0.0108725989799734,0.08982943494099542,0.2508995789018702
NN,sdf_only,algebraic,256,4.845503549057959,256,13974,0.007600826343165185,0.07373968846348226,0.22100625491826362
NN,sdf_only,algebraic,256,5.676550135464825,256,16406,0.005585627714250928,0.06267132765653533,0.19907767693750575
NN,sdf_only,algebraic,256,6.65012853962524,256,19236,0.0043472751477196345,0.054923953985740195,0.18296990636612784
NN,sdf_only,algebraic,256,7.790684225132246,256,22526,0.003548543509458818,0.04932148476761126,0.1721881857720822
NN,sdf_only,algebraic,256,9.126855268145661,256,26402,0.0029728851758401968,0.04484435205647132,0.1616572576078004
NN,sdf_only,algebraic,256,10.692191427417814,256,30954,0.002534241889724786,0.04111173259451553,0.15380668902996744
NN,sdf_only,algebraic,256,12.52599654116948,256,36278,0.002208948604127911,0.03818415159574982,0.14597231353227202
NN,sdf_only,algebraic,256,13.5,256,39092,0.0020726958096561545,0.036941166491480944,0.14139357264395114
NN,sdf_only,algebraic,256,14.674315402458294,256,42494,0.0019425056458559076,0.0357072468818756,0.13815715300796738
NN,sdf_only,algebraic,256,17.191089892375153,256,49774,0.0017479191522118461,0.03376178892789205,0.1313670967290173
NN,sdf_only,algebraic,256,20.139513400278574,256,58320,0.0015815383244291272,0.032036599979266084,0.12537734389020494
NN,sdf_only,algebraic,256,23.593617539042594,256,68332,0.0014601796106711621,0.03073333081786521,0.11878862721330513
NN,sdf_only,algebraic,256,27.640130995961325,256,80052,0.0013563677457621847,0.029602549450679864,0.11352832186869122
NN,sdf_only,algebraic,256,29.5,256,85448,0.001324588597111111,0.02924786623746097,0.11241527280565036
NN,sdf_only,algebraic,256,32.38065719297506,256,93784,0.0012789064322876703,0.028739560092845135,0.1091297489906596
NN,sdf_only,algebraic,256,37.934225434827766,256,109862,0.001213557019206752,0.02800320395469598,0.10587234999490194
NN,sdf_only,algebraic,256,44.440279601629705,256,128706,0.0011629520468973207,0.02743745396212534,0.10228739754770141
NN,sdf_only,algebraic,256,52.06217942854887,256,150776,0.0011190491300739007,0.026940515116433677,0.09916702317991138
NN,sdf_only,algebraic,256,60.99130228584384,256,176624,0.0010833956200817017,0.026536507343754612,0.09630106093599934
NN,sdf_only,algebraic,256,61.5,256,178118,0.001083707708602385,0.02654353946706687,0.09623320340141048
NN,sdf_only,algebraic,256,71.45184845034187,256,206950,0.0010558809548633361,0.02622802938359006,0.09402254186239666
NN,sdf_only,algebraic,256,83.70647052334843,256,242446,0.001032264450898894,0.025955755155248703,0.09227307789317016
NN,sdf_only,algebraic,256,98.0628683433686,256,284018,0.0010116449881465489,0.025721434409238828,0.09067636266896748
NN,sdf_only,algebraic,256,114.88151498451414,256,332730,0.0009942855415862111,0.025522187594994448,0.08935309650136607
NN,sdf_only,algebraic,256,125.5,256,363484,0.0009863081801407643,0.025430956009707986,0.08884617710018539
NN,sdf_only,algebraic,256,134.58470783176554,256,389798,0.0009799799346794785,0.025357289273512024,0.08822356728672476
NN,sdf_only,algebraic,256,157.66717199545363,256,456648,0.0009688083246158712,0.025229739589633055,0.08738241715671746
NN,sdf_only,algebraic,256,184.70848230482684,256,534966,0.0009584233819571046,0.025108716228309444,0.08657008215208525
NN,sdf_only,algebraic,256,216.38761578305204,256,626720,0.0009502293182843014,0.025014540346241853,0.08579318751813554
NN,sdf_only,algebraic,256,253.5,256,734208,0.0009430602184664302,0.024932233467360385,0.08534080912845844
FD,FD,sdf,,1.6,256,4462,0.06645101355424746,0.18432974075361921,1.2378376117861911
FD,FD,sdf,,1.874414108830752,256,5294,0.025239412174347,0.12712771252042698,0.5354645411173212
FD,FD,sdf,,2.195892657114864,256,6250,0.013181214476318735,0.09372344747381525,0.3534258776149094
FD,FD,sdf,,2.5725076112337186,256,7332,0.006868716831313498,0.06857750821938403,0.2303905910527127
FD,FD,sdf,,3.013715350981861,256,8628,0.003566496268904228,0.05002059042850677,0.1488606483427764
FD,FD,sdf,,3.5305941086751385,256,10158,0.001868851675548932,0.03651257364994463,0.10031088712176345
FD,FD,sdf,,4.136122131159633,256,11930,0.0009824639612351954,0.02662344710410592,0.06954037950513614
FD,FD,sdf,,4.845503549057959,256,13974,0.0005150032947129248,0.01936029143679444,0.04937063529303595
FD,FD,sdf,,5.676550135464825,256,16406,0.0002718732352836713,0.014111699508459839,0.03518249349854766
FD,FD,sdf,,6.65012853962524,256,19236,0.0001439456817039121,0.010286957489818215,0.025205182148148514
FD,FD,sdf,,7.790684225132246,256,22526,7.607441588064079e-05,0.007490065239476549,0.01809984302555992
FD,FD,sdf,,9.126855268145661,256,26402,4.0304337831441647e-05,0.0054574539999993005,0.013013411135399028
FD,FD,sdf,,10.692191427417814,256,30954,2.1358268272032828e-05,0.003976968742450759,0.009371464362371532
FD,FD,sdf,,12.52599654116948,256,36278,1.1322737840637356e-05,0.002897258110728957,0.006761961555829463
FD,FD,sdf,,13.5,256,39092,8.38699050081622e-06,0.002494133610580784,0.005794941931044961
FD,FD,sdf,,14.674315402458294,256,42494,6.007495832866471e-06,0.002111034380553514,0.004882921238345661
FD,FD,sdf,,17.191089892375153,256,49774,3.186115459702005e-06,0.0015377859802554418,0.0035290958952271523
FD,FD,sdf,,20.139513400278574,256,58320,1.6910449957605757e-06,0.0011206564709299856,0.002557579146716789
FD,FD,sdf,,23.593617539042594,256,68332,8.974197269767884e-07,0.0008165067818139935,0.001851985048202276
FD,FD,sdf,,27.640130995961325,256,80052,4.7634921124531445e-07,0.000594923885725673,0.0013440098642611767
FD,FD,sdf,,29.5,256,85448,3.671079478047049e-07,0.0005222794466528599,0.0011785244080693771
FD,FD,sdf,,32.38065719297506,256,93784,2.528008188307458e-07,0.0004334576630440501,0.0009757227475255571
FD,FD,sdf,,37.934225434827766,256,109862,1.3420508167165783e-07,0.0003158215292503671,0.0007087985111509862
FD,FD,sdf,,44.440279601629705,256,128706,7.122758895388708e-08,0.00023011346173299014,0.0005146092263026772
FD,FD,sdf,,52.06217942854887,256,150776,3.78195533104677e-08,0.00016766653696900888,0.00037414180379227724
FD,FD,sdf,,60.99130228584384,256,176624,2.0075659120953626e-08,0.0001221624146232708,0.00027200322724047973
FD,FD,sdf,,61.5,256,178118,1.9420047269640084e-08,0.00012015655737429138,0.00026758822501803115
FD,FD,sdf,,71.45184845034187,256,206950,1.0658651322098917e-08,8.901801174063416e-05,0.0001979440812638674
FD,FD,sdf,,83.70647052334843,256,242446,5.658310858298446e-09,6.486107865111636e-05,0.00014391346026498657
FD,FD,sdf,,98.0628683433686,256,284018,3.0042128964113133e-09,4.725912455321584e-05,0.00010476046698436325
FD,FD,sdf,,114.88151498451414,256,332730,1.5949013654232835e-09,3.443463669330711e-05,7.630054921605248e-05
FD,FD,sdf,,125.5,256,363484,1.1198145738159947e-09,2.885403068276335e-05,6.38523001707924e-05
FD,FD,sdf,,134.58470783176554,256,389798,8.46702708927415e-10,2.509027031404731e-05,5.5534931660136504e-05
FD,FD,sdf,,157.66717199545363,256,456648,4.4948527292504567e-10,1.8281437258543646e-05,4.044345313429856e-05
FD,FD,sdf,,184.70848230482684,256,534966,2.3864897039401173e-10,1.3320446907285197e-05,2.94973664309783e-05
FD,FD,sdf,,216.38761578305204,256,626720,1.267008138218246e-10,9.705717093257064e-06,2.150789875446195e-05
FD,FD,sdf,,253.5,256,734208,6.726681086604595e-11,7.0719227205255164e-06,1.570777873974999e-05
NN,mixed_sdf_algebraic,sdf,32,1.6,256,4462,0.00029682045542511396,0.010616195450337785,0.10286140441894531
NN,mixed_sdf_algebraic,sdf,32,1.874414108830752,256,5294,0.003007371603020379,0.049959227396537874,0.1575481063813401
NN,mixed_sdf_algebraic,sdf,32,2.195892657114864,256,6250,0.0028456096593518438,0.04449553081598333,0.1360192620042605
NN,mixed_sdf_algebraic,sdf,32,2.5725076112337186,256,7332,0.0004916114813729226,0.01957739453008464,0.06673859387858455
NN,mixed_sdf_algebraic,sdf,32,3.013715350981861,256,8628,0.0003889738859861845,0.01853546161602574,0.047699366684728295
NN,mixed_sdf_algebraic,sdf,32,3.5305941086751385,256,10158,0.00013876931281619226,0.01120711598714151,0.027720472736467217
NN,mixed_sdf_algebraic,sdf,32,4.136122131159633,256,11930,5.998689984781254e-05,0.007411466785756722,0.016485627266509484
NN,mixed_sdf_algebraic,sdf,32,4.845503549057959,256,13974,1.9140447669704983e-05,0.00417535001758192,0.011531423098729315
NN,mixed_sdf_algebraic,sdf,32,5.676550135464825,256,16406,5.81806950765539e-06,0.0021607494614163825,0.006471704647466686
NN,mixed_sdf_algebraic,sdf,32,6.65012853962524,256,19236,1.7605578444769948e-06,0.001140839930120979,0.003409379160660614
NN,mixed_sdf_algebraic,sdf,32,7.790684225132246,256,22526,5.162610759746074e-07,0.0005717941344285885,0.0026750794259518262
NN,mixed_sdf_algebraic,sdf,32,9.126855268145661,256,26402,2.7948152321645284e-07,0.000427040465285075,0.0016500813452177965
NN,mixed_sdf_algebraic,sdf,32,10.692191427417814,256,30954,2.3760080206532867e-07,0.00039514775956262535,0.0017446923792008018
NN,mixed_sdf_algebraic,sdf,32,12.52599654116948,256,36278,2.089220017084794e-07,0.00037390071284879647,0.0013536716013758804
NN,mixed_sdf_algebraic,sdf,32,13.5,256,39092,1.9713728658235292e-07,0.00036124909019759506,0.0013771051609957619
NN,mixed_sdf_algebraic,sdf,32,14.674315402458294,256,42494,1.880861859702687e-07,0.0003530038698357326,0.001292488100545483
NN,mixed_sdf_algebraic,sdf,32,17.191089892375153,256,49774,1.826562672988418e-07,0.00034819835062896377,0.0014030243685473828
NN,mixed_sdf_algebraic,sdf,32,20.139513400278574,256,58320,1.9022534274070503e-07,0.00035315031133247097,0.0015496519236416345
NN,mixed_sdf_algebraic,sdf,32,23.593617539042594,256,68332,2.080855302457078e-07,0.0003641996125609057,0.0017903919755757822
NN,mixed_sdf_algebraic,sdf,32,27.640130995961325,256,80052,2.3519779706480696e-07,0.00038261800316593625,0.00207384359189533
NN,mixed_sdf_algebraic,sdf,32,29.5,256,85448,2.4700776902641297e-07,0.00039121337950463926,0.0021390206480430343
NN,mixed_sdf_algebraic,sdf,32,32.38065719297506,256,93784,2.6346247590015545e-07,0.0004038902879987321,0.0022164939587069714
NN,mixed_sdf_algebraic,sdf,32,37.934225434827766,256,109862,2.893830229810498e-07,0.00042440060315406805,0.0023005230401713338
NN,mixed_sdf_algebraic,sdf,32,44.440279601629705,256,128706,3.1194432648174945e-07,0.0004409293467692489,0.0023372072586025708
NN,mixed_sdf_algebraic,sdf,32,52.06217942854887,256,150776,3.3051740088244614e-07,0.00045395382732799213,0.0023120396306288184
NN,mixed_sdf_algebraic,sdf,32,60.99130228584384,256,176624,3.45102189052812e-07,0.000463529424493262,0.0023604158102021704
NN,mixed_sdf_algebraic,sdf,32,61.5,256,178118,3.45722358414115e-07,0.0004639404377441522,0.0023757653780342135
NN,mixed_sdf_algebraic,sdf,32,71.45184845034187,256,206950,3.556550592282991e-07,0.00047058352565163464,0.0024524129960256224
NN,mixed_sdf_algebraic,sdf,32,83.70647052334843,256,242446,3.6353218455507626e-07,0.00047576571310140834,0.0025044298143064615
NN,mixed_sdf_algebraic,sdf,32,98.0628683433686,256,284018,3.692002303242807e-07,0.00047974584410966266,0.002543776253366237
NN,mixed_sdf_algebraic,sdf,32,114.88151498451414,256,332730,3.729815052668069e-07,0.0004824874854516873,0.002550197003944949
NN,mixed_sdf_algebraic,sdf,32,125.5,256,363484,3.744784795932996e-07,0.0004837318459388522,0.002511324123497978
NN,mixed_sdf_algebraic,sdf,32,134.58470783176554,256,389798,3.758018337857649e-07,0.0004848228623495884,0.002504687702064806
NN,mixed_sdf_algebraic,sdf,32,157.66717199545363,256,456648,3.7764671594323375e-07,0.00048644531777428416,0.0024749804442909485
NN,mixed_sdf_algebraic,sdf,32,184.70848230482684,256,534966,3.792094584361093e-07,0.0004880271450802954,0.0024499670473766876
NN,mixed_sdf_algebraic,sdf,32,216.38761578305204,256,626720,3.8007547172963755e-07,0.0004890228631648222,0.002416739563926229
NN,mixed_sdf_algebraic,sdf,32,253.5,256,734208,3.8082736209086066e-07,0.0004899382982040053,0.0023688021532941384
NN,sdf_only,sdf,32,1.6,256,4462,0.0009748771399974245,0.023176696376915953,0.1317751407623291
NN,sdf_only,sdf,32,1.874414108830752,256,5294,0.0005075718931898639,0.017642252454757465,0.09821184807117456
NN,sdf_only,sdf,32,2.195892657114864,256,6250,0.00047597046506836824,0.019233809823737468,0.07663413650953343
NN,sdf_only,sdf,32,2.5725076112337186,256,7332,0.0002581756361905231,0.014306770212445372,0.05478100806696956
NN,sdf_only,sdf,32,3.013715350981861,256,8628,0.0001510632271779637,0.011236309576492439,0.03787973987656179
NN,sdf_only,sdf,32,3.5305941086751385,256,10158,3.33110954260823e-05,0.004897920723175161,0.016102693004716728
NN,sdf_only,sdf,32,4.136122131159633,256,11930,1.5286728930616248e-05,0.0032988887116111574,0.011061366173369835
NN,sdf_only,sdf,32,4.845503549057959,256,13974,4.234599402326685e-06,0.0016438792654914734,0.006616140968487921
NN,sdf_only,sdf,32,5.676550135464825,256,16406,2.143236568345696e-06,0.001171144767180382,0.004782620861604664
NN,sdf_only,sdf,32,6.65012853962524,256,19236,1.9561746050719814e-06,0.0011385141094354405,0.004114604556304108
NN,sdf_only,sdf,32,7.790684225132246,256,22526,1.5633851237436908e-06,0.0010315496631587108,0.003649077692845476
NN,sdf_only,sdf,32,9.126855268145661,256,26402,1.4251754727303212e-06,0.001003936305867032,0.003240258762019249
NN,sdf_only,sdf,32,10.692191427417814,256,30954,1.2612411480170278e-06,0.0009607374016480565,0.0030657920777443504
NN,sdf_only,sdf,32,12.52599654116948,256,36278,1.0808928688427898e-06,0.0008975534648761272,0.0026759186893313552
NN,sdf_only,sdf,32,13.5,256,39092,1.0097072453287546e-06,0.0008694691843656684,0.0026486447011982994
NN,sdf_only,sdf,32,14.674315402458294,256,42494,9.515680200075889e-07,0.0008443547900666976,0.002665279927270489
NN,sdf_only,sdf,32,17.191089892375153,256,49774,8.907418518340603e-07,0.0008094080795031281,0.0027683432629336743
NN,sdf_only,sdf,32,20.139513400278574,256,58320,8.812193504848613e-07,0.0007954275294083722,0.0028997790841907983
NN,sdf_only,sdf,32,23.593617539042594,256,68332,9.00156834025169e-07,0.0007940694625163028,0.003080258840257026
NN,sdf_only,sdf,32,27.640130995961325,256,80052,9.430767602307091e-07,0.0008008770351839817,0.0032196013266708734
NN,sdf_only,sdf,32,29.5,256,85448,9.626793299531283e-07,0.0008053545621033199,0.0032325293237375
NN,sdf_only,sdf,32,32.38065719297506,256,93784,9.945626068366757e-07,0.0008139380511406609,0.0033164976780368054
NN,sdf_only,sdf,32,37.934225434827766,256,109862,1.0504336685212159e-06,0.0008303233457915318,0.0035993231509882893
NN,sdf_only,sdf,32,44.440279601629705,256,128706,1.105006740145702e-06,0.0008485217105861888,0.0038072813161816113
NN,sdf_only,sdf,32,52.06217942854887,256,150776,1.150795347178676e-06,0.0008645560943098106,0.0039794423153173865
NN,sdf_only,sdf,32,60.99130228584384,256,176624,1.1775917959988178e-06,0.0008743587012081591,0.0041777130006299505
NN,sdf_only,sdf,32,61.5,256,178118,1.1793153085178985e-06,0.0008754231190516836,0.0041704314298988375
NN,sdf_only,sdf,32,71.45184845034187,256,206950,1.1925785985196298e-06,0.0008802946904268305,0.004249992224903644
NN,sdf_only,sdf,32,83.70647052334843,256,242446,1.1945562661432059e-06,0.0008813190311355135,0.004357918199983799
NN,sdf_only,sdf,32,98.0628683433686,256,284018,1.192758050636076e-06,0.0008812496363373723,0.00443324349274612
NN,sdf_only,sdf,32,114.88151498451414,256,332730,1.1885117276792827e-06,0.0008803202531496055,0.004461764528020457
NN,sdf_only,sdf,32,125.5,256,363484,1.1857669074967542e-06,0.0008796948456929473,0.00449583469426252
NN,sdf_only,sdf,32,134.58470783176554,256,389798,1.1844389855974309e-06,0.0008792657019853098,0.004527274464969927
NN,sdf_only,sdf,32,157.66717199545363,256,456648,1.179050773306749e-06,0.0008778385716191394,0.004540156588533235
NN,sdf_only,sdf,32,184.70848230482684,256,534966,1.174225709170238e-06,0.000876199105919442,0.004586175164384897
NN,sdf_only,sdf,32,216.38761578305204,256,626720,1.1697406808794489e-06,0.0008747776642180949,0.004608879189475545
NN,sdf_only,sdf,32,253.5,256,734208,1.165672741648684e-06,0.0008733853128581601,0.004589516618077807
NN,mixed_sdf_algebraic,sdf,256,1.6,256,4462,0.0007685791423708123,0.020727410237920598,0.16493970155715942
NN,mixed_sdf_algebraic,sdf,256,1.874414108830752,256,5294,0.0035105140930626697,0.04910227191155563,0.15271011657421119
NN,mixed_sdf_algebraic,sdf,256,2.195892657114864,256,6250,0.004996763018534167,0.044173759107932725,0.25101760261094996
NN,mixed_sdf_algebraic,sdf,256,2.5725076112337186,256,7332,0.0006308041481785045,0.014474831306385352,0.20325820476038997
NN,mixed_sdf_algebraic,sdf,256,3.013715350981861,256,8628,0.00017564828021441014,0.010962150294972339,0.050698374386602074
NN,mixed_sdf_algebraic,sdf,256,3.5305941086751385,256,10158,9.08614250693222e-05,0.007537755492457406,0.04115771405230889
NN,mixed_sdf_algebraic,sdf,256,4.136122131159633,256,11930,2.574981371648866e-05,0.003932267292212472,0.01878860172901864
NN,mixed_sdf_algebraic,sdf,256,4.845503549057959,256,13974,1.2611148407363784e-05,0.002696515827833931,0.013633002274348077
NN,mixed_sdf_algebraic,sdf,256,5.676550135464825,256,16406,7.816788121702907e-06,0.002233745791812038,0.010769207074716541
NN,mixed_sdf_algebraic,sdf,256,6.65012853962524,256,19236,4.485661480549686e-06,0.0017294978898455173,0.00900521036360849
NN,mixed_sdf_algebraic,sdf,256,7.790684225132246,256,22526,2.70027362329535e-06,0.001335966356570577,0.0075950839909106616
NN,mixed_sdf_algebraic,sdf,256,9.126855268145661,256,26402,1.6365124874612838e-06,0.0010179008239888866,0.005780876943247887
NN,mixed_sdf_algebraic,sdf,256,10.692191427417814,256,30954,9.523347489959131e-07,0.0007579927610127456,0.0043178621470574
NN,mixed_sdf_algebraic,sdf,256,12.52599654116948,256,36278,5.355625623135924e-07,0.0005722045183614125,0.0031556913762896682
NN,mixed_sdf_algebraic,sdf,256,13.5,256,39092,4.0081652394318034e-07,0.0005005788357467927,0.002671852155967991
NN,mixed_sdf_algebraic,sdf,256,14.674315402458294,256,42494,2.820064277981007e-07,0.00042179287057559484,0.0023690671944785885
NN,mixed_sdf_algebraic,sdf,256,17.191089892375153,256,49774,1.5140223146258932e-07,0.00029906259024857474,0.0015899594357242017
NN,mixed_sdf_algebraic,sdf,256,20.139513400278574,256,58320,1.0717168769514404e-07,0.0002588415984468892,0.0011955034761280542
NN,mixed_sdf_algebraic,sdf,256,23.593617539042594,256,68332,9.693645583610347e-08,0.00026301102927637414,0.0011342044412435068
NN,mixed_sdf_algebraic,sdf,256,27.640130995961325,256,80052,8.003581943006344e-08,0.00023987215071808173,0.0009930623705055597
NN,mixed_sdf_algebraic,sdf,256,29.5,256,85448,7.312563615676092e-08,0.00022888822577697736,0.0009018591905044296
NN,mixed_sdf_algebraic,sdf,256,32.38065719297506,256,93784,6.432382054504766e-08,0.0002136795445176076,0.0007795172427846157
NN,mixed_sdf_algebraic,sdf,256,37.934225434827766,256,109862,5.271558256609966e-08,0.00018998750841316427,0.0006747374360520329
NN,mixed_sdf_algebraic,sdf,256,44.440279601629705,256,128706,4.0608575017717286e-08,0.00016508579432666153,0.0004961632051672452
NN,mixed_sdf_algebraic,sdf,256,52.06217942854887,256,150776,2.8780473193014958e-08,0.00013885362215816023,0.00044139814577221284
NN,mixed_sdf_algebraic,sdf,256,60.99130228584384,256,176624,1.8537453359843572e-08,0.00011265377594924321,0.00041899380967478847
NN,mixed_sdf_algebraic,sdf,256,61.5,256,178118,1.8110358631404617e-08,0.00011146069909772667,0.00041793347374210685
NN,mixed_sdf_algebraic,sdf,256,71.45184845034187,256,206950,1.2312688284375778e-08,9.416541634168623e-05,0.0003890547934489851
NN,mixed_sdf_algebraic,sdf,256,83.70647052334843,256,242446,8.942253828881004e-09,8.240498436760038e-05,0.00035115427979584904
NN,mixed_sdf_algebraic,sdf,256,98.0628683433686,256,284018,7.2457796211187474e-09,7.499452910999606e-05,0.0003153280859229616
NN,mixed_sdf_algebraic,sdf,256,114.88151498451414,256,332730,6.533845993314796e-09,7.090361949958695e-05,0.00028021930025442024
NN,mixed_sdf_algebraic,sdf,256,125.5,256,363484,6.383902894562539e-09,6.963495958716456e-05,0.00026114261245347575
NN,mixed_sdf_algebraic,sdf,256,134.58470783176554,256,389798,6.345570914544003e-09,6.8977360590783e-05,0.0002532097899964388
NN,mixed_sdf_algebraic,sdf,256,157.66717199545363,256,456648,6.389989802768528e-09,6.831907187116311e-05,0.0002390183663156754
NN,mixed_sdf_algebraic,sdf,256,184.70848230482684,256,534966,6.522234895639253e-09,6.841924335006561e-05,0.00022676781396394497
NN,mixed_sdf_algebraic,sdf,256,216.38761578305204,256,626720,6.671825892524669e-09,6.870844295051408e-05,0.00021643410204268392
NN,mixed_sdf_algebraic,sdf,256,253.5,256,734208,6.807712593019362e-09,6.902056649053101e-05,0.00020695100051646657
NN,sdf_only,sdf,256,1.6,256,4462,0.0003141069234350326,0.013729436201987274,0.08677256107330322
NN,sdf_only,sdf,256,1.874414108830752,256,5294,0.0003241726590612438,0.014162342350853164,0.10823503799144751
NN,sdf_only,sdf,256,2.195892657114864,256,6250,0.00019281922261294555,0.01078200592468354,0.06514457099473903
NN,sdf_only,sdf,256,2.5725076112337186,256,7332,7.925216059503023e-05,0.007646701199272726,0.032840508522825884
NN,sdf_only,sdf,256,3.013715350981861,256,8628,0.0001359162459584432,0.010697786203803164,0.03156090247231069
NN,sdf_only,sdf,256,3.5305941086751385,256,10158,8.804148975024721e-05,0.008720641824929152,0.02351169936190972
NN,sdf_only,sdf,256,4.136122131159633,256,11930,2.5996681657633862e-05,0.00465277589591664,0.013614590736968468
NN,sdf_only,sdf,256,4.845503549057959,256,13974,7.003503070473055e-06,0.0022668744959379165,0.009436111218617621
NN,sdf_only,sdf,256,5.676550135464825,256,16406,2.2768716359226686e-06,0.0012043143336746462,0.005061242773607227
NN,sdf_only,sdf,256,6.65012853962524,256,19236,1.027110747503872e-06,0.0008082471710030406,0.0035619949934302675
NN,sdf_only,sdf,256,7.790684225132246,256,22526,5.884241325165864e-07,0.0006148909474039272,0.0033605030385464307
NN,sdf_only,sdf,256,9.126855268145661,256,26402,3.218891712629845e-07,0.00046037065068906826,0.0025565313609665907
NN,sdf_only,sdf,256,10.692191427417814,256,30954,2.160077099527596e-07,0.00036386355699556157,0.0020092305004950906
NN,sdf_only,sdf,256,12.52599654116948,256,36278,1.4960678785288e-07,0.0003076568086917561,0.0017300119489819382
NN,sdf_only,sdf,256,13.5,256,39092,1.1843364828151551e-07,0.00027466660027897514,0.0014771675622021752
NN,sdf_only,sdf,256,14.674315402458294,256,42494,9.101814303098039e-08,0.00024137495482177556,0.001285070059282703
NN,sdf_only,sdf,256,17.191089892375153,256,49774,6.529771747784137e-08,0.00020513581872228979,0.0010861661801109881
NN,sdf_only,sdf,256,20.139513400278574,256,58320,5.2868212834672767e-08,0.00018418380256479065,0.0010546465246529108
NN,sdf_only,sdf,256,23.593617539042594,256,68332,4.5760681673943375e-08,0.00016956191686125606,0.0009202074766813742
NN,sdf_only,sdf,256,27.640130995961325,256,80052,4.09558341270584e-08,0.00016021606238294424,0.0008934954171512244
NN,sdf_only,sdf,256,29.5,256,85448,3.9287786845541096e-08,0.0001565176760387304,0.000835970107276561
NN,sdf_only,sdf,256,32.38065719297506,256,93784,3.7060471629642706e-08,0.0001522203296466787,0.0008458162342263424
NN,sdf_only,sdf,256,37.934225434827766,256,109862,3.3694096469450675e-08,0.00014565982913515652,0.000812308681483933
NN,sdf_only,sdf,256,44.440279601629705,256,128706,3.080352626565187e-08,0.0001391567357375272,0.0007840350129808896
NN,sdf_only,sdf,256,52.06217942854887,256,150776,2.865660732922105e-08,0.00013406890503861186,0.0007876303514015616
NN,sdf_only,sdf,256,60.99130228584384,256,176624,2.7030692857658264e-08,0.00013037711346720573,0.0007578760175452719
NN,sdf_only,sdf,256,61.5,256,178118,2.6988917221631165e-08,0.00013034153684173965,0.0007588012613416704
NN,sdf_only,sdf,256,71.45184845034187,256,206950,2.6151733445418746e-08,0.0001289302072435465,0.0007479157331901198
NN,sdf_only,sdf,256,83.70647052334843,256,242446,2.5777282643111645e-08,0.0001286110016575284,0.0007421495736515162
NN,sdf_only,sdf,256,98.0628683433686,256,284018,2.5661038164464463e-08,0.00012887639152640054,0.0006877192800281099
NN,sdf_only,sdf,256,114.88151498451414,256,332730,2.565746236458642e-08,0.00012945665853807757,0.0006808779971442976
NN,sdf_only,sdf,256,125.5,256,363484,2.5697731804447992e-08,0.00012991258302122666,0.0006537472317180784
NN,sdf_only,sdf,256,134.58470783176554,256,389798,2.573690969193881e-08,0.0001302650899915884,0.0006573926115086611
NN,sdf_only,sdf,256,157.66717199545363,256,456648,2.5866692588883388e-08,0.00013109859737225047,0.0006712172335174805
NN,sdf_only,sdf,256,184.70848230482684,256,534966,2.60014005422839e-08,0.00013184870837634803,0.0006509628949595047
NN,sdf_only,sdf,256,216.38761578305204,256,626720,2.6123455061551702e-08,0.0001325100140716413,0.0006753172236523717
NN,sdf_only,sdf,256,253.5,256,734208,2.6266618258316382e-08,0.00013314643661179625,0.0006882212541747612
