family,step,metric,method,selection,value,sample_count
acute,0,hkappa_mse,FD,interface_nodes,6.270378177236124e-05,620
acute,0,hkappa_mse,NN,interface_nodes,9.125544884474852e-05,620
acute,0,sdf_max,SDF,interface_nodes,1.0974793231924713,620
acute,0,sdf_mean,SDF,interface_nodes,0.5322059946450949,620
acute,1,hkappa_mse,FD,interface_nodes,5.513883087354989e-05,620
acute,1,hkappa_mse,NN,interface_nodes,6.993575863416577e-05,620
acute,1,sdf_max,SDF,interface_nodes,0.839438332522281,620
acute,1,sdf_mean,SDF,interface_nodes,0.4021847072419245,620
acute,2,hkappa_mse,FD,interface_nodes,6.0288479120739586e-05,620
acute,2,hkappa_mse,NN,interface_nodes,5.790838856988712e-05,620
acute,2,sdf_max,SDF,interface_nodes,0.6207038065757682,620
acute,2,sdf_mean,SDF,interface_nodes,0.2987078382767367,620
acute,3,hkappa_mse,FD,interface_nodes,6.757729066422735e-05,620
acute,3,hkappa_mse,NN,interface_nodes,5.15665097444672e-05,620
acute,3,sdf_max,SDF,interface_nodes,0.4450546222917542,620
acute,3,sdf_mean,SDF,interface_nodes,0.21834564793279818,620
acute,4,hkappa_mse,FD,interface_nodes,7.700205349765831e-05,620
acute,4,hkappa_mse,NN,interface_nodes,4.831752414864756e-05,620
acute,4,sdf_max,SDF,interface_nodes,0.31003653624184224,620
acute,4,sdf_mean,SDF,interface_nodes,0.15756057473390847,620
acute,5,hkappa_mse,FD,interface_nodes,8.675864660491562e-05,620
acute,5,hkappa_mse,NN,interface_nodes,4.724164173603629e-05,620
acute,5,sdf_max,SDF,interface_nodes,0.21559962947156008,620
acute,5,sdf_mean,SDF,interface_nodes,0.112684126823432,620
acute,6,hkappa_mse,FD,interface_nodes,9.466887547313014e-05,620
acute,6,hkappa_mse,NN,interface_nodes,4.759095376488015e-05,620
acute,6,sdf_max,SDF,interface_nodes,0.14957770649656088,620
acute,6,sdf_mean,SDF,interface_nodes,0.08022406035300346,620
acute,7,hkappa_mse,FD,interface_nodes,0.000100915554162975,620
acute,7,hkappa_mse,NN,interface_nodes,4.845318847842316e-05,620
acute,7,sdf_max,SDF,interface_nodes,0.1021275606620935,620
acute,7,sdf_mean,SDF,interface_nodes,0.057087929832000874,620
acute,8,hkappa_mse,FD,interface_nodes,0.00010587055495252168,620
acute,8,hkappa_mse,NN,interface_nodes,4.938475951161895e-05,620
acute,8,sdf_max,SDF,interface_nodes,0.0694883301921283,620
acute,8,sdf_mean,SDF,interface_nodes,0.04072734368551881,620
acute,9,hkappa_mse,FD,interface_nodes,0.00010955254010924384,620
acute,9,hkappa_mse,NN,interface_nodes,5.023332389363621e-05,620
acute,9,sdf_max,SDF,interface_nodes,0.04973900024546274,620
acute,9,sdf_mean,SDF,interface_nodes,0.029165208052605588,620
acute,10,hkappa_mse,FD,interface_nodes,0.0001121578875793704,620
acute,10,hkappa_mse,NN,interface_nodes,5.0938094067979906e-05,620
acute,10,sdf_max,SDF,interface_nodes,0.03940352322407803,620
acute,10,sdf_mean,SDF,interface_nodes,0.020974520194017774,620
acute,11,hkappa_mse,FD,interface_nodes,0.00011395573038264368,620
acute,11,hkappa_mse,NN,interface_nodes,5.1524370852198875e-05,620
acute,11,sdf_max,SDF,interface_nodes,0.04182841357543243,620
acute,11,sdf_mean,SDF,interface_nodes,0.015150662701875943,620
acute,12,hkappa_mse,FD,interface_nodes,0.00011516660628408773,620
acute,12,hkappa_mse,NN,interface_nodes,5.2006003300125435e-05,620
acute,12,sdf_max,SDF,interface_nodes,0.043734575470599446,620
acute,12,sdf_mean,SDF,interface_nodes,0.011008707243370079,620
acute,13,hkappa_mse,FD,interface_nodes,0.00011594665777323182,620
acute,13,hkappa_mse,NN,interface_nodes,5.240877851175096e-05,620
acute,13,sdf_max,SDF,interface_nodes,0.0452267866811108,620
acute,13,sdf_mean,SDF,interface_nodes,0.008068234611146655,620
acute,14,hkappa_mse,FD,interface_nodes,0.00011638124766689958,620
acute,14,hkappa_mse,NN,interface_nodes,5.2757513908457615e-05,620
acute,14,sdf_max,SDF,interface_nodes,0.04639001446634272,620
acute,14,sdf_mean,SDF,interface_nodes,0.005959955793580467,620
acute,15,hkappa_mse,FD,interface_nodes,0.00011649861257214951,620
acute,15,hkappa_mse,NN,interface_nodes,5.30560959204662e-05,620
acute,15,sdf_max,SDF,interface_nodes,0.04729241805439477,620
acute,15,sdf_mean,SDF,interface_nodes,0.004440761645648182,620
acute,16,hkappa_mse,FD,interface_nodes,0.00011633733958991086,620
acute,16,hkappa_mse,NN,interface_nodes,5.3315247706815875e-05,620
acute,16,sdf_max,SDF,interface_nodes,0.04798828490265605,620
acute,16,sdf_mean,SDF,interface_nodes,0.003339092346111057,620
acute,17,hkappa_mse,FD,interface_nodes,0.00011600948150126585,620
acute,17,hkappa_mse,NN,interface_nodes,5.354606066696985e-05,620
acute,17,sdf_max,SDF,interface_nodes,0.04852089498887646,620
acute,17,sdf_mean,SDF,interface_nodes,0.0025429009524670777,620
acute,18,hkappa_mse,FD,interface_nodes,0.00011559130255343556,620
acute,18,hkappa_mse,NN,interface_nodes,5.37548157889317e-05,620
acute,18,sdf_max,SDF,interface_nodes,0.048924575701907336,620
acute,18,sdf_mean,SDF,interface_nodes,0.0019699400889210505,620
acute,19,hkappa_mse,FD,interface_nodes,0.00011513048557964079,620
acute,19,hkappa_mse,NN,interface_nodes,5.3949783055717444e-05,620
acute,19,sdf_max,SDF,interface_nodes,0.04922658224126264,620
acute,19,sdf_mean,SDF,interface_nodes,0.0015616554184718727,620
acute,20,hkappa_mse,FD,interface_nodes,0.0001146521876606254,620
acute,20,hkappa_mse,NN,interface_nodes,5.413580430396371e-05,620
acute,20,sdf_max,SDF,interface_nodes,0.04944835651467416,620
acute,20,sdf_mean,SDF,interface_nodes,0.0012715831678349733,620
acute,21,hkappa_mse,FD,interface_nodes,0.00011417268427374391,620
acute,21,hkappa_mse,NN,interface_nodes,5.431598982058236e-05,620
acute,21,sdf_max,SDF,interface_nodes,0.04960667716184475,620
acute,21,sdf_mean,SDF,interface_nodes,0.0010636045976516473,620
acute,22,hkappa_mse,FD,interface_nodes,0.00011370344978583732,620
acute,22,hkappa_mse,NN,interface_nodes,5.449113592916249e-05,620
acute,22,sdf_max,SDF,interface_nodes,0.049714671402484534,620
acute,22,sdf_mean,SDF,interface_nodes,0.0009228840508196555,620
acute,23,hkappa_mse,FD,interface_nodes,0.00011325216837864228,620
acute,23,hkappa_mse,NN,interface_nodes,5.466191587320685e-05,620
acute,23,sdf_max,SDF,interface_nodes,0.049782792577707236,620
acute,23,sdf_mean,SDF,interface_nodes,0.0008342081545343979,620
acute,24,hkappa_mse,FD,interface_nodes,0.00011282292251445088,620
acute,24,hkappa_mse,NN,interface_nodes,5.4830790020612075e-05,620
acute,24,sdf_max,SDF,interface_nodes,0.049819138314925904,620
acute,24,sdf_mean,SDF,interface_nodes,0.0007794401251756656,620
acute,25,hkappa_mse,FD,interface_nodes,0.00011241681955087758,620
acute,25,hkappa_mse,NN,interface_nodes,5.499857012950911e-05,620
acute,25,sdf_max,SDF,interface_nodes,0.0498302358016004,620
acute,25,sdf_mean,SDF,interface_nodes,0.0007447686509746555,620
acute,26,hkappa_mse,FD,interface_nodes,0.00011203212187352137,620
acute,26,hkappa_mse,NN,interface_nodes,5.516547672892852e-05,620
acute,26,sdf_max,SDF,interface_nodes,0.04982130973624421,620
acute,26,sdf_mean,SDF,interface_nodes,0.0007274133881021512,620
acute,27,hkappa_mse,FD,interface_nodes,0.0001116648448178312,620
acute,27,hkappa_mse,NN,interface_nodes,5.5331075199692775e-05,620
acute,27,sdf_max,SDF,interface_nodes,0.049796475404158214,620
acute,27,sdf_mean,SDF,interface_nodes,0.0007217057320095742,620
acute,28,hkappa_mse,FD,interface_nodes,0.00011131082268189643,620
acute,28,hkappa_mse,NN,interface_nodes,5.549508660111695e-05,620
acute,28,sdf_max,SDF,interface_nodes,0.04975900105897002,620
acute,28,sdf_mean,SDF,interface_nodes,0.0007212924228870833,620
acute,29,hkappa_mse,FD,interface_nodes,0.00011096730742352443,620
acute,29,hkappa_mse,NN,interface_nodes,5.5656874264339136e-05,620
acute,29,sdf_max,SDF,interface_nodes,0.0497116294285046,620
acute,29,sdf_mean,SDF,interface_nodes,0.0007229664730666599,620
acute,30,hkappa_mse,FD,interface_nodes,0.000110633770568449,620
acute,30,hkappa_mse,NN,interface_nodes,5.5816197577822154e-05,620
acute,30,sdf_max,SDF,interface_nodes,0.0496564893106628,620
acute,30,sdf_mean,SDF,interface_nodes,0.0007255530677362001,620
smooth,0,hkappa_mse,FD,interface_nodes,4.630855652452377e-06,527
smooth,0,hkappa_mse,NN,interface_nodes,8.897057021977632e-06,527
smooth,0,sdf_max,SDF,interface_nodes,0.4778637781343045,527
smooth,0,sdf_mean,SDF,interface_nodes,0.24395028232573931,527
smooth,1,hkappa_mse,FD,interface_nodes,2.5914526228295675e-06,527
smooth,1,hkappa_mse,NN,interface_nodes,6.603322441955974e-06,527
smooth,1,sdf_max,SDF,interface_nodes,0.3790446217112451,527
smooth,1,sdf_mean,SDF,interface_nodes,0.19346846721388294,527
smooth,2,hkappa_mse,FD,interface_nodes,2.35402511374073e-06,527
smooth,2,hkappa_mse,NN,interface_nodes,5.015994333714831e-06,527
smooth,2,sdf_max,SDF,interface_nodes,0.29643794019486913,527
smooth,2,sdf_mean,SDF,interface_nodes,0.15192075341291125,527
smooth,3,hkappa_mse,FD,interface_nodes,2.5618424956541083e-06,527
smooth,3,hkappa_mse,NN,interface_nodes,3.949486159228008e-06,527
smooth,3,sdf_max,SDF,interface_nodes,0.23064862058656166,527
smooth,3,sdf_mean,SDF,interface_nodes,0.11827333831227624,527
smooth,4,hkappa_mse,FD,interface_nodes,2.9898627058185587e-06,527
smooth,4,hkappa_mse,NN,interface_nodes,3.245433318693965e-06,527
smooth,4,sdf_max,SDF,interface_nodes,0.17693333691509827,527
smooth,4,sdf_mean,SDF,interface_nodes,0.09144144361471548,527
smooth,5,hkappa_mse,FD,interface_nodes,3.4090655616929263e-06,527
smooth,5,hkappa_mse,NN,interface_nodes,2.7833613505176253e-06,527
smooth,5,sdf_max,SDF,interface_nodes,0.1344695440642112,527
smooth,5,sdf_mean,SDF,interface_nodes,0.07033795612709333,527
smooth,6,hkappa_mse,FD,interface_nodes,3.7193090592917004e-06,527
smooth,6,hkappa_mse,NN,interface_nodes,2.4798913438696617e-06,527
smooth,6,sdf_max,SDF,interface_nodes,0.10183872351935297,527
smooth,6,sdf_mean,SDF,interface_nodes,0.05393077212743656,527
smooth,7,hkappa_mse,FD,interface_nodes,3.947627655922498e-06,527
smooth,7,hkappa_mse,NN,interface_nodes,2.2799513508961046e-06,527
smooth,7,sdf_max,SDF,interface_nodes,0.07635885826919897,527
smooth,7,sdf_mean,SDF,interface_nodes,0.04128486577569925,527
smooth,8,hkappa_mse,FD,interface_nodes,4.130768964349889e-06,527
smooth,8,hkappa_mse,NN,interface_nodes,2.147579872907256e-06,527
smooth,8,sdf_max,SDF,interface_nodes,0.05688642229152707,527
smooth,8,sdf_mean,SDF,interface_nodes,0.0315886105008184,527
smooth,9,hkappa_mse,FD,interface_nodes,4.287093006419635e-06,527
smooth,9,hkappa_mse,NN,interface_nodes,2.0583747064706987e-06,527
smooth,9,sdf_max,SDF,interface_nodes,0.04226103853794716,527
smooth,9,sdf_mean,SDF,interface_nodes,0.024172795361250884,527
smooth,10,hkappa_mse,FD,interface_nodes,4.421239731670988e-06,527
smooth,10,hkappa_mse,NN,interface_nodes,1.9965998387558974e-06,527
smooth,10,sdf_max,SDF,interface_nodes,0.0313928612329446,527
smooth,10,sdf_mean,SDF,interface_nodes,0.018508660940159898,527
smooth,11,hkappa_mse,FD,interface_nodes,4.532808343311478e-06,527
smooth,11,hkappa_mse,NN,interface_nodes,1.9524043100944686e-06,527
smooth,11,sdf_max,SDF,interface_nodes,0.023347378887478953,527
smooth,11,sdf_mean,SDF,interface_nodes,0.014176772044804286,527
smooth,12,hkappa_mse,FD,interface_nodes,4.6226768772901466e-06,527
smooth,12,hkappa_mse,NN,interface_nodes,1.9201889169637603e-06,527
smooth,12,sdf_max,SDF,interface_nodes,0.017411799150029772,527
smooth,12,sdf_mean,SDF,interface_nodes,0.010861218123323833,527
smooth,13,hkappa_mse,FD,interface_nodes,4.69329607360621e-06,527
smooth,13,hkappa_mse,NN,interface_nodes,1.8964497691956453e-06,527
smooth,13,sdf_max,SDF,interface_nodes,0.013032654474214755,527
smooth,13,sdf_mean,SDF,interface_nodes,0.008322530403020521,527
smooth,14,hkappa_mse,FD,interface_nodes,4.7479162691031e-06,527
smooth,14,hkappa_mse,NN,interface_nodes,1.878767907036637e-06,527
smooth,14,sdf_max,SDF,interface_nodes,0.00976588052652061,527
smooth,14,sdf_mean,SDF,interface_nodes,0.006376196990513653,527
smooth,15,hkappa_mse,FD,interface_nodes,4.789399648706775e-06,527
smooth,15,hkappa_mse,NN,interface_nodes,1.8653831270688617e-06,527
smooth,15,sdf_max,SDF,interface_nodes,0.007532112460009399,527
smooth,15,sdf_mean,SDF,interface_nodes,0.004886645763907378,527
smooth,16,hkappa_mse,FD,interface_nodes,4.820110256127309e-06,527
smooth,16,hkappa_mse,NN,interface_nodes,1.855110960405772e-06,527
smooth,16,sdf_max,SDF,interface_nodes,0.005817910891091627,527
smooth,16,sdf_mean,SDF,interface_nodes,0.003746498976960518,527
smooth,17,hkappa_mse,FD,interface_nodes,4.841923562976739e-06,527
smooth,17,hkappa_mse,NN,interface_nodes,1.8469932083009893e-06,527
smooth,17,sdf_max,SDF,interface_nodes,0.004499004179381316,527
smooth,17,sdf_mean,SDF,interface_nodes,0.0028730178897410823,527
smooth,18,hkappa_mse,FD,interface_nodes,4.8565599927214365e-06,527
smooth,18,hkappa_mse,NN,interface_nodes,1.840313468625987e-06,527
smooth,18,sdf_max,SDF,interface_nodes,0.004439458397161311,527
smooth,18,sdf_mean,SDF,interface_nodes,0.0022058250601386703,527
smooth,19,hkappa_mse,FD,interface_nodes,4.865545839000854e-06,527
smooth,19,hkappa_mse,NN,interface_nodes,1.8347120995384594e-06,527
smooth,19,sdf_max,SDF,interface_nodes,0.004481974937147193,527
smooth,19,sdf_mean,SDF,interface_nodes,0.0016979221155611279,527
smooth,20,hkappa_mse,FD,interface_nodes,4.87013059712395e-06,527
smooth,20,hkappa_mse,NN,interface_nodes,1.8299709005331922e-06,527
smooth,20,sdf_max,SDF,interface_nodes,0.004515949660466978,527
smooth,20,sdf_mean,SDF,interface_nodes,0.001311641630370156,527
smooth,21,hkappa_mse,FD,interface_nodes,4.871261547427259e-06,527
smooth,21,hkappa_mse,NN,interface_nodes,1.8259299262843052e-06,527
smooth,21,sdf_max,SDF,interface_nodes,0.00454352890360743,527
smooth,21,sdf_mean,SDF,interface_nodes,0.0010191045401271987,527
smooth,22,hkappa_mse,FD,interface_nodes,4.869702870281005e-06,527
smooth,22,hkappa_mse,NN,interface_nodes,1.8224968884551494e-06,527
smooth,22,sdf_max,SDF,interface_nodes,0.004566554080728147,527
smooth,22,sdf_mean,SDF,interface_nodes,0.0007988124399647968,527
smooth,23,hkappa_mse,FD,interface_nodes,4.8660635508549815e-06,527
smooth,23,hkappa_mse,NN,interface_nodes,1.8195390658296974e-06,527
smooth,23,sdf_max,SDF,interface_nodes,0.0045860956768865035,527
smooth,23,sdf_mean,SDF,interface_nodes,0.0006365049767380079,527
smooth,24,hkappa_mse,FD,interface_nodes,4.860865167326301e-06,527
smooth,24,hkappa_mse,NN,interface_nodes,1.816991595076305e-06,527
smooth,24,sdf_max,SDF,interface_nodes,0.004603033025310732,527
smooth,24,sdf_mean,SDF,interface_nodes,0.000519274257163324,527
smooth,25,hkappa_mse,FD,interface_nodes,4.854483664241933e-06,527
smooth,25,hkappa_mse,NN,interface_nodes,1.8147871235058573e-06,527
smooth,25,sdf_max,SDF,interface_nodes,0.0046178686711478845,527
smooth,25,sdf_mean,SDF,interface_nodes,0.00043422612273204286,527
smooth,26,hkappa_mse,FD,interface_nodes,4.847276854742773e-06,527
smooth,26,hkappa_mse,NN,interface_nodes,1.8128495144430381e-06,527
smooth,26,sdf_max,SDF,interface_nodes,0.004630972982312076,527
smooth,26,sdf_mean,SDF,interface_nodes,0.0003743002798445931,527
smooth,27,hkappa_mse,FD,interface_nodes,4.839487339705756e-06,527
smooth,27,hkappa_mse,NN,interface_nodes,1.811140435718768e-06,527
smooth,27,sdf_max,SDF,interface_nodes,0.004642527017964748,527
smooth,27,sdf_mean,SDF,interface_nodes,0.0003342409682677692,527
smooth,28,hkappa_mse,FD,interface_nodes,4.831328367894875e-06,527
smooth,28,hkappa_mse,NN,interface_nodes,1.8096109406718793e-06,527
smooth,28,sdf_max,SDF,interface_nodes,0.0046526816205823,527
smooth,28,sdf_mean,SDF,interface_nodes,0.0003160366067581028,527
smooth,29,hkappa_mse,FD,interface_nodes,4.8229018031839754e-06,527
smooth,29,hkappa_mse,NN,interface_nodes,1.8082206605302095e-06,527
smooth,29,sdf_max,SDF,interface_nodes,0.004661612986885277,527
smooth,29,sdf_mean,SDF,interface_nodes,0.0003088348252311446,527
smooth,30,hkappa_mse,FD,interface_nodes,4.814403385421237e-06,527
smooth,30,hkappa_mse,NN,interface_nodes,1.8069362076430273e-06,527
smooth,30,sdf_max,SDF,interface_nodes,0.004669387339837905,527
smooth,30,sdf_mean,SDF,interface_nodes,0.00030606285701655024,527
