phi_index,mean,std,variance,source_split,feature_count,dataset_path
1,0.0,9.113545417785645,83.05670928955078,train,27,/home/mail/jiaqizhang/jcy/PINN/dataset/512_hgradient.h5
2,0.0,7.123638153076172,50.746219635009766,train,27,/home/mail/jiaqizhang/jcy/PINN/dataset/512_hgradient.h5
3,0.0,9.136001586914062,83.46652221679688,train,27,/home/mail/jiaqizhang/jcy/PINN/dataset/512_hgradient.h5
4,0.0,7.081095218658447,50.141910552978516,train,27,/home/mail/jiaqizhang/jcy/PINN/dataset/512_hgradient.h5
5,0.0,4.231939792633057,17.90931510925293,train,27,/home/mail/jiaqizhang/jcy/PINN/dataset/512_hgradient.h5
6,0.0,7.092286586761475,50.30052947998047,train,27,/home/mail/jiaqizhang/jcy/PINN/dataset/512_hgradient.h5
7,0.0,9.112970352172852,83.04622650146484,train,27,/home/mail/jiaqizhang/jcy/PINN/dataset/512_hgradient.h5
8,0.0,7.106285572052002,50.49929428100586,train,27,/home/mail/jiaqizhang/jcy/PINN/dataset/512_hgradient.h5
9,0.0,9.109352111816406,82.98029327392578,train,27,/home/mail/jiaqizhang/jcy/PINN/dataset/512_hgradient.h5
10,0.0,0.7067626714706421,0.4995134770870209,train,27,/home/mail/jiaqizhang/jcy/PINN/dataset/512_hgradient.h5
11,0.0,0.7067590951919556,0.49950841069221497,train,27,/home/mail/jiaqizhang/jcy/PINN/dataset/512_hgradient.h5
12,0.0,0.706762433052063,0.4995131492614746,train,27,/home/mail/jiaqizhang/jcy/PINN/dataset/512_hgradient.h5
13,0.0,0.7067664861679077,0.49951887130737305,train,27,/home/mail/jiaqizhang/jcy/PINN/dataset/512_hgradient.h5
14,0.0,0.7067629098892212,0.49951380491256714,train,27,/home/mail/jiaqizhang/jcy/PINN/dataset/512_hgradient.h5
15,0.0,0.7067663073539734,0.49951860308647156,train,27,/home/mail/jiaqizhang/jcy/PINN/dataset/512_hgradient.h5
16,0.0,0.706763505935669,0.499514639377594,train,27,/home/mail/jiaqizhang/jcy/PINN/dataset/512_hgradient.h5
17,0.0,0.7067598700523376,0.4995095133781433,train,27,/home/mail/jiaqizhang/jcy/PINN/dataset/512_hgradient.h5
18,0.0,0.7067632675170898,0.49951431155204773,train,27,/home/mail/jiaqizhang/jcy/PINN/dataset/512_hgradient.h5
19,0.0,0.7074507474899292,0.5004865527153015,train,27,/home/mail/jiaqizhang/jcy/PINN/dataset/512_hgradient.h5
20,0.0,0.7074543237686157,0.5004916191101074,train,27,/home/mail/jiaqizhang/jcy/PINN/dataset/512_hgradient.h5
21,0.0,0.7074509263038635,0.5004867911338806,train,27,/home/mail/jiaqizhang/jcy/PINN/dataset/512_hgradient.h5
22,0.0,0.7074469327926636,0.5004811882972717,train,27,/home/mail/jiaqizhang/jcy/PINN/dataset/512_hgradient.h5
23,0.0,0.7074505090713501,0.5004861950874329,train,27,/home/mail/jiaqizhang/jcy/PINN/dataset/512_hgradient.h5
24,0.0,0.7074470520019531,0.5004813075065613,train,27,/home/mail/jiaqizhang/jcy/PINN/dataset/512_hgradient.h5
25,0.0,0.7074498534202576,0.5004853010177612,train,27,/home/mail/jiaqizhang/jcy/PINN/dataset/512_hgradient.h5
26,0.0,0.7074535489082336,0.5004905462265015,train,27,/home/mail/jiaqizhang/jcy/PINN/dataset/512_hgradient.h5
27,0.0,0.7074501514434814,0.5004857182502747,train,27,/home/mail/jiaqizhang/jcy/PINN/dataset/512_hgradient.h5
