resolution,imax,native_primary,nn_primary,improvement_percent
64,0,0.0203264014550837,0.0209502133860283,-3.068973779363096
64,1,0.0075910084608643,0.007509602535759,1.0723993462132249
64,2,0.0071621380746453,0.007052700797793,1.5279973062753212
64,3,0.0072276744245896,0.0071034897408786,1.7181831446157294
64,4,0.007367212009795,0.0072462809593562,1.641476453752338
64,5,0.0075283486121641,0.0074043440455759,1.6471682300662378
128,0,0.0048763288787108,0.0048598018189902,0.33892422212855255
128,1,0.0020655385359027,0.0021131365724172,-2.304388695110852
128,2,0.0021079714975621,0.0021558894827047,-2.273179936162205
128,3,0.0021193128763313,0.0021703687722998,-2.4090777977474325
128,4,0.0021218728875714,0.0021764196359831,-2.5706887877780424
128,5,0.0021267239859636,0.002180107383382,-2.5101234467063414
256,0,0.0013854844539025,0.0013621113597343,1.6869979379678335
256,1,0.0010843524809761,0.001100830328871,-1.5196025447433172
256,2,0.0010865833745142,0.0011057777818445,-1.7664919030149608
256,3,0.0010874445938406,0.0011073254142649,-1.8282145625539963
256,4,0.0010872184715537,0.0011076867102682,-1.8826242609040393
256,5,0.0010873215724261,0.0011079424202306,-1.8964810712335567
512,0,0.000389333318951,0.0003708524341166,4.746802786926628
512,1,0.0008369495675124,0.0008367574985119,0.022948694635309297
512,2,0.0008367621207249,0.0008366716808883,0.010808309119159667
512,3,0.0008366406951345,0.0008367541219326,-0.013557408665342262
512,4,0.0008365431304795,0.0008367251757035,-0.02176160646919668
512,5,0.0008364584633224,0.0008366533209158,-0.023295549264466302
