tau,amplitude,reference_amplitude,amplitude_error
0.0,0.00999097,0.01,-9.030000000000149e-06
0.0338878,0.00998506,0.0099944,-9.340000000000043e-06
0.0677756,0.00996815,0.00997795,-9.799999999999046e-06
0.101663,0.00994062,0.0099509,-1.0279999999999664e-05
0.135551,0.00990277,0.00991345,-1.0680000000000758e-05
0.169439,0.00985464,0.0098658,-1.1159999999999642e-05
0.203327,0.00979646,0.00980815,-1.1689999999999964e-05
0.237215,0.00972846,0.00974075,-1.228999999999987e-05
0.271102,0.00965086,0.0096637,-1.2840000000000074e-05
0.30499,0.00956387,0.00957725,-1.3380000000000336e-05
0.338878,0.00946772,0.0094816,-1.3879999999999101e-05
0.372766,0.00936265,0.00937685,-1.420000000000067e-05
0.406653,0.00924887,0.0092633,-1.443000000000104e-05
0.440541,0.00912657,0.0091411,-1.452999999999871e-05
0.474429,0.00899593,0.0090105,-1.4570000000000208e-05
0.508317,0.00885717,0.00887165,-1.4480000000000742e-05
0.542205,0.00871044,0.0087248,-1.435999999999972e-05
0.576092,0.00855596,0.00857015,-1.419000000000073e-05
0.60998,0.00839395,0.00840795,-1.4000000000000123e-05
0.643868,0.00822466,0.0082384,-1.3739999999999933e-05
0.677756,0.00804833,0.00806175,-1.3420000000000099e-05
0.711644,0.00786517,0.00787825,-1.3080000000000383e-05
0.745531,0.00767538,0.0076881,-1.2719999999999919e-05
0.779419,0.00747973,0.0074916,-1.1869999999999763e-05
0.813307,0.00727799,0.00728895,-1.0959999999999963e-05
0.847195,0.00707037,0.0070804,-1.0029999999999414e-05
0.881082,0.00685717,0.0068662,-9.030000000000149e-06
0.91497,0.00663861,0.00664665,-8.039999999999957e-06
0.948858,0.00641497,0.006422,-7.0299999999998836e-06
0.982746,0.00618646,0.0061925,-6.0399999999996914e-06
1.01663,0.00595335,0.0059584,-5.050000000000367e-06
1.05052,0.00571587,0.00571995,-4.080000000000056e-06
1.08441,0.00547431,0.00547745,-3.140000000000434e-06
1.1183,0.00522891,0.0052312,-2.290000000000278e-06
1.15218,0.00497994,0.00498139,-1.449999999999195e-06
1.18607,0.00472768,0.00472836,-6.800000000002984e-07
1.21996,0.00447238,0.00447236,1.9999999999881224e-08
1.25385,0.00421431,0.00421366,6.499999999996092e-07
1.28774,0.00395374,0.00395254,1.1999999999998123e-06
1.32162,0.00369089,0.00368927,1.6199999999999201e-06
1.35551,0.00342605,0.00342413,1.919999999999873e-06
1.3894,0.00315955,0.00315738,2.1700000000001232e-06
1.42329,0.00289167,0.00288931,2.359999999999862e-06
1.45717,0.00262266,0.00262018,2.480000000000017e-06
1.49106,0.00235281,0.00235026,2.550000000000035e-06
1.52495,0.0020824,0.00207982,2.5799999999998567e-06
1.55884,0.0018117,0.00180914,2.5599999999999755e-06
1.59273,0.00154097,0.00153848,2.4899999999999575e-06
1.62661,0.00127049,0.00126809,2.4000000000000583e-06
1.6605,0.00100053,0.000998245,2.284999999999874e-06
1.69439,0.000731362,0.000729205,2.157000000000027e-06
1.72828,0.000463236,0.000461218,2.0180000000000068e-06
1.76216,0.000196413,0.000194543,1.8699999999999804e-06
1.79605,6.86882e-05,7.05725e-05,-1.8842999999999914e-06
1.82994,0.000332096,0.000333881,-1.7850000000000244e-06
1.86383,0.000593395,0.00059514,-1.7449999999999367e-06
1.89772,0.000852339,0.000854105,-1.765999999999942e-06
1.9316,0.0011087,0.00111055,-1.850000000000072e-06
1.96549,0.00136225,0.00136424,-1.990000000000108e-06
1.99938,0.00161277,0.00161495,-2.180000000000064e-06
2.03327,0.00186003,0.00186245,-2.4200000000001564e-06
2.06716,0.00210383,0.00210654,-2.709999999999952e-06
2.10104,0.00234396,0.00234698,-3.0199999999998457e-06
2.13493,0.00258021,0.0025836,-3.3900000000002505e-06
2.16882,0.00281239,0.00281616,-3.7699999999997284e-06
2.20271,0.00304033,0.00304448,-4.150000000000074e-06
2.23659,0.00326382,0.00326838,-4.559999999999807e-06
2.27048,0.0034827,0.00348767,-4.9699999999999744e-06
2.30437,0.0036968,0.00370215,-5.349999999999886e-06
2.33826,0.00390594,0.00391166,-5.719999999999857e-06
2.37215,0.0041099,0.00411604,-6.139999999999965e-06
2.40603,0.00430859,0.00431513,-6.5400000000001915e-06
2.43992,0.00450186,0.00450876,-6.899999999999788e-06
2.47381,0.00468958,0.00469679,-7.210000000000549e-06
2.5077,0.0048716,0.00487908,-7.479999999999813e-06
2.54158,0.00504781,0.0050555,-7.6900000000003e-06
2.57547,0.00521806,0.0052259,-7.840000000000277e-06
2.60936,0.00538223,0.00539015,-7.919999999999802e-06
2.64325,0.00554022,0.00554815,-7.929999999999743e-06
2.67714,0.00569189,0.00569985,-7.960000000000432e-06
2.71102,0.00583716,0.00584505,-7.88999999999998e-06
2.74491,0.00597591,0.0059837,-7.789999999999707e-06
2.7788,0.00610807,0.00611575,-7.679999999999493e-06
2.81269,0.00623354,0.00624105,-7.509999999999635e-06
2.84657,0.00635225,0.00635955,-7.300000000000015e-06
2.88046,0.00646412,0.0064712,-7.079999999999587e-06
2.91435,0.0065691,0.00657595,-6.850000000000085e-06
2.94824,0.00666713,0.0066737,-6.570000000000013e-06
2.98213,0.00675816,0.00676445,-6.2899999999999415e-06
3.01601,0.00684215,0.00684815,-5.999999999999929e-06
3.0499,0.00691907,0.00692475,-5.680000000000095e-06
3.08379,0.00698889,0.00699425,-5.359999999999393e-06
3.11768,0.00705159,0.0070566,-5.009999999999737e-06
3.15156,0.00710716,0.00711185,-4.689999999999903e-06
3.18545,0.0071556,0.00715995,-4.350000000000187e-06
3.21934,0.00719691,0.0072009,-3.989999999999723e-06
3.25323,0.00723111,0.00723475,-3.640000000000067e-06
3.28712,0.0072582,0.0072615,-3.299999999999484e-06
3.321,0.00727822,0.00728115,-2.9299999999999465e-06
3.35489,0.00729119,0.00729375,-2.559999999999542e-06
3.38878,0.00729715,0.0072993,-2.150000000000242e-06
3.42267,0.00729616,0.0072979,-1.7400000000000748e-06
3.45655,0.00728825,0.0072896,-1.3500000000006562e-06
3.49044,0.0072735,0.00727445,-9.500000000004297e-07
3.52433,0.00725196,0.00725245,-4.899999999996921e-07
3.55822,0.0072237,0.00722375,-4.999999999970306e-08
3.59211,0.00718881,0.00718835,4.600000000007376e-07
3.62599,0.00714737,0.0071464,9.700000000003109e-07
3.65988,0.00709946,0.007098,1.460000000000003e-06
3.69377,0.00704518,0.00704315,2.0300000000000873e-06
3.72766,0.00698463,0.006982,2.6299999999999935e-06
3.76154,0.0069179,0.00691465,3.250000000000648e-06
3.79543,0.0068451,0.00684125,3.849999999999687e-06
3.82932,0.00676636,0.00676185,4.510000000000104e-06
3.86321,0.00668178,0.00667655,5.230000000000165e-06
3.8971,0.00659148,0.00658555,5.930000000000345e-06
3.93098,0.0064956,0.00648895,6.649999999999538e-06
3.96487,0.00639426,0.0063869,7.3599999999996585e-06
3.99876,0.00628758,0.00627945,8.13000000000029e-06
4.03265,0.00617572,0.00616685,8.870000000000232e-06
4.06653,0.0060588,0.00604915,9.649999999999936e-06
4.10042,0.00593697,0.00592655,1.04199999999997e-05
4.13431,0.00581039,0.00579925,1.1140000000000629e-05
4.1682,0.0056792,0.0056673,1.1899999999999585e-05
4.20209,0.00554356,0.0055309,1.2660000000000275e-05
4.23597,0.00540362,0.00539025,1.3369999999999528e-05
4.26986,0.00525955,0.0052455,1.4049999999999827e-05
4.30375,0.00511151,0.00509675,1.4759999999999947e-05
4.33764,0.00495967,0.00494428,1.5390000000000542e-05
4.37152,0.0048042,0.00478819,1.6009999999999462e-05
4.40541,0.00464527,0.00462866,1.6610000000000236e-05
4.4393,0.00448306,0.0044659,1.715999999999957e-05
4.47319,0.00431773,0.00430005,1.7679999999999953e-05
4.50708,0.00414948,0.00413131,1.8169999999999645e-05
4.54096,0.00397846,0.00395986,1.8599999999999693e-05
4.57485,0.00380484,0.0037859,1.8939999999999842e-05
4.60874,0.00362879,0.00360958,1.9209999999999974e-05
4.64263,0.00345056,0.00343111,1.9450000000000283e-05
4.67651,0.00327031,0.00325067,1.963999999999959e-05
4.7104,0.00308824,0.00306844,1.979999999999994e-05
4.74429,0.00290454,0.00288463,1.9910000000000153e-05
4.77818,0.00271938,0.00269939,1.9990000000000112e-05
4.81207,0.00253297,0.00251294,2.0029999999999874e-05
4.84595,0.00234549,0.00232546,2.0029999999999874e-05
4.87984,0.00215713,0.00213712,2.0009999999999993e-05
4.91373,0.00196807,0.00194812,1.9950000000000133e-05
4.94762,0.00177851,0.00175865,1.9860000000000017e-05
4.9815,0.00158863,0.00156888,1.975000000000002e-05
5.01539,0.00139862,0.001379,1.9619999999999924e-05
5.04928,0.00120867,0.00118921,1.9460000000000007e-05
5.08317,0.00101895,0.00099966,1.9289999999999932e-05
5.11706,0.000829642,0.00081055,1.909199999999996e-05
5.15094,0.000640935,0.000622055,1.8879999999999982e-05
5.18483,0.000453008,0.000434348,1.866000000000004e-05
5.21872,0.000266036,0.000247603,1.843299999999999e-05
5.25261,8.01828e-05,6.19925e-05,1.8190299999999994e-05
5.28649,0.000104259,0.000122313,-1.8054e-05
5.32038,0.000287331,0.000305148,-1.7816999999999996e-05
5.35427,0.000468752,0.000486347,-1.759499999999997e-05
5.38816,0.000648355,0.00066575,-1.739500000000002e-05
5.42205,0.000826006,0.000843195,-1.7189000000000028e-05
5.45593,0.00100153,0.00101853,-1.699999999999987e-05
5.48982,0.00117479,0.00119159,-1.6799999999999975e-05
5.52371,0.00134563,0.00136225,-1.661999999999996e-05
5.5576,0.00151392,0.00153035,-1.6430000000000004e-05
5.59149,0.00167952,0.00169574,-1.621999999999995e-05
5.62537,0.00184229,0.00185829,-1.6000000000000172e-05
5.65926,0.00200209,0.00201786,-1.5769999999999586e-05
5.69315,0.0021588,0.00217432,-1.551999999999977e-05
5.72704,0.00231229,0.00232755,-1.5260000000000013e-05
5.76092,0.00246245,0.00247742,-1.497e-05
5.79481,0.00260915,0.00262381,-1.4659999999999673e-05
5.8287,0.00275229,0.00276661,-1.4319999999999958e-05
5.86259,0.00289175,0.00290569,-1.3940000000000046e-05
5.89648,0.00302743,0.00304098,-1.3550000000000194e-05
5.93036,0.00315924,0.00317234,-1.3100000000000264e-05
5.96425,0.00328707,0.0032997,-1.263000000000002e-05
5.99814,0.00341083,0.00342295,-1.2120000000000013e-05
6.03203,0.00353043,0.003542,-1.156999999999981e-05
6.06591,0.00364578,0.00365678,-1.1000000000000159e-05
6.0998,0.00375681,0.00376721,-1.0399999999999819e-05
6.13369,0.00386342,0.00387319,-9.770000000000091e-06
6.16758,0.00396554,0.00397469,-9.150000000000304e-06
6.20147,0.0040631,0.00407161,-8.509999999999768e-06
6.23535,0.00415604,0.00416391,-7.870000000000099e-06
6.26924,0.00424431,0.00425153,-7.2199999999996226e-06
6.30313,0.00432787,0.00433443,-6.560000000000073e-06
6.33702,0.00440665,0.00441254,-5.890000000000582e-06
6.3709,0.00448063,0.00448584,-5.2099999999994165e-06
6.40479,0.00454975,0.00455428,-4.5299999999999854e-06
6.43868,0.00461399,0.00461784,-3.849999999999687e-06
6.47257,0.00467333,0.0046765,-3.170000000000256e-06
6.50646,0.00472773,0.00473023,-2.499999999999898e-06
6.54034,0.00477718,0.00477901,-1.8300000000004077e-06
6.57423,0.00482167,0.00482283,-1.1600000000000499e-06
6.60812,0.0048612,0.00486169,-4.899999999996921e-07
6.64201,0.00489575,0.00489558,1.6999999999985776e-07
6.67589,0.00492534,0.00492451,8.30000000000275e-07
6.70978,0.00494997,0.00494849,1.4799999999998842e-06
6.74367,0.00496966,0.00496753,2.1299999999994934e-06
6.77756,0.00498442,0.00498164,2.77999999999997e-06
6.81145,0.00499428,0.00499086,3.420000000000506e-06
6.84533,0.00499926,0.0049952,4.060000000000175e-06
6.87922,0.00499939,0.0049947,4.689999999999903e-06
6.91311,0.00499471,0.00498938,5.3300000000004386e-06
6.947,0.00498527,0.00497929,5.980000000000048e-06
6.98088,0.00497109,0.00496449,6.599999999999835e-06
7.01477,0.00495225,0.004945,7.250000000000312e-06
7.04866,0.00492877,0.00492089,7.88000000000004e-06
7.08255,0.00490073,0.00489222,8.509999999999768e-06
7.11644,0.00486819,0.00485903,9.159999999999377e-06
7.15032,0.0048312,0.0048214,9.799999999999913e-06
7.18421,0.00478984,0.0047794,1.0440000000000449e-05
7.2181,0.00474417,0.00473309,1.1080000000000118e-05
7.25199,0.00469428,0.00468255,1.1730000000000594e-05
7.28587,0.00464023,0.00462788,1.2350000000000382e-05
7.31976,0.00458211,0.00456912,1.299000000000005e-05
7.35365,0.00452001,0.00450639,1.3619999999999778e-05
7.38754,0.00445401,0.00443976,1.4249999999999506e-05
7.42143,0.0043842,0.00436934,1.486000000000022e-05
7.45531,0.00431068,0.0042952,1.5480000000000008e-05
7.4892,0.00423353,0.00421747,1.6060000000000033e-05
7.52309,0.00415287,0.00413622,1.6649999999999998e-05
7.55698,0.00406878,0.00405157,1.7210000000000142e-05
7.59086,0.00398138,0.00396362,1.7759999999999478e-05
7.62475,0.00389076,0.00387247,1.8290000000000233e-05
7.65864,0.00379701,0.00377825,1.8760000000000044e-05
7.69253,0.00370027,0.00368107,1.9200000000000033e-05
7.72642,0.00360066,0.00358103,1.963000000000008e-05
7.7603,0.00349829,0.00347825,2.0039999999999815e-05
7.79419,0.00339327,0.00337286,2.0409999999999786e-05
7.82808,0.00328573,0.00326497,2.076000000000031e-05
7.86197,0.00317579,0.0031547,2.1090000000000084e-05
7.89585,0.00306356,0.00304218,2.1380000000000097e-05
7.92974,0.00294917,0.00292752,2.1650000000000228e-05
7.96363,0.00283275,0.00281087,2.1880000000000163e-05
7.99752,0.00271443,0.00269234,2.2089999999999783e-05
8.03141,0.00259432,0.00257206,2.225999999999964e-05
8.06529,0.00247255,0.00245015,2.240000000000011e-05
8.09918,0.00234926,0.00232675,2.2510000000000325e-05
8.13307,0.00222457,0.00220199,2.257999999999991e-05
8.16696,0.00209862,0.00207598,2.2639999999999987e-05
8.20084,0.00197154,0.00194888,2.2659999999999868e-05
8.23473,0.00184345,0.0018208,2.2649999999999927e-05
8.26862,0.00171448,0.00169188,2.2600000000000007e-05
8.30251,0.00158478,0.00156223,2.2550000000000087e-05
8.3364,0.00145447,0.00143201,2.245999999999997e-05
8.37028,0.00132367,0.00130133,2.2340000000000033e-05
8.40417,0.00119252,0.00117032,2.2199999999999998e-05
8.43806,0.00106115,0.00103911,2.204000000000008e-05
8.47195,0.000929684,0.000907825,2.185899999999994e-05
8.50583,0.000798249,0.000776595,2.1653999999999966e-05
8.53972,0.000666973,0.000645545,2.1427999999999985e-05
8.57361,0.00053599,0.0005148,2.1189999999999924e-05
8.6075,0.00040542,0.000384484,2.093599999999999e-05
8.64139,0.000275379,0.000254717,2.0662000000000013e-05
8.67527,0.000145982,0.000125619,2.0363000000000022e-05
8.70916,1.73559e-05,2.68836e-06,1.4667540000000001e-05
8.74305,0.000110189,0.000130089,-1.990000000000001e-05
8.77694,0.000236893,0.000256468,-1.9574999999999974e-05
8.81082,0.000362463,0.000381709,-1.9246e-05
8.84471,0.000486782,0.0005057,-1.8917999999999984e-05
8.8786,0.000609748,0.000628335,-1.858700000000003e-05
8.91249,0.000731252,0.000749505,-1.8252999999999976e-05
8.94638,0.000851197,0.0008691,-1.7902999999999994e-05
8.98026,0.000969478,0.000987015,-1.7536999999999978e-05
9.01415,0.00108599,0.00110315,-1.7160000000000005e-05
9.04804,0.00120064,0.00121742,-1.6780000000000093e-05
9.08193,0.00131333,0.00132971,-1.6380000000000084e-05
9.11582,0.00142396,0.00143994,-1.5980000000000074e-05
9.1497,0.00153245,0.00154801,-1.5559999999999966e-05
9.18359,0.00163871,0.00165383,-1.5119999999999977e-05
9.21748,0.00174265,0.00175732,-1.466999999999983e-05
9.25137,0.0018442,0.00185841,-1.420999999999996e-05
9.28525,0.00194327,0.00195699,-1.3720000000000052e-05
9.31914,0.0020398,0.00205301,-1.3210000000000045e-05
9.35303,0.0021337,0.00214637,-1.2669999999999782e-05
9.38692,0.0022249,0.00223703,-1.2129999999999953e-05
9.42081,0.00231334,0.0023249,-1.1559999999999869e-05
9.45469,0.00239895,0.00240994,-1.0990000000000218e-05
9.48858,0.00248168,0.00249205,-1.0369999999999997e-05
9.52247,0.00256145,0.00257121,-9.76000000000015e-06
9.55636,0.00263822,0.00264734,-9.120000000000048e-06
9.59024,0.00271192,0.0027204,-8.479999999999946e-06
9.62413,0.00278252,0.00279034,-7.819999999999962e-06
9.65802,0.00284996,0.00285711,-7.150000000000038e-06
9.69191,0.0029142,0.00292068,-6.480000000000114e-06
9.7258,0.0029752,0.00298101,-5.81000000000019e-06
9.75968,0.00303292,0.00303805,-5.129999999999892e-06
9.79357,0.00308734,0.00309178,-4.440000000000086e-06
9.82746,0.00313842,0.00314217,-3.750000000000281e-06
9.86135,0.00318613,0.0031892,-3.0699999999999825e-06
9.89523,0.00323045,0.00323285,-2.3999999999996247e-06
9.92912,0.00327137,0.00327309,-1.7200000000001936e-06
9.96301,0.00330887,0.00330992,-1.0499999999998358e-06
9.9969,0.00334293,0.00334332,-3.8999999999985227e-07
10.0308,0.00337356,0.00337328,2.799999999996382e-07
10.0647,0.00340074,0.00339981,9.300000000001148e-07
10.0986,0.00342447,0.0034229,1.570000000000217e-06
10.1324,0.00344476,0.00344254,2.2199999999998263e-06
10.1663,0.00346161,0.00345875,2.8599999999999286e-06
10.2002,0.00347502,0.00347155,3.470000000000209e-06
10.2341,0.00348502,0.00348093,4.089999999999996e-06
10.268,0.00349162,0.00348692,4.699999999999843e-06
10.3019,0.00349483,0.00348952,5.310000000000124e-06
10.3358,0.00349468,0.00348877,5.91000000000003e-06
10.3697,0.00349119,0.0034847,6.490000000000055e-06
10.4036,0.00348439,0.00347732,7.07000000000008e-06
10.4374,0.00347431,0.00346666,7.650000000000105e-06
10.4713,0.00346098,0.00345277,8.209999999999815e-06
10.5052,0.00344444,0.00343568,8.760000000000018e-06
10.5391,0.00342473,0.00341542,9.309999999999787e-06
10.573,0.0034019,0.00339204,9.85999999999999e-06
10.6069,0.00337597,0.00336558,1.0389999999999878e-05
10.6408,0.00334702,0.0033361,1.09200000000002e-05
10.6747,0.00331507,0.00330364,1.1429999999999774e-05
10.7085,0.00328019,0.00326824,1.1950000000000155e-05
10.7424,0.00324242,0.00322998,1.244000000000028e-05
10.7763,0.00320184,0.00318891,1.2929999999999973e-05
10.8102,0.00315848,0.00314508,1.3399999999999784e-05
10.8441,0.00311242,0.00309854,1.3879999999999969e-05
10.878,0.00306372,0.00304939,1.4329999999999898e-05
10.9119,0.00301244,0.00299767,1.4769999999999887e-05
10.9458,0.00295865,0.00294345,1.520000000000037e-05
10.9796,0.00290242,0.00288681,1.5610000000000103e-05
11.0135,0.00284381,0.00282781,1.5999999999999955e-05
11.0474,0.00278291,0.00276654,1.6369999999999926e-05
11.0813,0.00271979,0.00270305,1.674000000000033e-05
11.1152,0.00265451,0.00263744,1.7070000000000106e-05
11.1491,0.00258717,0.00256976,1.7410000000000255e-05
11.183,0.00251783,0.00250013,1.7699999999999834e-05
11.2169,0.00244658,0.0024286,1.7979999999999906e-05
11.2507,0.0023735,0.00235527,1.8230000000000156e-05
11.2846,0.00229867,0.0022802,1.847000000000003e-05
11.3185,0.00222217,0.0022035,1.866999999999971e-05
11.3524,0.0021441,0.00212524,1.8859999999999884e-05
11.3863,0.00206454,0.0020455,1.9040000000000116e-05
11.4202,0.00198356,0.00196438,1.9180000000000152e-05
11.4541,0.00190127,0.00188197,1.930000000000009e-05
11.488,0.00181775,0.00179836,1.938999999999999e-05
11.5218,0.00173309,0.00171363,1.9460000000000007e-05
11.5557,0.00164737,0.00162786,1.9509999999999927e-05
11.5896,0.00156069,0.00154115,1.9539999999999965e-05
11.6235,0.00147314,0.0014536,1.9539999999999965e-05
11.6574,0.00138481,0.00136529,1.9520000000000084e-05
11.6913,0.00129578,0.0012763,1.9480000000000105e-05
11.7252,0.00120616,0.00118674,1.9420000000000028e-05
11.7591,0.00111602,0.00109669,1.932999999999991e-05
11.793,0.00102547,0.00100624,1.9229999999999855e-05
11.8268,0.000934583,0.000915475,1.9107999999999994e-05
11.8607,0.00084346,0.00082449,1.896999999999999e-05
11.8946,0.000752188,0.000733375,1.881300000000001e-05
11.9285,0.000660854,0.000642215,1.8638999999999982e-05
11.9624,0.000569546,0.0005511,1.844599999999998e-05
11.9963,0.000478352,0.000460114,1.8237999999999957e-05
12.0302,0.000387361,0.000369346,1.8015000000000023e-05
12.0641,0.000296657,0.000278881,1.7776e-05
12.0979,0.000206328,0.000188802,1.7525999999999994e-05
12.1318,0.000116454,9.9195e-05,1.7258999999999992e-05
12.1657,2.71187e-05,1.01408e-05,1.69779e-05
12.1996,6.14392e-05,7.8279e-05,-1.6839799999999994e-05
12.2335,0.000149444,0.000165984,-1.654e-05
12.2674,0.000236665,0.000252894,-1.6228999999999983e-05
12.3013,0.00032302,0.000338934,-1.591400000000001e-05
12.3352,0.000408428,0.000424025,-1.5597000000000007e-05
12.369,0.000492817,0.000508095,-1.527799999999997e-05
12.4029,0.000576125,0.00059107,-1.4944999999999932e-05
12.4368,0.000658276,0.000672875,-1.4599000000000014e-05
12.4707,0.000739199,0.000753445,-1.4246000000000094e-05
12.5046,0.000818828,0.000832705,-1.387700000000003e-05
12.5385,0.000897094,0.000910595,-1.3501000000000073e-05
12.5724,0.000973933,0.00098705,-1.311699999999999e-05
12.6063,0.00104928,0.001062,-1.2719999999999919e-05
12.6401,0.00112308,0.00113539,-1.2309999999999969e-05
12.674,0.00119527,0.00120716,-1.1890000000000078e-05
12.7079,0.00126579,0.00127725,-1.146000000000003e-05
12.7418,0.0013346,0.00134562,-1.102000000000004e-05
12.7757,0.00140162,0.00141219,-1.057000000000011e-05
12.8096,0.00146683,0.00147693,-1.0100000000000083e-05
12.8435,0.00153015,0.00153977,-9.619999999999898e-06
12.8774,0.00159156,0.00160069,-9.130000000000206e-06
12.9112,0.001651,0.00165963,-8.63000000000014e-06
12.9451,0.00170843,0.00171655,-8.120000000000132e-06
12.979,0.00176381,0.00177141,-7.599999999999968e-06
13.0129,0.0018171,0.00182417,-7.069999999999863e-06
13.0468,0.00186827,0.00187481,-6.539999999999975e-06
13.0807,0.00191727,0.00192326,-5.989999999999988e-06
13.1146,0.00196408,0.00196953,-5.45000000000016e-06
13.1485,0.00200867,0.00201357,-4.8999999999999565e-06
13.1823,0.00205101,0.00205536,-4.350000000000187e-06
13.2162,0.00209108,0.00209487,-3.7900000000000433e-06
13.2501,0.00212885,0.00213209,-3.240000000000274e-06
13.284,0.00216429,0.00216698,-2.690000000000071e-06
13.3179,0.00219741,0.00219954,-2.129999999999927e-06
13.3518,0.00222817,0.00222975,-1.5800000000001577e-06
13.3857,0.00225657,0.00225761,-1.0400000000003289e-06
13.4196,0.0022826,0.0022831,-5.000000000000664e-07
13.4535,0.00230624,0.0023062,4.000000000019613e-08
13.4873,0.0023275,0.00232692,5.800000000000249e-07
13.5212,0.00234636,0.00234526,1.0999999999999725e-06
13.5551,0.00236283,0.00236121,1.6199999999999201e-06
13.589,0.00237691,0.00237477,2.1399999999998677e-06
13.6229,0.00238861,0.00238596,2.6500000000003084e-06
13.6568,0.00239792,0.00239478,3.1400000000000004e-06
13.6907,0.00240487,0.00240122,3.6500000000000074e-06
13.7246,0.00240945,0.00240532,4.1300000000001925e-06
13.7584,0.00241168,0.00240707,4.609999999999944e-06
13.7923,0.00241158,0.00240649,5.090000000000129e-06
13.8262,0.00240916,0.00240361,5.549999999999999e-06
13.8601,0.00240444,0.00239844,5.999999999999929e-06
13.894,0.00239745,0.00239099,6.460000000000233e-06
13.9279,0.0023882,0.00238131,6.889999999999848e-06
13.9618,0.00237673,0.0023694,7.33000000000027e-06
13.9957,0.00236305,0.0023553,7.749999999999944e-06
14.0295,0.0023472,0.00233904,8.159999999999678e-06
14.0634,0.00232922,0.00232065,8.569999999999845e-06
14.0973,0.00230912,0.00230015,8.970000000000072e-06
14.1312,0.00228696,0.00227759,9.370000000000298e-06
14.1651,0.00226275,0.00225301,9.739999999999836e-06
14.199,0.00223655,0.00222643,1.0119999999999747e-05
14.2329,0.00220838,0.0021979,1.0479999999999778e-05
14.2668,0.0021783,0.00216747,1.0830000000000301e-05
14.3006,0.00214634,0.00213517,1.1170000000000017e-05
14.3345,0.00211255,0.00210105,1.1499999999999792e-05
14.3684,0.00207697,0.00206515,1.182000000000006e-05
14.4023,0.00203965,0.00202753,1.2120000000000013e-05
14.4362,0.00200063,0.00198822,1.2410000000000025e-05
14.4701,0.00195998,0.00194728,1.2700000000000038e-05
14.504,0.00191773,0.00190477,1.2960000000000011e-05
14.5379,0.00187394,0.00186072,1.3219999999999985e-05
14.5717,0.00182866,0.00181521,1.344999999999992e-05
14.6056,0.00178194,0.00176827,1.3670000000000132e-05
14.6395,0.00173385,0.00171998,1.3870000000000028e-05
14.6734,0.00168443,0.00167037,1.4059999999999984e-05
14.7073,0.00163374,0.0016195,1.424e-05
14.7412,0.00158185,0.00156745,1.4400000000000133e-05
14.7751,0.0015288,0.00151426,1.4540000000000169e-05
14.809,0.00147466,0.00145999,1.4670000000000048e-05
14.8429,0.00141949,0.00140471,1.4780000000000045e-05
14.8767,0.00136334,0.00134847,1.4869999999999944e-05
14.9106,0.00130628,0.00129134,1.4939999999999962e-05
14.9445,0.00124838,0.00123337,1.5010000000000197e-05
14.9784,0.00118968,0.00117463,1.504999999999996e-05
15.0123,0.00113026,0.00111518,1.5079999999999998e-05
15.0462,0.00107017,0.00105508,1.5090000000000155e-05
15.0801,0.00100947,0.000994395,1.5075000000000028e-05
15.114,0.000948243,0.00093319,1.5053000000000006e-05
15.1478,0.000886534,0.00087152,1.5014000000000043e-05
15.1817,0.000824411,0.00080945,1.4961000000000076e-05
15.2156,0.000761938,0.000747045,1.4892999999999981e-05
15.2495,0.000699177,0.00068437,1.4807000000000036e-05
15.2834,0.000636188,0.00062148,1.4707999999999995e-05
15.3173,0.000573036,0.00055844,1.4595999999999967e-05
15.3512,0.000509783,0.00049531,1.4472999999999982e-05
15.3851,0.000446493,0.000432154,1.4338999999999986e-05
15.4189,0.000383222,0.000369032,1.4190000000000025e-05
15.4528,0.000320029,0.000306004,1.4024999999999975e-05
15.4867,0.000256976,0.000243129,1.3847000000000018e-05
15.5206,0.000194129,0.000180467,1.3662000000000006e-05
15.5545,0.000131546,0.000118076,1.3469999999999991e-05
15.5884,6.9283e-05,5.60155e-05,1.3267499999999995e-05
15.6223,7.39051e-06,5.65895e-06,1.7315599999999994e-06
15.6562,5.39313e-05,6.68905e-05,-1.2959199999999996e-05
15.69,0.000114895,0.000127624,-1.2729000000000006e-05
15.7239,0.000175316,0.000187803,-1.248699999999999e-05
15.7578,0.000235138,0.000247376,-1.2238e-05
15.7917,0.000294308,0.000306288,-1.1979999999999977e-05
15.8256,0.000352772,0.00036449,-1.1717999999999971e-05
15.8595,0.000410478,0.000421929,-1.1450999999999996e-05
15.8934,0.000467376,0.000478555,-1.1178999999999996e-05
15.9273,0.000523422,0.00053432,-1.089800000000007e-05
15.9611,0.000578571,0.00058918,-1.0609000000000074e-05
15.995,0.000632775,0.000643085,-1.0310000000000028e-05
16.0289,0.00068599,0.00069599,-9.999999999999918e-06
16.0628,0.000738168,0.00074785,-9.682000000000007e-06
16.0967,0.000789268,0.00079863,-9.362000000000064e-06
16.1306,0.000839247,0.00084828,-9.03299999999998e-06
16.1645,0.000888069,0.00089677,-8.700999999999956e-06
16.1984,0.000935694,0.00094405,-8.355999999999945e-06
16.2323,0.000982086,0.000990095,-8.009000000000011e-06
16.2661,0.00102721,0.00103486,-7.650000000000105e-06
16.3,0.00107103,0.00107832,-7.290000000000074e-06
16.3339,0.00111352,0.00112043,-6.909999999999946e-06
16.3678,0.00115464,0.00116118,-6.539999999999975e-06
16.4017,0.00119437,0.00120052,-6.150000000000122e-06
16.4356,0.00123267,0.00123843,-5.760000000000053e-06
16.4695,0.00126952,0.00127489,-5.370000000000201e-06
16.5034,0.0013049,0.00130986,-4.960000000000034e-06
16.5372,0.00133878,0.00134333,-4.5500000000000835e-06
16.5711,0.00137113,0.00137528,-4.150000000000074e-06
16.605,0.00140194,0.00140569,-3.750000000000064e-06
16.6389,0.00143119,0.00143453,-3.3400000000001137e-06
16.6728,0.00145886,0.00146179,-2.9299999999999465e-06
16.7067,0.00148494,0.00148746,-2.519999999999996e-06
16.7406,0.00150941,0.00151152,-2.109999999999829e-06
16.7745,0.00153226,0.00153396,-1.7000000000000955e-06
16.8083,0.00155348,0.00155478,-1.299999999999869e-06
16.8422,0.00157307,0.00157395,-8.79999999999978e-07
16.8761,0.001591,0.00159149,-4.900000000001258e-07
16.91,0.00160728,0.00160738,-1.0000000000005664e-07
16.9439,0.00162191,0.0016216,3.1000000000011053e-07
16.9778,0.00163488,0.00163419,6.900000000000222e-07
17.0117,0.00164619,0.00164511,1.0800000000000913e-06
17.0456,0.00165585,0.00165438,1.4699999999999436e-06
17.0794,0.00166385,0.00166201,1.8399999999999146e-06
17.1133,0.00167019,0.00166798,2.2100000000001025e-06
17.1472,0.0016749,0.00167231,2.590000000000014e-06
17.1811,0.00167796,0.00167502,2.940000000000104e-06
17.215,0.0016794,0.0016761,3.2999999999999176e-06
17.2489,0.00167922,0.00167557,3.6500000000000074e-06
17.2828,0.00167744,0.00167344,4.000000000000097e-06
17.3167,0.00167406,0.00166972,4.34000000000003e-06
17.3505,0.0016691,0.00166443,4.670000000000021e-06
17.3844,0.00166258,0.00165759,4.9900000000000725e-06
17.4183,0.00165452,0.00164921,5.310000000000124e-06
17.4522,0.00164493,0.0016393,5.629999999999958e-06
17.4861,0.00163383,0.00162791,5.9199999999999704e-06
17.52,0.00162126,0.00161503,6.230000000000081e-06
17.5539,0.00160722,0.0016007,6.519999999999877e-06
17.5878,0.00159174,0.00158494,6.7999999999999484e-06
17.6216,0.00157485,0.00156777,7.08000000000002e-06
17.6555,0.00155658,0.00154923,7.349999999999935e-06
17.6894,0.00153695,0.00152934,7.610000000000125e-06
17.7233,0.00151598,0.00150812,7.860000000000159e-06
17.7572,0.00149372,0.00148562,8.100000000000034e-06
17.7911,0.00147019,0.00146185,8.33999999999991e-06
17.825,0.00144542,0.00143685,8.570000000000062e-06
17.8589,0.00141944,0.00141066,8.779999999999899e-06
17.8928,0.0013923,0.00138331,8.989999999999953e-06
17.9266,0.00136401,0.00135483,9.179999999999909e-06
17.9605,0.00133462,0.00132525,9.369999999999865e-06
17.9944,0.00130417,0.00129462,9.54999999999988e-06
18.0283,0.00127268,0.00126296,9.719999999999954e-06
18.0622,0.0012402,0.00123032,9.879999999999872e-06
18.0961,0.00120677,0.00119674,1.0030000000000065e-05
18.13,0.00117242,0.00116226,1.0159999999999943e-05
18.1639,0.0011372,0.00112692,1.0280000000000098e-05
18.1977,0.00110113,0.00109074,1.0390000000000095e-05
18.2316,0.00106428,0.00105379,1.0489999999999935e-05
18.2655,0.00102666,0.00101608,1.0580000000000051e-05
18.2994,0.000988336,0.000977675,1.0661000000000134e-05
18.3333,0.000949338,0.00093861,1.0727999999999996e-05
18.3672,0.000909712,0.00089893,1.0781999999999979e-05
18.4011,0.000869498,0.00085867,1.0828000000000053e-05
18.435,0.000828739,0.00081788,1.0858999999999999e-05
18.4688,0.000787476,0.0007766,1.0875999999999941e-05
18.5027,0.000745755,0.000734875,1.0880000000000004e-05
18.5366,0.00070362,0.00069274,1.0880000000000004e-05
18.5705,0.000661114,0.00065025,1.086399999999997e-05
18.6044,0.00061828,0.00060744,1.0840000000000025e-05
18.6383,0.000575161,0.00056436,1.0801000000000061e-05
18.6722,0.000531802,0.000521045,1.075699999999991e-05
18.7061,0.000488245,0.000477546,1.0698999999999973e-05
18.7399,0.000444535,0.000433902,1.0633000000000018e-05
18.7738,0.000400713,0.000390157,1.0555999999999999e-05
18.8077,0.000356823,0.000346352,1.0470999999999961e-05
18.8416,0.000312907,0.000302531,1.0376000000000038e-05
18.8755,0.000269009,0.000258737,1.0272000000000026e-05
18.9094,0.000225169,0.00021501,1.0159000000000009e-05
18.9433,0.00018143,0.000171392,1.0038000000000001e-05
18.9772,0.000137831,0.000127924,9.906999999999998e-06
19.011,9.44142e-05,8.46475e-05,9.766699999999996e-06
19.0449,5.12201e-05,4.16014e-05,9.618700000000003e-06
19.0788,8.29137e-06,1.17405e-06,7.117319999999999e-06
19.1127,3.41743e-05,4.36399e-05,-9.4656e-06
19.1466,7.64631e-05,8.57575e-05,-9.294399999999997e-06
19.1805,0.000118368,0.00012749,-9.121999999999985e-06
19.2144,0.000159853,0.000168798,-8.945000000000003e-06
19.2483,0.000200883,0.000209646,-8.762999999999984e-06
19.2822,0.000241425,0.000249999,-8.57399999999999e-06
19.316,0.000281442,0.000289822,-8.379999999999998e-06
19.3499,0.0003209,0.000329079,-8.179000000000031e-06
19.3838,0.000359763,0.000367737,-7.974000000000002e-06
19.4177,0.000398,0.000405763,-7.762999999999986e-06
19.4516,0.00043558,0.000443126,-7.546000000000039e-06
19.4855,0.00047247,0.000479794,-7.324000000000013e-06
19.5194,0.000508643,0.00051574,-7.096999999999963e-06
19.5533,0.000544068,0.000550925,-6.8569999999999786e-06
19.5871,0.000578715,0.000585335,-6.619999999999933e-06
19.621,0.000612557,0.00061893,-6.372999999999947e-06
19.6549,0.000645566,0.00065169,-6.124000000000038e-06
19.6888,0.000677719,0.00068359,-5.870999999999958e-06
19.7227,0.000708989,0.000714605,-5.615999999999954e-06
19.7566,0.000739354,0.00074471,-5.3559999999999806e-06
19.7905,0.000768792,0.00077388,-5.087999999999989e-06
19.8244,0.000797281,0.0008021,-4.818999999999982e-06
19.8582,0.000824799,0.000829345,-4.5460000000000205e-06
19.8921,0.000851329,0.000855595,-4.266000000000057e-06
19.926,0.000876851,0.00088084,-3.9890000000000325e-06
19.9599,0.000901348,0.000905055,-3.7070000000000375e-06
19.9938,0.000924804,0.000928225,-3.4209999999999796e-06
20.0277,0.000947204,0.00095034,-3.136000000000046e-06
20.0616,0.000968533,0.00097138,-2.8469999999999407e-06
20.0955,0.000988779,0.00099134,-2.5610000000000997e-06
20.1293,0.00100793,0.0010102,-2.269999999999963e-06
20.1632,0.00102597,0.00102796,-1.990000000000108e-06
20.1971,0.0010429,0.00104459,-1.689999999999938e-06
20.231,0.00105871,0.00106011,-1.3999999999999256e-06
20.2649,0.00107338,0.0010745,-1.1199999999998538e-06
20.2988,0.00108692,0.00108775,-8.300000000000581e-07
20.3327,0.00109932,0.00109987,-5.499999999999863e-07
20.3666,0.00111057,0.00111083,-2.599999999999738e-07
20.4004,0.00112067,0.00112066,9.999999999940612e-09
20.4343,0.00112962,0.00112933,2.9000000000001247e-07
20.4682,0.00113743,0.00113686,5.700000000000843e-07
20.5021,0.00114408,0.00114324,8.399999999999987e-07
20.536,0.00114959,0.00114849,1.0999999999999725e-06
20.5699,0.00115395,0.00115258,1.369999999999887e-06
20.6038,0.00115717,0.00115554,1.6299999999998607e-06
20.6377,0.00115926,0.00115737,1.8900000000000514e-06
20.6716,0.00116022,0.00115807,2.150000000000025e-06
20.7054,0.00116006,0.00115766,2.4000000000000583e-06
20.7393,0.00115878,0.00115614,2.640000000000151e-06
20.7732,0.0011564,0.00115352,2.8800000000000266e-06
20.8071,0.00115292,0.00114981,3.1099999999999618e-06
20.841,0.00114836,0.00114502,3.339999999999897e-06
20.8749,0.00114274,0.00113916,3.5799999999999894e-06
20.9088,0.00113605,0.00113225,3.799999999999984e-06
20.9427,0.00112832,0.00112431,4.010000000000038e-06
20.9765,0.00111956,0.00111534,4.219999999999875e-06
21.0104,0.00110979,0.00110537,4.419999999999988e-06
21.0443,0.00109903,0.00109439,4.639999999999983e-06
21.0782,0.00108728,0.00108245,4.8299999999999385e-06
21.1121,0.00107458,0.00106956,5.019999999999894e-06
21.146,0.00106093,0.00105573,5.200000000000126e-06
21.1799,0.00104637,0.00104099,5.379999999999925e-06
21.2138,0.0010309,0.00102535,5.549999999999999e-06
21.2476,0.00101455,0.00100884,5.7099999999999165e-06
21.2815,0.000997349,0.00099147,5.879000000000084e-06
21.3154,0.00097931,0.00097328,6.029999999999968e-06
21.3493,0.00096046,0.000954285,6.174999999999974e-06
21.3832,0.000940821,0.000934505,6.316000000000026e-06
21.4171,0.000920419,0.00091397,6.44900000000006e-06
21.451,0.000899279,0.000892705,6.573999999999968e-06
21.4849,0.000877426,0.000870735,6.691000000000075e-06
21.5187,0.000854886,0.00084808,6.806000000000043e-06
21.5526,0.000831685,0.00082478,6.904999999999975e-06
21.5865,0.000807851,0.00080085,7.000999999999969e-06
21.6204,0.000783411,0.00077632,7.090999999999977e-06
21.6543,0.000758393,0.00075122,7.172999999999967e-06
21.6882,0.000732825,0.00072558,7.245000000000016e-06
21.7221,0.000706734,0.000699425,7.30899999999994e-06
21.756,0.000680151,0.000672785,7.366000000000078e-06
21.7898,0.000653106,0.000645685,7.420999999999968e-06
21.8237,0.000625626,0.00061816,7.4660000000000264e-06
21.8576,0.00059774,0.00059024,7.50000000000002e-06
21.8915,0.000569475,0.00056195,7.52499999999998e-06
21.9254,0.000540866,0.000533325,7.541000000000015e-06
21.9593,0.00051194,0.00050439,7.550000000000048e-06
21.9932,0.000482729,0.000475175,7.5540000000000026e-06
22.0271,0.000453262,0.000445714,7.5480000000000165e-06
22.061,0.000423568,0.000416034,7.533999999999959e-06
22.0948,0.00039368,0.000386166,7.513999999999969e-06
22.1287,0.000363627,0.00035614,7.486999999999978e-06
22.1626,0.000333439,0.000325985,7.454e-06
22.1965,0.000303146,0.000295733,7.413000000000005e-06
22.2304,0.000272777,0.000265412,7.364999999999954e-06
22.2643,0.000242363,0.000235051,7.311999999999987e-06
22.2982,0.000211932,0.000204681,7.251000000000002e-06
22.3321,0.000181515,0.000174331,7.184000000000004e-06
22.3659,0.000151139,0.000144028,7.110999999999993e-06
22.3998,0.000120835,0.000113804,7.031000000000008e-06
22.4337,9.06314e-05,8.3685e-05,6.946399999999998e-06
22.4676,6.05563e-05,5.37e-05,6.856300000000004e-06
22.5015,3.06374e-05,2.38765e-05,6.760899999999998e-06
22.5354,9.01399e-07,5.7578e-06,-4.856401e-06
22.5693,2.84545e-05,3.51759e-05,-6.721400000000003e-06
22.6032,5.7739e-05,6.43515e-05,-6.612500000000005e-06
22.637,8.67589e-05,9.32575e-05,-6.498600000000006e-06
22.6709,0.000115491,0.000121869,-6.377999999999999e-06
22.7048,0.000143908,0.00015016,-6.252000000000021e-06
22.7387,0.000171984,0.000178105,-6.120999999999991e-06
22.7726,0.000199696,0.000205683,-5.986999999999995e-06
22.8065,0.00022702,0.000232865,-5.844999999999982e-06
22.8404,0.000253932,0.000259632,-5.699999999999976e-06
22.8743,0.000280406,0.00028596,-5.553999999999954e-06
22.9081,0.000306422,0.000311826,-5.404000000000032e-06
22.942,0.000331958,0.000337209,-5.251000000000008e-06
22.9759,0.000356994,0.000362089,-5.094999999999991e-06
23.0098,0.00038151,0.000386445,-4.93500000000002e-06
23.0437,0.000405486,0.000410257,-4.7710000000000395e-06
23.0776,0.000428902,0.000433507,-4.605000000000028e-06
23.1115,0.000451741,0.000456176,-4.434999999999953e-06
23.1454,0.000473985,0.000478245,-4.260000000000017e-06
23.1792,0.000495617,0.000499701,-4.08400000000001e-06
23.2131,0.00051662,0.000520525,-3.905000000000011e-06
23.247,0.000536978,0.0005407,-3.7219999999999484e-06
23.2809,0.000556678,0.000560215,-3.536999999999963e-06
23.3148,0.000575705,0.000579055,-3.349999999999946e-06
23.3487,0.000594044,0.000597205,-3.161000000000006e-06
23.3826,0.000611685,0.000614655,-2.969999999999926e-06
23.4165,0.000628613,0.00063139,-2.777000000000031e-06
23.4503,0.00064482,0.0006474,-2.579999999999965e-06
23.4842,0.000660293,0.00066268,-2.3870000000000705e-06
23.5181,0.000675023,0.000677215,-2.192000000000036e-06
23.552,0.000689002,0.000690995,-1.993000000000047e-06
23.5859,0.00070222,0.000704015,-1.794999999999965e-06
23.6198,0.000714672,0.00071627,-1.5980000000000074e-06
23.6537,0.000726351,0.00072775,-1.3990000000000183e-06
23.6876,0.00073725,0.000738455,-1.2049999999999995e-06
23.7215,0.000747365,0.00074837,-1.0049999999999946e-06
23.7553,0.000756691,0.000757505,-8.14000000000023e-07
23.7892,0.000765226,0.000765845,-6.189999999999885e-07
23.8231,0.000772967,0.00077339,-4.230000000000466e-07
23.857,0.000779913,0.000780145,-2.319999999999666e-07
23.8909,0.000786061,0.0007861,-3.899999999996354e-08
23.9248,0.000791412,0.00079126,1.5200000000000803e-07
23.9587,0.000795966,0.00079563,3.359999999999778e-07
23.9926,0.000799726,0.000799205,5.209999999999633e-07
24.0264,0.000802692,0.000801985,7.07000000000073e-07
24.0603,0.000804868,0.000803985,8.830000000000253e-07
24.0942,0.000806258,0.000805195,1.0630000000000405e-06
24.1281,0.000806865,0.000805625,1.2400000000000085e-06
24.162,0.000806695,0.00080528,1.414999999999945e-06
24.1959,0.000805753,0.00080417,1.582999999999988e-06
24.2298,0.000804046,0.000802295,1.7510000000000312e-06
24.2637,0.000801581,0.00079967,1.9109999999999483e-06
24.2975,0.000798367,0.00079629,2.0770000000000684e-06
24.3314,0.00079441,0.00079218,2.2299999999999837e-06
24.3653,0.000789722,0.000787335,2.386999999999962e-06
24.3992,0.00078431,0.00078177,2.539999999999986e-06
24.4331,0.000778186,0.0007755,2.686000000000008e-06
24.467,0.000771361,0.00076853,2.831000000000014e-06
24.5009,0.000763847,0.000760875,2.9719999999999573e-06
24.5348,0.000755654,0.000752545,3.1090000000000544e-06
24.5686,0.000746797,0.000743555,3.24199999999998e-06
24.6025,0.000737288,0.00073392,3.3680000000000125e-06
24.6364,0.000727142,0.000723645,3.4969999999999836e-06
24.6703,0.000716372,0.000712755,3.6169999999999215e-06
24.7042,0.000704993,0.00070126,3.7330000000000132e-06
24.7381,0.00069302,0.000689175,3.845000000000042e-06
24.772,0.00068047,0.000676515,3.954999999999931e-06
24.8059,0.000667358,0.0006633,4.057999999999926e-06
24.8397,0.000653701,0.000649545,4.15600000000006e-06
24.8736,0.000639516,0.000635265,4.251000000000038e-06
24.9075,0.00062482,0.00062048,4.34000000000003e-06
24.9414,0.000609631,0.000605205,4.425999999999974e-06
24.9753,0.000593967,0.00058946,4.507000000000057e-06
