N,imax,pair_status,native_b_fit,nn_b_fit,damping_fit_fidelity_improvement_pct,native_frequency_error_abs_percent,nn_frequency_error_abs_percent,frequency_error_reduction_pct,native_b_envelope,nn_b_envelope,envelope_fidelity_improvement_pct,native_peak_growth_ratio,nn_peak_growth_ratio,nn_anti_damping
64,0,scientific_failure,,,,,,,,,,,,
64,1,completed,0.546955,0.509296,6.885209935003794,0.0762146876952419,0.12265465895880999,-60.93309920689651,0.5472389586798716,0.5257231756862499,3.931697963450031,0.62710001940223,0.638525417458362,False
64,2,completed,0.389781,0.364344,6.525972276740012,0.0939861531577102,0.0038205720555017897,95.93496283533297,0.39609847536693044,0.417456239134389,-5.392033823829682,0.713236996072203,0.7042856797432807,False
64,3,completed,0.301941,-0.448354,-48.490599156788896,0.10154646639177799,0.19367658033688798,-90.7270505993398,0.31554958856732934,-0.32728075372819104,-3.717693061849327,0.7690083788295728,1.2483644852279725,True
64,4,completed,0.172082,-0.958017,-456.7212143048082,0.103227278825402,0.34252131516701,-231.8127912161169,0.19644975310325963,-0.9033336504580587,-359.82936409354534,0.850312864603589,1.9948041203979938,True
64,5,completed,-0.0474984,-1.21897,-2466.3390766846883,0.0960588488639114,0.438624938310439,-356.62106458494856,0.004618251420091786,-1.225290273380704,-26431.47613510292,1.007134720995808,2.663354767198841,True
128,0,scientific_failure,,,,,,,,,,,,
128,1,completed,0.314885,0.298126,5.322260507804444,0.174802720736533,0.10409664600523601,40.44906991915014,0.31548802923459324,0.30304445452595813,3.944230384532977,0.7622213060948617,0.7715498602541793,False
128,2,completed,0.256381,0.206758,19.355178425858398,0.138489353246041,0.0495473161034932,64.22301430243006,0.2568464699657869,0.21364546398604747,16.819777973002317,0.8013928286012875,0.8324366139644845,False
128,3,completed,0.2386,0.158676,33.49706621961442,0.11264950254275001,0.0354156023990804,68.5612438584535,0.2406740756078615,0.16630725040648378,30.899391641393954,0.8141699441544082,0.8683895102624506,False
128,4,completed,0.215566,0.138804,35.60951170407207,0.0960434362143325,0.0307998888488981,67.93129227471158,0.22084507234108192,0.1452127071746321,34.24679770515331,0.8305128981407051,0.8864179715817851,False
128,5,completed,0.159707,0.0532879,66.63396094097315,0.0841685862486563,0.0223762941347183,73.41491032222783,0.1694179372403344,0.07061841461666549,58.31703787274485,0.8675959450298671,0.9448826621386678,False
256,0,scientific_failure,,,,,,,,,,,,
256,1,completed,0.107131,0.105331,1.680185940577433,0.247969611727661,0.24176900501703397,2.5005510422934414,0.10692766275007498,0.10647240961190715,0.42575805592225746,0.9119438669438669,0.9125078882078856,False
256,2,completed,0.0959126,0.0949298,1.024682888379635,0.225863203466792,0.20904630878526598,7.445610627761492,0.0949509014164584,0.09511262009711267,-0.1703182152478676,0.9209774938309633,0.921201314001923,False
256,3,completed,0.102861,0.0972188,5.485266524727544,0.205963488334715,0.185915849900475,9.73358850946447,0.1020421617681079,0.09904719134399532,2.9350323162681384,0.9167808385056637,0.918964782817892,False
256,4,completed,0.111657,0.0932645,16.47232148454643,0.186841294030771,0.166867400036841,10.690299538730702,0.11391368140454357,0.09649880903704015,15.287779442100273,0.9086992139701764,0.9207814908254907,False
256,5,completed,0.112414,0.0835971,25.634618463892405,0.17493435700742802,0.154216267646856,11.843350680216744,0.11672967082566013,0.08843966579446208,24.235487713702344,0.9071616755722492,0.927412381360055,False
512,0,scientific_failure,,,,,,,,,,,,
512,1,completed,-0.02243,-0.0310466,-38.415514935354445,0.27519899598632497,0.26794770428112397,2.6349266570584904,-0.025573942128736007,-0.03209593767453999,-25.50250373201394,1.0217606380982598,1.0274540826503769,True
512,2,completed,-0.0218226,-0.0340299,-55.938797393527814,0.26173385765238,0.247994991028833,5.249174389120948,-0.024314845124617165,-0.03552368775788928,-46.09876219990356,1.0195954487989887,1.0301629084026709,True
512,3,completed,-0.0201749,-0.0239205,-18.56564344804684,0.251261558626781,0.233685457011268,6.995141521676306,-0.021641606568133912,-0.024260645717166494,-12.101870259895465,1.018968420152985,1.0246164780736,True
512,4,completed,-0.00634532,-0.0227886,-259.14027976524426,0.23627342109503502,0.22250407023810503,5.827718916971034,-0.04095624633157302,-0.023206502183877323,43.33830792010957,1.0039859917441578,1.0205252398283244,True
512,5,completed,0.0165978,-0.00225984,86.38470158695732,0.220539831683031,0.216742017361649,1.722053695425138,0.01931431682125615,-0.0004768002708852715,97.53136352013996,0.9837847079742854,1.0033572274214515,True
