N,method,prosperetti_relative_rms,wave_rms_delta_vs_native,clamp_hits,denominator_guard_hits,capwave_preservation_pass
64,original,0.00722669,0.0,,,
64,native_wrapper,0.00722669,0.0,0,0,
64,direct,0.00710848,2.2446043891668784e-06,0,0,
64,offset_d,0.00710109,2.3977447104334294e-06,0,0,True
128,original,0.00205188,0.0,,,
128,native_wrapper,0.00205188,0.0,0,0,
128,direct,0.00210084,6.083373099904557e-07,0,0,
128,offset_d,0.0020996,5.939025019242471e-07,0,0,True
256,original,0.00109024,0.0,,,
256,native_wrapper,0.00109024,0.0,0,0,
256,direct,0.0011096,2.6849013010090654e-07,0,0,
256,offset_d,0.00110943,2.670905763264862e-07,0,0,True
512,original,0.000836646,0.0,,,
512,native_wrapper,0.000836646,0.0,0,0,
512,direct,0.000836772,3.882629528192723e-08,0,0,
512,offset_d,0.000836728,3.8811425058114086e-08,0,0,True
