case,method,max_vb,t_at_max_vb,final_vb,final_xb,max_volume_drift,shape_mean_distance,shape_max_distance,delta_vs_original_max_vb,delta_vs_original_t_at_max_vb,delta_vs_original_final_vb,delta_vs_original_final_xb,delta_vs_original_max_volume_drift,delta_vs_original_shape_mean_distance,delta_vs_original_shape_max_distance,provider_stats_available,clamp_hits,denominator_guard_hits
case1,original,0.241681,0.924378,0.193284,1.0806,9.55443e-05,0.1057573031502734,0.3697457235087379,0.0,0.0,0.0,0.0,0.0,0.0,0.0,False,,
case1,native_wrapper,0.241681,0.924378,0.193284,1.0806,9.55443e-05,0.1057573031502734,0.3697457235087379,0.0,0.0,0.0,0.0,0.0,0.0,0.0,True,0,0
case1,direct_64,0.241681,0.924378,0.193271,1.08059,9.81979e-05,0.10576404796010741,0.369751562686353,0.0,0.0,-1.3000000000013001e-05,-1.0000000000065512e-05,2.6536000000000045e-06,6.744809834008381e-06,5.83917761509678e-06,True,0,0
case1,direct_128,0.24168,0.924378,0.19327,1.08059,9.77869e-05,0.10576509719982499,0.3697530225272,-1.000000000001e-06,0.0,-1.4000000000014001e-05,-1.0000000000065512e-05,2.242599999999998e-06,7.794049551590465e-06,7.299018462081364e-06,True,0,0
case1,direct_256,0.241679,0.924378,0.193269,1.08058,9.30406e-05,0.10576671064496533,0.3697549690105598,-2.000000000002e-06,0.0,-1.5000000000015001e-05,-1.999999999990898e-05,-2.5036999999999943e-06,9.407494691929252e-06,9.24550182190842e-06,True,0,0
case1,direct_512,0.24168,0.924378,0.193267,1.08058,9.96639e-05,0.10576653679200064,0.3697539957647517,-1.000000000001e-06,0.0,-1.7000000000017e-05,-1.999999999990898e-05,4.119600000000007e-06,9.233641727238173e-06,8.272256013797108e-06,True,0,0
case1,offset_d_64,0.241682,0.924378,0.193283,1.0806,9.6806e-05,0.10575708869932951,0.3697457235087379,1.000000000001e-06,0.0,-1.000000000001e-06,0.0,1.261699999999995e-06,-2.144509438917197e-07,0.0,True,0,0
case1,offset_d_128,0.241682,0.924378,0.193282,1.0806,9.55944e-05,0.1057581717208716,0.36974718327527534,1.000000000001e-06,0.0,-2.000000000002e-06,0.0,5.009999999999466e-08,8.685705981947844e-07,1.459766537426077e-06,True,0,0
case1,offset_d_256,0.241681,0.924378,0.193281,1.0806,9.34602e-05,0.10575965495346107,0.36974864306039046,0.0,0.0,-3.0000000000030003e-06,0.0,-2.084099999999996e-06,2.351803187666812e-06,2.919551652547092e-06,True,0,0
case1,offset_d_512,0.241682,0.924378,0.193279,1.0806,9.93333e-05,0.10575949716533262,0.36974766986824953,1.000000000001e-06,0.0,-5.0000000000050004e-06,0.0,3.7890000000000005e-06,2.1940150592147933e-06,1.9463595116175902e-06,True,0,0
case2,original,0.251139,0.740444,0.18848,1.11211,0.000170148,0.1490370851662686,0.48939587800164397,0.0,0.0,0.0,0.0,0.0,0.0,0.0,False,,
case2,native_wrapper,0.251139,0.740444,0.18848,1.11211,0.000170148,0.1490370851662686,0.48939587800164397,0.0,0.0,0.0,0.0,0.0,0.0,0.0,True,0,0
case2,direct_64,0.251139,0.740444,0.188625,1.1121,0.000172343,0.14904570683549326,0.4894188748556802,0.0,0.0,0.00014499999999997848,-9.999999999843467e-06,2.195000000000002e-06,8.62166922466212e-06,2.2996854036227976e-05,True,0,0
case2,direct_128,0.251139,0.740444,0.18866,1.11212,0.000170874,0.14904111632588807,0.4894035435353937,0.0,0.0,0.00017999999999998573,1.0000000000065512e-05,7.259999999999927e-07,4.03115961947198e-06,7.665533749756648e-06,True,0,0
case2,direct_256,0.251139,0.740444,0.188769,1.11212,0.000169621,0.14904030262434137,0.4894035435353937,0.0,0.0,0.0002889999999999837,1.0000000000065512e-05,-5.270000000000036e-07,3.21745807277396e-06,7.665533749756648e-06,True,0,0
case2,direct_512,0.251139,0.740444,0.188567,1.1121,0.000169223,0.14904506141185114,0.4894188748556802,0.0,0.0,8.700000000000374e-05,-9.999999999843467e-06,-9.250000000000089e-07,7.97624558254717e-06,2.2996854036227976e-05,True,0,0
case2,offset_d_64,0.251139,0.740444,0.188495,1.11212,0.000169665,0.1490390265665203,0.4894035435353937,0.0,0.0,1.4999999999987246e-05,1.0000000000065512e-05,-4.830000000000155e-07,1.9414002516982e-06,7.665533749756648e-06,True,0,0
case2,offset_d_128,0.251139,0.740444,0.188492,1.11212,0.000169093,0.14903948106603943,0.4894035435353937,0.0,0.0,1.1999999999984245e-05,1.0000000000065512e-05,-1.055000000000023e-06,2.395899770829546e-06,7.665533749756648e-06,True,0,0
case2,offset_d_256,0.251139,0.740444,0.188494,1.11212,0.000168848,0.149039552275565,0.4894035435353937,0.0,0.0,1.3999999999986246e-05,1.0000000000065512e-05,-1.3000000000000045e-06,2.4671092964112518e-06,7.665533749756648e-06,True,0,0
case2,offset_d_512,0.251139,0.740444,0.188473,1.1121,0.000170323,0.14904806149193076,0.48942654064220914,0.0,0.0,-7.000000000007001e-06,-9.999999999843467e-06,1.749999999999907e-07,1.097632566215978e-05,3.0662640565171095e-05,True,0,0
