benchmark,case,resolution,model,mode,time,reference,method,n,rmse,mae,bias,max_abs_error,sign_consistency,clamp_hits,denominator_guard_hits
rising,case1,128,baseline_64_hgradient,nn_direct,0.0,q_native,q_direct,128,0.0006487717195028538,0.0005161401217741348,-0.00023678713783765892,0.0014603342262763178,1.0,0,0
rising,case1,128,baseline_64_hgradient,nn_direct,0.0,q_native,q_offset_d,128,0.0005902159189305898,0.0004658828861025554,-0.00016906477684583055,0.0014393421337678125,1.0,0,0
rising,case1,128,baseline_64_hgradient,nn_direct,0.0,q_native,q_offset_grad,128,0.0005902139679257642,0.00046588591784433653,-0.0001690588137347406,0.0014393365419083579,1.0,0,0
rising,case1,128,baseline_128_hgradient,nn_direct,0.0,q_native,q_direct,128,0.0006222325582239603,0.0005101066512794361,-0.0002649432457113148,0.001373087927486194,1.0,0,0
rising,case1,128,baseline_128_hgradient,nn_direct,0.0,q_native,q_offset_d,128,0.0005648146685671929,0.0004492990547963232,-0.00019708537055395105,0.0013519786186787716,1.0,0,0
rising,case1,128,baseline_128_hgradient,nn_direct,0.0,q_native,q_offset_grad,128,0.0005648135184090748,0.0004492963703691266,-0.00019707937462108577,0.001351972995584802,1.0,0,0
rising,case1,128,baseline_256_hgradient,nn_direct,0.0,q_native,q_direct,128,0.000631708483056776,0.000496430435809413,-0.000242511322867635,0.0015160533932703987,1.0,0,0
rising,case1,128,baseline_256_hgradient,nn_direct,0.0,q_native,q_offset_d,128,0.0005729344094918378,0.0004361545686768018,-0.00017474063628126948,0.0014951359891586802,1.0,0,0
rising,case1,128,baseline_256_hgradient,nn_direct,0.0,q_native,q_offset_grad,128,0.0005729322176360106,0.00043615561373951995,-0.00017473468135429963,0.0014951304172013263,1.0,0,0
rising,case1,128,baseline_512_hgradient,nn_direct,0.0,q_native,q_direct,128,0.0007034824879411388,0.0005742146117291015,-0.0004374915327937783,0.0016032549885768715,1.0,0,0
rising,case1,128,baseline_512_hgradient,nn_direct,0.0,q_native,q_offset_d,128,0.0006417607076775035,0.0004985315165174243,-0.00037013531065164564,0.0015824542059389088,1.0,0,0
rising,case1,128,baseline_512_hgradient,nn_direct,0.0,q_native,q_offset_grad,128,0.0006417591590253869,0.0004985259418669105,-0.00037012933503260725,0.0015824486650574156,1.0,0,0
capwave,case1,64,baseline_64_hgradient,nn_direct,0.0,q_native,q_direct,64,0.00024858438111495794,0.00022469637100814159,3.5495453197221136e-06,0.00037068386746306504,1.0,0,0
capwave,case1,64,baseline_64_hgradient,nn_direct,0.0,q_native,q_offset_d,64,0.0002659117156484919,0.00024059859075443895,3.5576627438156037e-06,0.0003960418827121913,1.0,0,0
capwave,case1,64,baseline_64_hgradient,nn_direct,0.0,q_native,q_offset_grad,64,0.00026591109028905214,0.00024059794173841877,3.5576685593985635e-06,0.00039604139843035617,1.0,0,0
capwave,case1,128,baseline_128_hgradient,nn_direct,0.0,q_native,q_direct,136,9.037170999481819e-05,7.331336766182744e-05,-7.278258237423123e-05,0.0002169483525092829,1.0,0,0
capwave,case1,128,baseline_128_hgradient,nn_direct,0.0,q_native,q_offset_d,136,8.946088051699759e-05,7.316907494906328e-05,-7.277205346933629e-05,0.00021696918782581267,1.0,0,0
capwave,case1,128,baseline_128_hgradient,nn_direct,0.0,q_native,q_offset_grad,136,8.946090417261891e-05,7.316908579281155e-05,-7.277205703089864e-05,0.00021696918532498096,1.0,0,0
capwave,case1,256,baseline_256_hgradient,nn_direct,0.0,q_native,q_direct,264,5.374656791210899e-05,4.2536353493286164e-05,-2.0819691953470584e-05,0.0001709933150380919,1.0,0,0
capwave,case1,256,baseline_256_hgradient,nn_direct,0.0,q_native,q_offset_d,264,5.236396337523205e-05,4.1236713825208134e-05,-2.0808965608995104e-05,0.0001679249028162114,1.0,0,0
capwave,case1,256,baseline_256_hgradient,nn_direct,0.0,q_native,q_offset_grad,264,5.236400900653775e-05,4.1236749881229604e-05,-2.0808965800069823e-05,0.000167925023321777,1.0,0,0
capwave,case1,512,baseline_512_hgradient,nn_direct,0.0,q_native,q_direct,536,0.00013329501861795369,0.0001325900839842302,-0.0001325900839842302,0.0002150587840860784,0.9738805970149254,0,0
capwave,case1,512,baseline_512_hgradient,nn_direct,0.0,q_native,q_offset_d,536,0.00013329384873131698,0.00013258277350847452,-0.00013258277350847452,0.00021506215010703343,0.9738805970149254,0,0
capwave,case1,512,baseline_512_hgradient,nn_direct,0.0,q_native,q_offset_grad,536,0.00013329384873218752,0.00013258277382296573,-0.00013258277382296573,0.00021506214969131736,0.9738805970149254,0,0
