row,case,benchmark,method,resolution,imax,model_id,model_resolution,label,coordinate_name,target_coordinate,target_time,actual_coordinate,actual_time,iteration,status,reason,dump_path,interface_cells,target_tau,actual_tau
N0032/imax00/clsvof,stationary_bubble,stationary_bubble,clsvof,32,0,,,tau_0,tau,0,0,0,0,0,written,,checkpoints/tau_0.dump,25,,
N0032/imax00/clsvof,stationary_bubble,stationary_bubble,clsvof,32,0,,,tau_0p01,tau,0.01,-1,0.010020168701134077,0.78541761454031889,252,written,,checkpoints/tau_0p01.dump,25,,
N0032/imax00/clsvof,stationary_bubble,stationary_bubble,clsvof,32,0,,,tau_0p1,tau,0.10000000000000001,-1,0.10000287414029101,7.8385924625753596,2515,written,,checkpoints/tau_0p1.dump,25,,
N0032/imax00/clsvof,stationary_bubble,stationary_bubble,clsvof,32,0,,,tau_0p5,tau,0.5,-1,,,,not_reached,not_reached_due_to_convergence_or_tau_limit,,0,,
N0032/imax00/clsvof,stationary_bubble,stationary_bubble,clsvof,32,0,,,terminal,tau,,,0.20954876609116072,16.425201700901429,5270,written,actual_terminal_state,checkpoints/terminal.dump,25,,
N0032/imax00/nn,stationary_bubble,stationary_bubble,nn,32,0,baseline_32_hgradient,32,tau_0,tau,0,0,0,0,0,written,,checkpoints/tau_0.dump,25,,
N0032/imax00/nn,stationary_bubble,stationary_bubble,nn,32,0,baseline_32_hgradient,32,tau_0p01,tau,0.01,-1,0.010020168701134077,0.78541761454031889,252,written,,checkpoints/tau_0p01.dump,25,,
N0032/imax00/nn,stationary_bubble,stationary_bubble,nn,32,0,baseline_32_hgradient,32,tau_0p1,tau,0.10000000000000001,-1,0.10000287414029101,7.8385924625753596,2515,written,,checkpoints/tau_0p1.dump,25,,
N0032/imax00/nn,stationary_bubble,stationary_bubble,nn,32,0,baseline_32_hgradient,32,tau_0p5,tau,0.5,-1,,,,not_reached,not_reached_due_to_convergence_or_tau_limit,,0,,
N0032/imax00/nn,stationary_bubble,stationary_bubble,nn,32,0,baseline_32_hgradient,32,terminal,tau,,,0.23189533279766592,18.176807650789574,5832,written,actual_terminal_state,checkpoints/terminal.dump,25,,
N0064/imax00/clsvof,stationary_bubble,stationary_bubble,clsvof,64,0,,,tau_0,,,,,0,0,written,,checkpoints/tau_0.dump,,0,0
N0064/imax00/clsvof,stationary_bubble,stationary_bubble,clsvof,64,0,,,tau_0p01,,,,,0.78457501316044331,712,written,,checkpoints/tau_0p01.dump,,0.01,0.01000941899573168
N0064/imax00/clsvof,stationary_bubble,stationary_bubble,clsvof,64,0,,,tau_0p1,,,,,7.8391385301702687,7114,written,,checkpoints/tau_0p1.dump,,0.10000000000000001,0.10000984073910663
N0064/imax00/clsvof,stationary_bubble,stationary_bubble,clsvof,64,0,,,tau_0p5,,,,,39.192386850896767,35567,written,,checkpoints/tau_0p5.dump,,0.5,0.5000070290961558
N0064/imax00/clsvof,stationary_bubble,stationary_bubble,clsvof,64,0,,,terminal,,,,,78.383671769061706,71133,written,,checkpoints/terminal.dump,,1,1
N0064/imax00/nn,stationary_bubble,stationary_bubble,nn,64,0,baseline_64_hgradient,64,tau_0,,,,,0,0,written,,checkpoints/tau_0.dump,,0,0
N0064/imax00/nn,stationary_bubble,stationary_bubble,nn,64,0,baseline_64_hgradient,64,tau_0p01,,,,,0.78457501316044331,712,written,,checkpoints/tau_0p01.dump,,0.01,0.01000941899573168
N0064/imax00/nn,stationary_bubble,stationary_bubble,nn,64,0,baseline_64_hgradient,64,tau_0p1,,,,,7.8391385301702687,7114,written,,checkpoints/tau_0p1.dump,,0.10000000000000001,0.10000984073910663
N0064/imax00/nn,stationary_bubble,stationary_bubble,nn,64,0,baseline_64_hgradient,64,tau_0p5,,,,,39.192386850896767,35567,written,,checkpoints/tau_0p5.dump,,0.5,0.5000070290961558
N0064/imax00/nn,stationary_bubble,stationary_bubble,nn,64,0,baseline_64_hgradient,64,terminal,,,,,78.383671769061706,71133,written,,checkpoints/terminal.dump,,1,1
N0128/imax00/clsvof,stationary_bubble,stationary_bubble,clsvof,128,0,,,tau_0,,,,,0,0,written,,checkpoints/tau_0.dump,,0,0
N0128/imax00/clsvof,stationary_bubble,stationary_bubble,clsvof,128,0,,,tau_0p01,,,,,0.7838561987186583,2012,written,,checkpoints/tau_0p01.dump,,0.01,0.010000248534262322
N0128/imax00/clsvof,stationary_bubble,stationary_bubble,clsvof,128,0,,,tau_0p1,,,,,7.8385619735457368,20120,written,,checkpoints/tau_0p1.dump,,0.10000000000000001,0.10000248516859658
N0128/imax00/clsvof,stationary_bubble,stationary_bubble,clsvof,128,0,,,tau_0p5,,,,,39.192030680577226,100598,written,,checkpoints/tau_0p5.dump,,0.5,0.50000248516102874
N0128/imax00/clsvof,stationary_bubble,stationary_bubble,clsvof,128,0,,,terminal,,,,,78.383671769061706,201195,written,,checkpoints/terminal.dump,,1,1
N0128/imax00/nn,stationary_bubble,stationary_bubble,nn,128,0,baseline_128_hgradient,128,tau_0,,,,,0,0,written,,checkpoints/tau_0.dump,,0,0
N0128/imax00/nn,stationary_bubble,stationary_bubble,nn,128,0,baseline_128_hgradient,128,tau_0p01,,,,,0.7838561987186583,2012,written,,checkpoints/tau_0p01.dump,,0.01,0.010000248534262322
N0128/imax00/nn,stationary_bubble,stationary_bubble,nn,128,0,baseline_128_hgradient,128,tau_0p1,,,,,7.8385619735457368,20120,written,,checkpoints/tau_0p1.dump,,0.10000000000000001,0.10000248516859658
N0128/imax00/nn,stationary_bubble,stationary_bubble,nn,128,0,baseline_128_hgradient,128,tau_0p5,,,,,39.192030680577226,100598,written,,checkpoints/tau_0p5.dump,,0.5,0.50000248516102874
N0128/imax00/nn,stationary_bubble,stationary_bubble,nn,128,0,baseline_128_hgradient,128,terminal,,,,,78.383671769061706,201195,written,,checkpoints/terminal.dump,,1,1
