time,kinetic_energy,pressure_iterations
0.0,0.0,0
3.16783e-06,6.10388e-10,1
7.6918e-05,3.09136e-05,3
0.000214834,2.42863e-05,3
0.000411082,2.29814e-05,3
0.00066036,2.27693e-05,1
0.000957847,2.37361e-05,2
0.00129916,2.60118e-05,2
0.00168031,2.97553e-05,3
0.00209769,3.52312e-05,3
0.00254799,4.29152e-05,3
0.00302823,5.3432e-05,2
0.00353567,6.72168e-05,2
0.00406786,8.4149e-05,3
0.00462254,0.000103582,3
0.00519766,0.000123906,3
0.00579137,0.000143635,3
0.00640197,0.000162717,3
0.00702794,0.000182459,4
0.00766787,0.000204319,3
0.00832049,0.000228624,3
0.00898466,0.000254702,2
0.00965932,0.000281973,3
0.0103435,0.000310558,4
0.0110364,0.000340665,3
0.0117371,0.000371973,3
0.012445,0.000403651,3
0.0131595,0.00043438,2
0.0138798,0.000463876,5
0.0146056,0.000492001,3
0.0153362,0.0005186,3
0.0160713,0.000543399,3
0.0168104,0.000565802,3
0.0175532,0.000585227,3
0.0182993,0.000600956,3
0.0190485,0.000612072,2
0.0198005,0.000617875,3
0.0205549,0.000618155,3
0.0213117,0.000613177,3
0.0220705,0.000603704,3
0.0228312,0.000590905,3
0.0235936,0.000575951,3
0.0243576,0.000559247,3
0.025123,0.000540949,3
0.0258897,0.000521046,3
0.0266575,0.000498709,3
0.0274264,0.000472964,2
0.0281963,0.000443508,5
0.0289671,0.000410578,5
0.0297387,0.000375081,4
0.030511,0.000338407,3
0.0312839,0.000301884,3
0.0320575,0.000266468,3
0.0328316,0.000232565,3
0.0336062,0.000200589,3
0.0343813,0.000171255,3
0.0351567,0.000145326,3
0.0359326,0.000122961,2
0.0367087,0.000103457,2
0.0374852,8.60016e-05,2
0.038262,7.02216e-05,2
0.039039,5.61998e-05,4
0.0398163,4.45601e-05,2
0.0405937,3.62706e-05,2
0.0413714,3.22091e-05,3
0.0421492,3.281e-05,3
0.0429272,3.80079e-05,3
0.0437054,4.75217e-05,3
0.0444836,6.11284e-05,3
0.045262,7.87418e-05,3
0.0460405,0.000100216,3
0.0468191,0.000125164,2
0.0475978,0.000152831,2
0.0483765,0.000182281,3
0.0491554,0.000212712,3
0.0499343,0.00024361,3
0.0507132,0.000274806,3
0.0514923,0.000306446,3
0.0522713,0.000338711,2
0.0530504,0.00037156,2
0.0538296,0.000404455,2
0.0546088,0.00043669,2
0.055388,0.000467539,2
0.0561673,0.000496395,5
0.0569466,0.000522364,3
0.0577259,0.000544929,3
0.0585052,0.000563633,2
0.0592846,0.000578133,2
0.060064,0.000588219,4
0.0608434,0.000593806,2
0.0616228,0.000595346,2
0.0624022,0.000593394,2
0.0631816,0.000588422,3
0.0639611,0.000580817,2
0.0647406,0.000570179,2
0.06552,0.000555156,2
0.0662995,0.000534766,3
0.067079,0.000510565,3
0.0678585,0.000485046,4
0.068638,0.000458317,3
0.0694175,0.000429784,3
0.070197,0.00039942,3
0.0709766,0.000367526,5
0.0717561,0.000334487,4
0.0725356,0.000300973,3
0.0733152,0.000267832,3
0.0740947,0.000235779,2
0.0748742,0.000205235,2
0.0756538,0.000176344,3
0.0764333,0.000149189,3
0.0772129,0.000124046,3
0.0779924,0.000101317,2
0.078772,8.13357e-05,3
0.0795515,6.42917e-05,3
0.0803311,5.02827e-05,3
0.0811107,3.94177e-05,1
0.0818902,3.1859e-05,1
0.0826698,2.78274e-05,1
0.0834493,2.75412e-05,1
0.0842289,3.11671e-05,2
0.0850085,3.86425e-05,1
0.085788,4.97254e-05,1
0.0865676,6.40812e-05,1
0.0873472,8.14268e-05,2
0.0881267,0.000101569,2
0.0889063,0.000124447,2
0.0896859,0.000150001,2
0.0904654,0.00017805,2
0.091245,0.000208261,1
0.0920246,0.000240218,3
0.0928041,0.000273444,4
0.0935837,0.000307662,3
0.0943633,0.000342612,2
0.0951429,0.000377922,2
0.0959224,0.000413042,2
0.096702,0.000447203,2
0.0974816,0.000479867,4
0.0982611,0.000510344,3
0.0990407,0.000537872,3
0.0998203,0.000561897,3
0.1006,0.000581981,3
0.101379,0.000597848,5
0.102159,0.000609352,3
0.102939,0.000616455,3
0.103718,0.000619183,3
0.104498,0.000617578,3
0.105277,0.000611755,3
0.106057,0.000601886,2
0.106836,0.000588291,1
0.107616,0.000571325,2
0.108396,0.000551147,2
0.109175,0.000527862,2
0.109955,0.000501569,2
0.110734,0.000472586,4
0.111514,0.000441232,3
0.112293,0.000407973,3
0.113073,0.000373402,3
0.113853,0.000338219,2
0.114632,0.000303105,2
0.115412,0.000268537,2
0.116191,0.000234946,3
0.116971,0.000202657,3
0.11775,0.000171943,3
0.11853,0.000143082,3
0.11931,0.000116391,3
0.120089,9.22384e-05,3
0.120869,7.09847e-05,3
0.121648,5.30661e-05,3
0.122428,3.89301e-05,3
0.123207,2.89341e-05,3
0.123987,2.33387e-05,3
0.124767,2.23034e-05,1
0.125546,2.57872e-05,1
0.126326,3.35644e-05,2
0.127105,4.53434e-05,2
0.127885,6.0745e-05,2
0.128664,7.93581e-05,3
0.129444,0.000100819,3
0.130224,0.000124806,3
0.131003,0.000151048,3
0.131783,0.000179272,3
0.132562,0.00020917,3
0.133342,0.000240368,3
0.134122,0.000272431,3
0.134901,0.000304911,3
0.135681,0.000337389,2
0.13646,0.000369469,2
0.13724,0.000400974,2
0.138019,0.000431475,1
0.138799,0.000460555,3
0.139579,0.000487985,5
0.140358,0.000513205,3
0.141138,0.000535734,3
0.141917,0.00055515,3
0.142697,0.000571031,3
0.143476,0.000583108,3
0.144256,0.000591398,3
0.145036,0.000595942,3
0.145815,0.000596749,3
0.146595,0.00059381,2
0.147374,0.000587093,3
0.148154,0.000576571,3
0.148933,0.000562298,3
0.149713,0.000544558,3
0.150493,0.000523736,4
0.151272,0.000500143,3
0.152052,0.000473963,3
0.152831,0.000445354,2
0.153611,0.000414493,5
0.15439,0.00038181,3
0.15517,0.000347712,3
0.15595,0.000312767,3
0.156729,0.000277815,3
0.157509,0.000243594,1
0.158288,0.000210695,4
0.159068,0.000179459,3
0.159847,0.00015028,3
0.160627,0.000123545,2
0.161407,9.96748e-05,2
0.162186,7.91366e-05,2
0.162966,6.24058e-05,2
0.163745,4.98638e-05,2
0.164525,4.18365e-05,2
0.165304,3.84537e-05,1
0.166084,3.96891e-05,2
0.166864,4.53962e-05,2
0.167643,5.52259e-05,2
0.168423,6.87856e-05,3
0.169202,8.57823e-05,3
0.169982,0.000105973,3
0.170761,0.000129152,3
0.171541,0.000155034,3
0.172321,0.000183256,2
0.1731,0.000213376,2
0.17388,0.000244908,2
0.174659,0.000277354,2
0.175439,0.000310328,2
0.176218,0.000343555,3
0.176998,0.000376589,3
0.177778,0.000408841,1
0.178557,0.000439693,3
0.179337,0.000468537,3
0.180116,0.000495243,4
0.180896,0.000519119,4
0.181676,0.000539941,2
0.182455,0.000557568,2
0.183235,0.000572005,2
0.184014,0.000582785,3
0.184794,0.00059047,2
0.185573,0.000595475,3
0.186353,0.000598386,3
0.187133,0.000598299,2
0.187912,0.000594315,2
0.188692,0.000587021,3
0.189471,0.000575548,3
0.190251,0.000558748,3
0.19103,0.000539008,3
0.19181,0.000518229,3
0.19259,0.000495942,2
0.193369,0.000470807,2
0.194149,0.000442842,4
0.194928,0.000412751,5
0.195708,0.000380874,3
0.196487,0.000347787,3
0.197267,0.000314315,3
0.198047,0.000281431,3
0.198826,0.000249822,3
0.199606,0.000219719,3
0.200385,0.000191047,3
0.201165,0.000163748,3
0.201944,0.000137985,2
0.202724,0.000114129,3
0.203504,9.2667e-05,3
0.204283,7.40658e-05,3
0.205063,5.86997e-05,3
0.205842,4.68421e-05,3
0.206622,3.87365e-05,3
0.207401,3.45959e-05,2
0.208181,3.45477e-05,2
0.208961,3.85014e-05,3
0.20974,4.61575e-05,3
0.21052,5.71233e-05,3
0.211299,7.1049e-05,3
0.212079,8.76402e-05,3
0.212858,0.000106807,3
0.213638,0.000128707,2
0.214418,0.000153396,4
0.215197,0.000180763,2
0.215977,0.000210696,1
0.216756,0.000242983,3
0.217536,0.000277245,2
0.218315,0.000312849,2
0.219095,0.000349058,2
0.219875,0.000385154,3
0.220654,0.000420468,3
0.221434,0.000454424,5
0.222213,0.000486641,4
0.222993,0.000516648,5
0.223772,0.0005434,3
0.224552,0.000566413,3
0.225332,0.000585555,3
0.226111,0.00060078,3
0.226891,0.000611891,3
0.22767,0.000618907,3
0.22845,0.000622052,3
0.229229,0.00062134,3
0.230009,0.000616595,3
0.230789,0.000607666,3
0.231568,0.000594523,3
0.232348,0.000577393,3
0.233127,0.000556445,3
0.233907,0.000532293,3
0.234687,0.000505482,3
0.235466,0.000475936,3
0.236246,0.000443683,4
0.237025,0.00040939,3
0.237805,0.000374141,3
0.238584,0.000338852,1
0.239364,0.000303836,4
0.240144,0.000269321,3
0.240923,0.000235646,4
0.241703,0.000203296,3
0.242482,0.000172775,3
0.243262,0.000144629,3
0.244041,0.000119443,3
0.244821,9.76838e-05,3
0.245601,7.95479e-05,1
0.24638,6.49655e-05,2
0.24716,5.38293e-05,2
0.247939,4.61344e-05,2
0.248719,4.19574e-05,2
0.249498,4.13576e-05,2
0.250278,4.43936e-05,2
0.251058,5.11009e-05,3
0.251837,6.145e-05,2
0.252617,7.54073e-05,2
0.253396,9.27517e-05,2
0.254176,0.000113387,1
0.254955,0.000137116,2
0.255735,0.000163642,2
0.256515,0.000192545,1
0.257294,0.000223453,2
0.258074,0.000255995,2
0.258853,0.000289776,2
0.259633,0.000324443,2
0.260412,0.000359655,2
0.261192,0.000395008,2
0.261972,0.000430009,2
0.262751,0.000463974,2
0.263531,0.000496274,2
0.26431,0.000526398,4
0.26509,0.000553929,3
0.265869,0.000578805,2
0.266649,0.000600956,2
0.267429,0.000620247,3
0.268208,0.000636349,3
0.268988,0.000648947,3
0.269767,0.000657861,3
0.270547,0.000662674,3
0.271326,0.000662952,3
0.272106,0.000658609,3
0.272886,0.00064982,4
0.273665,0.000636936,3
0.274445,0.000620131,3
0.275224,0.000599534,3
0.276004,0.000575276,3
0.276783,0.000547845,3
0.277563,0.000517802,4
0.278343,0.00048559,2
0.279122,0.000451816,3
0.279902,0.000417091,3
0.280681,0.000381922,3
0.281461,0.000346551,3
0.282241,0.000311327,3
0.28302,0.000276598,3
0.2838,0.000242702,2
0.284579,0.000210023,3
0.285359,0.000179022,3
0.286138,0.00015034,3
0.286918,0.000124617,3
0.287698,0.000102356,3
0.288477,8.39135e-05,2
0.289257,6.95635e-05,2
0.290036,5.96346e-05,2
0.290816,5.43178e-05,2
0.291595,5.38777e-05,2
0.292375,5.83529e-05,3
0.293155,6.75942e-05,3
0.293934,8.14094e-05,1
0.294714,9.95137e-05,2
0.295493,0.000121537,2
0.296273,0.000147033,2
0.297052,0.000175444,2
0.297832,0.000206119,3
0.298612,0.000238419,2
0.299391,0.000271734,2
0.300171,0.000305466,2
0.30095,0.000339151,2
0.30173,0.000372678,2
0.302509,0.000405812,1
0.303289,0.000438333,3
0.304069,0.000469944,2
0.304848,0.000500461,2
0.305628,0.000530182,4
0.306407,0.000557333,3
0.307187,0.000581389,2
0.307966,0.000601128,2
0.308746,0.000616328,2
0.309526,0.000627454,3
0.310305,0.000634212,4
0.311085,0.000637469,3
0.311864,0.00063822,3
0.312644,0.000635246,2
0.313423,0.000628272,3
0.314203,0.00061708,4
0.314983,0.000600552,4
0.315762,0.000579091,4
0.316542,0.000555562,4
0.317321,0.000533741,3
0.318101,0.000512466,2
0.31888,0.000487304,2
0.31966,0.000455817,2
0.32044,0.000419124,5
0.321219,0.000379984,4
0.321999,0.000340563,3
0.322778,0.000302406,4
0.323558,0.000266477,3
0.324337,0.000233378,3
0.325117,0.000202911,3
0.325897,0.000174452,3
0.326676,0.000147279,3
0.327456,0.000121712,3
0.328235,9.89584e-05,1
0.329015,7.98859e-05,2
0.329794,6.50099e-05,2
0.330574,5.52404e-05,3
0.331354,5.09326e-05,3
0.332133,5.15531e-05,3
0.332913,5.66906e-05,2
0.333692,6.64167e-05,3
0.334472,8.0717e-05,3
0.335252,9.92031e-05,3
0.336031,0.000121201,3
0.336811,0.000146019,1
0.33759,0.000173073,3
0.33837,0.000201874,2
0.339149,0.00023207,2
0.339929,0.000263605,2
0.340709,0.00029636,2
0.341488,0.000330155,2
0.342268,0.000364759,3
0.343047,0.000399427,4
0.343827,0.000433544,3
0.344606,0.000466384,3
0.345386,0.000497358,3
0.346166,0.000526406,3
0.346945,0.000553586,5
0.347725,0.000577473,3
0.348504,0.000598723,2
0.349284,0.000617383,2
0.350063,0.00063336,3
0.350843,0.000646329,3
0.351623,0.000655821,3
0.352402,0.000661851,3
0.353182,0.000663622,3
0.353961,0.00066055,4
0.354741,0.000654224,4
0.35552,0.000645227,3
0.3563,0.000630645,4
0.35708,0.000610637,4
0.357859,0.000587134,4
0.358639,0.000562347,3
0.359418,0.000537312,3
0.360198,0.00051035,3
0.360977,0.000481753,5
0.361757,0.000452566,4
0.362537,0.000420162,4
0.363316,0.000384719,3
0.364096,0.000348412,5
0.364875,0.000312387,4
0.365655,0.00027773,3
0.366434,0.000245432,3
0.367214,0.000214969,3
0.367994,0.000185367,3
0.368773,0.000157151,3
0.369553,0.000132198,2
0.370332,0.000112327,3
0.371112,9.83034e-05,3
0.371891,8.9959e-05,1
0.372671,8.6542e-05,3
0.373451,8.72883e-05,3
0.37423,9.17811e-05,2
0.37501,9.98945e-05,2
0.375789,0.000111411,3
0.376569,0.000125761,1
0.377348,0.000142161,3
0.378128,0.000160178,3
0.378908,0.000179937,3
0.379687,0.000202455,3
0.380467,0.000227881,2
0.381246,0.000256587,2
0.382026,0.000288573,2
0.382806,0.000323265,2
0.383585,0.000359865,4
0.384365,0.00039794,2
0.385144,0.000436906,2
0.385924,0.000476368,2
0.386703,0.000515763,3
0.387483,0.00055436,3
0.388263,0.00059094,3
0.389042,0.000624831,4
0.389822,0.00065551,5
0.390601,0.000682126,4
0.391381,0.00070436,4
0.39216,0.000722097,4
0.39294,0.000735926,3
0.39372,0.000745727,3
0.394499,0.000750657,3
0.395279,0.000750303,3
0.396058,0.000744995,3
0.396838,0.000735605,1
0.397617,0.000722383,3
0.398397,0.000705278,3
0.399177,0.00068421,3
0.399956,0.000659451,3
0.400736,0.000631687,3
0.401515,0.000601417,3
0.402295,0.00056797,5
0.403074,0.000531073,4
0.403854,0.000491144,3
0.404634,0.000449102,4
0.405413,0.000405829,2
0.406193,0.000362084,3
0.406972,0.000318741,3
0.407752,0.000276709,3
0.408531,0.00023679,3
0.409311,0.000199724,1
0.410091,0.000166235,2
0.41087,0.000136898,4
0.41165,0.000112062,2
0.412429,9.17353e-05,2
0.413209,7.56991e-05,2
0.413988,6.36413e-05,2
0.414768,5.54246e-05,5
0.415548,5.10539e-05,2
0.416327,5.07292e-05,2
0.417107,5.471e-05,2
0.417886,6.31575e-05,2
0.418666,7.61884e-05,2
0.419445,9.37819e-05,2
0.420225,0.00011582,5
0.421005,0.000142049,3
0.421784,0.000172236,3
0.422564,0.000206048,3
0.423343,0.000243148,3
0.424123,0.000283169,2
0.424902,0.000325582,2
0.425682,0.000369692,1
0.426462,0.000414719,2
0.427241,0.000459939,3
0.428021,0.000504379,3
0.4288,0.000547294,3
0.42958,0.000587932,3
0.430359,0.000625591,2
0.431139,0.000659847,5
0.431919,0.000690848,3
0.432698,0.000718917,3
0.433478,0.000744329,3
0.434257,0.000766624,3
0.435037,0.00078597,3
0.435817,0.00080237,3
0.436596,0.000814301,3
0.437376,0.000820987,3
0.438155,0.000822276,3
0.438935,0.000817659,3
0.439714,0.000806329,3
0.440494,0.000788194,3
0.441274,0.000763212,3
0.442053,0.00073151,4
0.442833,0.00069355,5
0.443612,0.000651168,3
0.444392,0.000606248,3
0.445171,0.000559908,3
0.445951,0.000513304,4
0.446731,0.000466743,4
0.44751,0.000420451,3
0.44829,0.000374808,3
0.449069,0.000330435,3
0.449849,0.000287985,2
0.450628,0.0002483,4
0.451408,0.000212412,3
0.452188,0.000181273,3
0.452967,0.00015516,3
0.453747,0.000133767,2
0.454526,0.000116581,2
0.455306,0.000104109,3
0.456085,9.6917e-05,3
0.456865,9.5432e-05,3
0.457645,9.99681e-05,3
0.458424,0.000110361,3
0.459204,0.000126192,4
0.459983,0.000146839,3
0.460763,0.000171803,5
0.461542,0.000200564,3
0.462322,0.000232831,2
0.463102,0.000268098,2
0.463881,0.0003059,2
0.464661,0.000345687,4
0.46544,0.000386678,3
0.46622,0.000427852,3
0.466999,0.000468158,2
0.467779,0.000506734,2
0.468559,0.000543249,2
0.469338,0.000577499,2
0.470118,0.000608616,2
0.470897,0.000636875,3
0.471677,0.000661989,3
0.472456,0.000685625,5
0.473236,0.000707678,3
0.474016,0.000727462,3
0.474795,0.00074531,3
0.475575,0.000761168,3
0.476354,0.00077377,3
0.477134,0.000781635,4
0.477913,0.000781907,3
0.478693,0.000773478,4
0.479473,0.000759902,4
0.480252,0.000745772,4
0.481032,0.000731381,3
0.481811,0.000714144,3
0.482591,0.000690845,4
0.483371,0.000662571,4
0.48415,0.000629144,4
0.48493,0.000593879,3
0.485709,0.00056019,5
0.486489,0.000526361,3
0.487268,0.000488834,4
0.488048,0.000443874,4
0.488828,0.00039135,3
0.489607,0.000336017,3
0.490387,0.000284939,3
0.491166,0.000242349,5
0.491946,0.000207317,4
0.492725,0.000175478,4
0.493505,0.000143855,4
0.494285,0.000113193,5
0.495064,8.6998e-05,4
0.495844,6.7314e-05,4
0.496623,5.41755e-05,4
0.497403,4.68266e-05,4
0.498182,4.33929e-05,3
0.498962,4.39471e-05,3
0.499742,4.98793e-05,2
0.500521,6.21506e-05,3
0.501301,8.09334e-05,3
0.50208,0.000105595,3
0.50286,0.000134634,4
0.503639,0.000166508,3
0.504419,0.000200679,3
0.505199,0.000237642,2
0.505978,0.000277995,2
0.506758,0.000321405,2
0.507537,0.000367547,3
0.508317,0.000415778,3
0.509096,0.000464353,3
0.509876,0.000513104,3
0.510656,0.000561279,2
0.511435,0.000606923,5
0.512215,0.000650755,3
0.512994,0.000692728,4
0.513774,0.00073146,5
0.514553,0.000765087,3
0.515333,0.00079268,3
0.516113,0.000812889,4
0.516892,0.000827479,3
0.517672,0.000837284,3
0.518451,0.000841761,3
0.519231,0.000840715,4
0.52001,0.000835046,4
0.52079,0.000825784,4
0.52157,0.000811776,3
0.522349,0.000787679,4
0.523129,0.000754673,4
0.523908,0.000719253,3
0.524688,0.000681396,4
0.525467,0.000645378,3
0.526247,0.000610417,5
0.527027,0.000570695,3
0.527806,0.000523857,3
0.528586,0.000473186,2
0.529365,0.000422029,4
0.530145,0.000372207,4
0.530924,0.000325409,4
0.531704,0.000282496,3
0.532484,0.000242761,2
0.533263,0.000205273,2
0.534043,0.000170341,2
0.534822,0.000139124,3
0.535602,0.000112765,6
0.536382,9.16894e-05,3
0.537161,7.54661e-05,3
0.537941,6.32307e-05,3
0.53872,5.45653e-05,3
0.5395,4.97706e-05,2
0.540279,4.96223e-05,3
0.541059,5.47122e-05,1
0.541839,6.52399e-05,3
0.542618,8.1046e-05,3
0.543398,0.000101957,3
0.544177,0.000127755,1
0.544957,0.000158342,3
0.545736,0.000193467,3
0.546516,0.000232755,4
0.547296,0.000275531,1
0.548075,0.000321057,3
0.548855,0.000368557,2
0.549634,0.0004175,2
0.550414,0.000467366,2
0.551193,0.000517552,2
0.551973,0.000567396,3
0.552753,0.000616011,2
0.553532,0.000662741,2
0.554312,0.000706895,3
0.555091,0.000748289,2
0.555871,0.000786359,5
0.55665,0.000820976,3
0.55743,0.0008515,3
0.55821,0.000877338,3
0.558989,0.00089808,3
0.559769,0.000913366,3
0.560548,0.000922818,3
0.561328,0.000926174,3
0.562107,0.000923488,3
0.562887,0.000914337,3
0.563667,0.000898034,3
0.564446,0.000876604,3
0.565226,0.000851094,3
0.566005,0.000820102,3
0.566785,0.000780805,5
0.567564,0.000735098,3
0.568344,0.000686719,3
0.569124,0.000636091,3
0.569903,0.000583592,4
0.570683,0.000529308,3
0.571462,0.000473373,3
0.572242,0.00041619,3
0.573021,0.000358757,3
0.573801,0.000302618,3
0.574581,0.000249381,3
0.57536,0.000200246,2
0.57614,0.00015593,5
0.576919,0.000116886,2
0.577699,8.35229e-05,2
0.578478,5.62867e-05,2
0.579258,3.55675e-05,3
0.580038,2.16073e-05,3
0.580817,1.45177e-05,1
0.581597,1.42782e-05,3
0.582376,2.07349e-05,4
0.583156,3.363e-05,3
0.583935,5.26562e-05,3
0.584715,7.74728e-05,4
0.585495,0.000107698,3
0.586274,0.000142916,3
0.587054,0.000182672,3
0.587833,0.000226471,3
0.588613,0.000273763,4
0.589393,0.000323918,3
0.590172,0.000376369,3
0.590952,0.000430508,3
0.591731,0.00048572,3
0.592511,0.000541332,3
0.59329,0.000596524,3
0.59407,0.000650187,3
0.59485,0.000701228,2
0.595629,0.000748601,2
0.596409,0.000791434,2
0.597188,0.000829383,4
0.597968,0.000862537,3
0.598747,0.000891277,3
0.599527,0.000915464,3
0.600307,0.000935564,3
0.601086,0.000951802,3
0.601866,0.000962757,3
0.602645,0.000967732,4
0.603425,0.000964477,4
0.604204,0.00095219,3
0.604984,0.000935589,4
0.605764,0.000914564,3
0.606543,0.000887221,4
0.607323,0.000855113,3
0.608102,0.000816012,5
0.608882,0.00076896,3
0.609661,0.000718823,4
0.610441,0.000666306,4
0.611221,0.000610582,4
0.612,0.000551355,4
0.61278,0.000489429,3
0.613559,0.000427133,3
0.614339,0.000367715,3
0.615118,0.000313241,2
0.615898,0.000263308,4
0.616678,0.000216918,2
0.617457,0.00017373,3
0.618237,0.000135271,3
0.619016,0.000103368,3
0.619796,7.89113e-05,3
0.620575,6.17973e-05,5
0.621355,5.14751e-05,3
0.622135,4.78845e-05,3
0.622914,5.15536e-05,3
0.623694,6.28002e-05,3
0.624473,8.12234e-05,2
0.625253,0.000105829,2
0.626032,0.000135477,2
0.626812,0.000169347,2
0.627592,0.000207174,4
0.628371,0.000248996,4
0.629151,0.000294784,5
0.62993,0.000344253,6
0.63071,0.00039676,3
0.631489,0.000451616,3
0.632269,0.00050791,3
0.633049,0.00056527,3
0.633828,0.000623563,3
0.634608,0.000682329,3
0.635387,0.000740479,3
0.636167,0.000796284,3
0.636947,0.000846056,3
0.637726,0.000888146,3
0.638506,0.000921298,3
0.639285,0.000947084,5
0.640065,0.00096698,3
0.640844,0.000982902,4
0.641624,0.000995837,3
0.642404,0.00100417,3
0.643183,0.00100659,3
0.643963,0.00100121,4
0.644742,0.000989463,4
0.645522,0.000976165,3
0.646301,0.000957994,3
0.647081,0.000926163,4
0.647861,0.000884141,4
0.64864,0.000842182,3
0.64942,0.000800714,5
0.650199,0.000758743,4
0.650979,0.000714575,4
0.651758,0.00066469,4
0.652538,0.00060871,4
0.653318,0.000548225,4
0.654097,0.000487556,3
0.654877,0.000429623,2
0.655656,0.000375053,3
0.656436,0.000323057,3
0.657215,0.000273493,5
0.657995,0.000226965,5
0.658775,0.000184693,4
0.659554,0.000147587,5
0.660334,0.000117827,4
0.661113,9.66355e-05,4
0.661893,8.39975e-05,4
0.662672,8.01037e-05,3
0.663452,8.20701e-05,2
0.664232,8.94968e-05,2
0.665011,0.000104186,5
0.665791,0.000124376,4
0.66657,0.000150626,4
0.66735,0.00018328,2
0.668129,0.000220929,3
0.668909,0.00026271,2
0.669689,0.000308812,3
0.670468,0.000359023,3
0.671248,0.000411894,3
0.672027,0.000466126,5
0.672807,0.000520201,4
0.673586,0.00057339,3
0.674366,0.000623424,4
0.675146,0.000668928,2
0.675925,0.000713474,2
0.676705,0.000763448,3
0.677484,0.00082207,3
0.678264,0.000888145,3
0.679043,0.000950075,3
0.679823,0.000999837,5
0.680603,0.00103341,4
0.681382,0.00105151,4
0.682162,0.00105953,3
0.682941,0.00106206,3
0.683721,0.00106065,3
0.6845,0.00105483,3
0.68528,0.00104436,4
0.68606,0.0010316,4
0.686839,0.00101941,4
0.687619,0.000999309,3
0.688398,0.000970301,4
0.689178,0.000936844,4
0.689958,0.000899007,4
0.690737,0.000866974,4
0.691517,0.000835771,5
0.692296,0.000797963,3
0.693076,0.000763428,4
0.693855,0.000728768,4
0.694635,0.000689122,5
0.695415,0.000648855,4
0.696194,0.000606015,3
0.696974,0.000556649,3
0.697753,0.000499728,6
0.698533,0.000437052,4
0.699312,0.000373171,4
0.700092,0.000313283,5
0.700872,0.000260117,4
0.701651,0.000212082,5
0.702431,0.000169686,4
0.70321,0.000135099,3
0.70399,0.000108561,3
0.704769,9.289e-05,4
0.705549,8.86104e-05,3
0.706329,8.97736e-05,3
0.707108,9.69829e-05,4
0.707888,0.000111545,5
0.708667,0.000130805,4
0.709447,0.000159347,3
0.710226,0.000196318,4
0.711006,0.000236213,4
0.711786,0.00027751,3
0.712565,0.000322907,4
0.713345,0.00037391,5
0.714124,0.000429467,4
0.714904,0.000487176,4
0.715683,0.00054443,3
0.716463,0.000600013,3
0.717243,0.000653147,3
0.718022,0.00070971,3
0.718802,0.000771442,3
0.719581,0.000838214,3
0.720361,0.000900485,3
0.72114,0.000958374,6
0.72192,0.00100439,4
0.7227,0.00103653,4
0.723479,0.00105852,3
0.724259,0.00107232,3
0.725038,0.0010828,3
0.725818,0.00108949,3
0.726597,0.00109452,3
0.727377,0.00109703,3
0.728157,0.00110229,3
0.728936,0.00108888,3
0.729716,0.00105629,4
0.730495,0.00101868,4
0.731275,0.000971764,4
0.732054,0.000921824,4
0.732834,0.000874454,4
0.733614,0.000819968,4
0.734393,0.000765924,5
0.735173,0.000712169,3
0.735952,0.00065971,4
0.736732,0.000613887,4
0.737512,0.000568792,4
0.738291,0.000519169,4
0.739071,0.000467037,3
0.73985,0.000412491,4
0.74063,0.000354226,4
0.741409,0.000294827,6
0.742189,0.000239476,4
0.742969,0.000192291,3
0.743748,0.000152942,5
0.744528,0.000119937,3
0.745307,9.14607e-05,3
0.746087,6.97461e-05,3
0.746866,5.6055e-05,3
0.747646,4.99042e-05,3
0.748426,5.1228e-05,1
0.749205,6.02133e-05,2
0.749985,7.68249e-05,3
0.750764,0.000101155,3
0.751544,0.000132964,3
0.752323,0.000171201,3
0.753103,0.000214371,3
0.753883,0.000261544,3
0.754662,0.000312258,3
0.755442,0.000366348,4
0.756221,0.000423731,2
0.757001,0.000483883,2
0.75778,0.000545825,5
0.75856,0.000608377,2
0.75934,0.000670467,3
0.760119,0.000731718,3
0.760899,0.000791904,2
0.761678,0.000849785,3
0.762458,0.000904222,3
0.763237,0.000956312,3
0.764017,0.00100487,5
0.764797,0.00104753,3
0.765576,0.00108308,3
0.766356,0.00111042,3
0.767135,0.00112972,3
0.767915,0.00114158,3
0.768694,0.00114638,3
0.769474,0.00114433,3
0.770254,0.00113501,3
0.771033,0.00111845,3
0.771813,0.00109663,3
0.772592,0.001068,3
0.773372,0.00102575,3
0.774151,0.000972855,3
0.774931,0.0009182,3
0.775711,0.000867088,5
0.77649,0.000818398,4
0.77727,0.000763226,4
0.778049,0.000699846,3
0.778829,0.000632842,4
0.779608,0.000563891,4
0.780388,0.000494641,3
0.781168,0.00042992,5
0.781947,0.000373025,4
0.782727,0.000323767,3
0.783506,0.000279071,3
0.784286,0.000236176,6
0.785065,0.000195221,3
0.785845,0.00015928,4
0.786625,0.000131024,3
0.787404,0.000110853,3
0.788184,9.79091e-05,3
0.788963,9.20322e-05,3
0.789743,9.40696e-05,3
0.790523,0.000104796,3
0.791302,0.000123714,3
0.792082,0.000149022,4
0.792861,0.000178467,3
0.793641,0.000210394,3
0.79442,0.000244325,3
0.7952,0.000281,3
0.79598,0.000321455,3
0.796759,0.000366493,3
0.797539,0.000416201,3
0.798318,0.000469901,5
0.799098,0.000526526,5
0.799877,0.00058468,5
0.800657,0.000643016,2
0.801437,0.000700379,2
0.802216,0.000756087,3
0.802996,0.00081027,3
0.803775,0.000862723,3
0.804555,0.000913003,2
0.805334,0.000960629,2
0.806114,0.00100476,3
0.806894,0.00104422,5
0.807673,0.00107723,4
0.808453,0.00110414,4
0.809232,0.00112353,3
0.810012,0.00113419,4
0.810791,0.00113633,3
0.811571,0.0011336,3
0.812351,0.00113067,3
0.81313,0.00112048,3
0.81391,0.00110468,3
0.814689,0.00108644,4
0.815469,0.00106516,4
0.816248,0.00104046,3
0.817028,0.00100669,5
0.817808,0.000961114,2
0.818587,0.000903515,2
0.819367,0.000835965,2
0.820146,0.000763554,2
0.820926,0.000692987,2
0.821705,0.00062886,3
0.822485,0.000571661,3
0.823265,0.00051784,3
0.824044,0.000463031,3
0.824824,0.000405695,5
0.825603,0.000348006,3
0.826383,0.000293016,5
0.827162,0.000241956,4
0.827942,0.00019497,4
0.828722,0.000152469,4
0.829501,0.000115886,4
0.830281,8.73813e-05,4
0.83106,6.88088e-05,3
0.83184,6.06671e-05,3
0.832619,6.20733e-05,3
0.833399,7.17345e-05,3
0.834179,8.87776e-05,3
0.834958,0.000112772,3
0.835738,0.000143399,3
0.836517,0.000180393,1
0.837297,0.000223849,3
0.838077,0.000273584,3
0.838856,0.00033023,2
0.839636,0.000394862,2
0.840415,0.000467102,2
0.841195,0.000545041,4
0.841974,0.000626391,3
0.842754,0.000708503,3
0.843534,0.000788684,3
0.844313,0.000866304,3
0.845093,0.000941739,3
0.845872,0.00101313,3
0.846652,0.00108016,5
0.847431,0.0011407,3
0.848211,0.00119386,5
0.848991,0.00123686,3
0.84977,0.00126833,3
0.85055,0.00129122,3
0.851329,0.0013081,3
0.852109,0.00131401,3
0.852888,0.00131067,3
0.853668,0.0013053,3
0.854448,0.00129785,3
0.855227,0.00128757,3
0.856007,0.0012685,3
0.856786,0.00123552,5
0.857566,0.00118016,4
0.858345,0.00110989,3
0.859125,0.00103388,5
0.859905,0.000956144,3
0.860684,0.000880273,3
0.861464,0.000805343,3
0.862243,0.000731883,3
0.863023,0.000662702,5
0.863802,0.000595797,4
0.864582,0.000530028,3
0.865362,0.000463396,4
0.866141,0.000396018,5
0.866921,0.000331568,3
0.8677,0.000275163,4
0.86848,0.000226448,4
0.869259,0.00018514,4
0.870039,0.000151979,3
0.870819,0.000125974,2
0.871598,0.000106987,3
0.872378,9.6923e-05,3
0.873157,9.77405e-05,3
0.873937,0.000109516,3
0.874716,0.000130601,3
0.875496,0.000158629,3
0.876276,0.000191805,3
0.877055,0.000230033,4
0.877835,0.000275123,4
0.878614,0.000329498,3
0.879394,0.000394372,3
0.880173,0.000468682,3
0.880953,0.000550137,4
0.881733,0.000635628,5
0.882512,0.000722588,3
0.883292,0.000807797,5
0.884071,0.000889562,3
0.884851,0.00096919,3
0.88563,0.00104574,3
0.88641,0.00111774,3
0.88719,0.00118387,3
0.887969,0.00124029,5
0.888749,0.00128698,3
0.889528,0.00132462,5
0.890308,0.00135089,4
0.891088,0.00136893,4
0.891867,0.00138188,4
0.892647,0.00138951,4
0.893426,0.00139374,3
0.894206,0.00139129,4
0.894985,0.00138577,3
0.895765,0.00136324,4
0.896545,0.00131778,4
0.897324,0.0012654,4
0.898104,0.00121206,5
0.898883,0.00115527,4
0.899663,0.00109766,3
0.900442,0.00103504,4
0.901222,0.000958792,4
0.902002,0.000871846,3
0.902781,0.000787506,3
0.903561,0.000707749,4
0.90434,0.000631223,5
0.90512,0.000557415,4
0.905899,0.000482995,4
0.906679,0.000407941,4
0.907459,0.000338696,4
0.908238,0.000280737,4
0.909018,0.000234326,4
0.909797,0.000197766,4
0.910577,0.000169532,4
0.911356,0.000148304,4
0.912136,0.000133509,4
0.912916,0.0001255,4
0.913695,0.000125099,4
0.914475,0.000132859,4
0.915254,0.000149054,4
0.916034,0.000173493,1
0.916813,0.000205529,3
0.917593,0.000244536,2
0.918373,0.000290548,3
0.919152,0.000343547,3
0.919932,0.000403401,3
0.920711,0.000469654,3
0.921491,0.000541465,5
0.92227,0.000617469,4
0.92305,0.000696171,4
0.92383,0.000776422,4
0.924609,0.00085715,6
0.925389,0.000937271,3
0.926168,0.0010161,3
0.926948,0.00109333,3
0.927727,0.00116869,4
0.928507,0.00123924,2
0.929287,0.00129979,3
0.930066,0.00134959,5
0.930846,0.00139133,4
0.931625,0.00142972,4
0.932405,0.0014631,3
0.933184,0.00147906,3
0.933964,0.00147747,4
0.934744,0.00146911,4
0.935523,0.00145403,4
0.936303,0.0014367,3
0.937082,0.00140366,4
0.937862,0.00136052,4
0.938642,0.00131522,4
0.939421,0.00127092,5
0.940201,0.00122984,4
0.94098,0.0011915,4
0.94176,0.00114813,4
0.942539,0.00109798,4
0.943319,0.00104229,3
0.944099,0.000980424,3
0.944878,0.000907724,6
0.945658,0.000820621,4
0.946437,0.000724468,5
0.947217,0.000632124,4
0.947996,0.000554188,4
0.948776,0.000491514,4
0.949556,0.000436607,4
0.950335,0.000381039,4
0.951115,0.000324479,4
0.951894,0.000273072,4
0.952674,0.000233775,4
0.953453,0.000208275,3
0.954233,0.000194335,3
0.955013,0.000189988,3
0.955792,0.000195215,3
0.956572,0.000209959,4
0.957351,0.000232907,4
0.958131,0.000261976,4
0.95891,0.00029589,4
0.95969,0.000334941,4
0.96047,0.000380558,4
0.961249,0.000433663,4
0.962029,0.00049409,4
0.962808,0.000561105,3
0.963588,0.00063348,3
0.964367,0.000709355,3
0.965147,0.000785759,5
0.965927,0.000860156,6
0.966706,0.000931478,5
0.967486,0.000999231,4
0.968265,0.00106316,4
0.969045,0.00112514,4
0.969824,0.00118777,4
0.970604,0.00125265,3
0.971384,0.00131268,3
0.972163,0.00136124,5
0.972943,0.0013954,4
0.973722,0.00141471,4
0.974502,0.00142527,4
0.975281,0.0014297,4
0.976061,0.00143259,4
0.976841,0.00141688,4
0.97762,0.00139393,3
0.9784,0.00137597,4
0.979179,0.00134988,4
0.979959,0.00132234,3
0.980738,0.00127774,2
0.981518,0.00122759,5
0.982298,0.00118188,3
0.983077,0.00113437,4
0.983857,0.00108941,4
0.984636,0.00104592,4
0.985416,0.000996252,4
0.986195,0.000937348,4
0.986975,0.000868022,5
0.987755,0.000785829,4
0.988534,0.000690667,3
0.989314,0.000590899,4
0.990093,0.000498235,4
0.990873,0.000420564,4
0.991653,0.000355616,3
0.992432,0.000295137,4
0.993212,0.000234634,4
0.993991,0.000177395,4
0.994771,0.000130028,4
0.99555,9.73489e-05,4
0.99633,8.07911e-05,4
0.99711,7.96625e-05,3
0.997889,9.23363e-05,2
0.998669,0.000116641,3
0.999448,0.000150246,3
