row_id,benchmark,rising_case,method,N,LEVEL,actual_grid,checkpoint,imax,planning_status,existing_evidence
capwave__clsvof__N0064__imax00,capwave,,clsvof,64,,64x64,none,0,planned_run,
capwave__clsvof__N0064__imax01,capwave,,clsvof,64,,64x64,none,1,planned_run,
capwave__clsvof__N0064__imax02,capwave,,clsvof,64,,64x64,none,2,planned_run,
capwave__clsvof__N0064__imax03,capwave,,clsvof,64,,64x64,none,3,candidate_reuse,dataset/capwave/reference/clsvof/N0064.dat
capwave__clsvof__N0064__imax04,capwave,,clsvof,64,,64x64,none,4,planned_run,
capwave__clsvof__N0064__imax05,capwave,,clsvof,64,,64x64,none,5,planned_run,
capwave__clsvof__N0128__imax00,capwave,,clsvof,128,,128x128,none,0,planned_run,
capwave__clsvof__N0128__imax01,capwave,,clsvof,128,,128x128,none,1,planned_run,
capwave__clsvof__N0128__imax02,capwave,,clsvof,128,,128x128,none,2,planned_run,
capwave__clsvof__N0128__imax03,capwave,,clsvof,128,,128x128,none,3,candidate_reuse,dataset/capwave/reference/clsvof/N0128.dat
capwave__clsvof__N0128__imax04,capwave,,clsvof,128,,128x128,none,4,planned_run,
capwave__clsvof__N0128__imax05,capwave,,clsvof,128,,128x128,none,5,planned_run,
capwave__clsvof__N0256__imax00,capwave,,clsvof,256,,256x256,none,0,planned_run,
capwave__clsvof__N0256__imax01,capwave,,clsvof,256,,256x256,none,1,planned_run,
capwave__clsvof__N0256__imax02,capwave,,clsvof,256,,256x256,none,2,planned_run,
capwave__clsvof__N0256__imax03,capwave,,clsvof,256,,256x256,none,3,candidate_reuse,dataset/capwave/reference/clsvof/N0256.dat
capwave__clsvof__N0256__imax04,capwave,,clsvof,256,,256x256,none,4,planned_run,
capwave__clsvof__N0256__imax05,capwave,,clsvof,256,,256x256,none,5,planned_run,
capwave__clsvof__N0512__imax00,capwave,,clsvof,512,,512x512,none,0,planned_run,
capwave__clsvof__N0512__imax01,capwave,,clsvof,512,,512x512,none,1,planned_run,
capwave__clsvof__N0512__imax02,capwave,,clsvof,512,,512x512,none,2,planned_run,
capwave__clsvof__N0512__imax03,capwave,,clsvof,512,,512x512,none,3,candidate_reuse,dataset/capwave/reference/clsvof/N0512.dat
capwave__clsvof__N0512__imax04,capwave,,clsvof,512,,512x512,none,4,planned_run,
capwave__clsvof__N0512__imax05,capwave,,clsvof,512,,512x512,none,5,planned_run,
capwave__clsvof_nn__N0064__imax00,capwave,,clsvof_nn,64,,64x64,baseline_64_hgradient,0,planned_run,
capwave__clsvof_nn__N0064__imax01,capwave,,clsvof_nn,64,,64x64,baseline_64_hgradient,1,planned_run,
capwave__clsvof_nn__N0064__imax02,capwave,,clsvof_nn,64,,64x64,baseline_64_hgradient,2,planned_run,
capwave__clsvof_nn__N0064__imax03,capwave,,clsvof_nn,64,,64x64,baseline_64_hgradient,3,planned_run,
capwave__clsvof_nn__N0064__imax04,capwave,,clsvof_nn,64,,64x64,baseline_64_hgradient,4,planned_run,
capwave__clsvof_nn__N0064__imax05,capwave,,clsvof_nn,64,,64x64,baseline_64_hgradient,5,planned_run,
capwave__clsvof_nn__N0128__imax00,capwave,,clsvof_nn,128,,128x128,baseline_128_hgradient,0,planned_run,
capwave__clsvof_nn__N0128__imax01,capwave,,clsvof_nn,128,,128x128,baseline_128_hgradient,1,planned_run,
capwave__clsvof_nn__N0128__imax02,capwave,,clsvof_nn,128,,128x128,baseline_128_hgradient,2,planned_run,
capwave__clsvof_nn__N0128__imax03,capwave,,clsvof_nn,128,,128x128,baseline_128_hgradient,3,planned_run,
capwave__clsvof_nn__N0128__imax04,capwave,,clsvof_nn,128,,128x128,baseline_128_hgradient,4,planned_run,
capwave__clsvof_nn__N0128__imax05,capwave,,clsvof_nn,128,,128x128,baseline_128_hgradient,5,planned_run,
capwave__clsvof_nn__N0256__imax00,capwave,,clsvof_nn,256,,256x256,baseline_256_hgradient,0,planned_run,
capwave__clsvof_nn__N0256__imax01,capwave,,clsvof_nn,256,,256x256,baseline_256_hgradient,1,planned_run,
capwave__clsvof_nn__N0256__imax02,capwave,,clsvof_nn,256,,256x256,baseline_256_hgradient,2,planned_run,
capwave__clsvof_nn__N0256__imax03,capwave,,clsvof_nn,256,,256x256,baseline_256_hgradient,3,planned_run,
capwave__clsvof_nn__N0256__imax04,capwave,,clsvof_nn,256,,256x256,baseline_256_hgradient,4,planned_run,
capwave__clsvof_nn__N0256__imax05,capwave,,clsvof_nn,256,,256x256,baseline_256_hgradient,5,planned_run,
capwave__clsvof_nn__N0512__imax00,capwave,,clsvof_nn,512,,512x512,baseline_512_hgradient,0,planned_run,
capwave__clsvof_nn__N0512__imax01,capwave,,clsvof_nn,512,,512x512,baseline_512_hgradient,1,planned_run,
capwave__clsvof_nn__N0512__imax02,capwave,,clsvof_nn,512,,512x512,baseline_512_hgradient,2,planned_run,
capwave__clsvof_nn__N0512__imax03,capwave,,clsvof_nn,512,,512x512,baseline_512_hgradient,3,planned_run,
capwave__clsvof_nn__N0512__imax04,capwave,,clsvof_nn,512,,512x512,baseline_512_hgradient,4,planned_run,
capwave__clsvof_nn__N0512__imax05,capwave,,clsvof_nn,512,,512x512,baseline_512_hgradient,5,planned_run,
rising_case1__clsvof__N0064__imax00,rising_case1,case1,clsvof,64,6,64x16,none,0,planned_run,
rising_case1__clsvof__N0064__imax01,rising_case1,case1,clsvof,64,6,64x16,none,1,planned_run,
rising_case1__clsvof__N0064__imax02,rising_case1,case1,clsvof,64,6,64x16,none,2,planned_run,
rising_case1__clsvof__N0064__imax03,rising_case1,case1,clsvof,64,6,64x16,none,3,planned_run,
rising_case1__clsvof__N0064__imax04,rising_case1,case1,clsvof,64,6,64x16,none,4,planned_run,
rising_case1__clsvof__N0064__imax05,rising_case1,case1,clsvof,64,6,64x16,none,5,planned_run,
rising_case1__clsvof__N0128__imax00,rising_case1,case1,clsvof,128,7,128x32,none,0,planned_run,
rising_case1__clsvof__N0128__imax01,rising_case1,case1,clsvof,128,7,128x32,none,1,planned_run,
rising_case1__clsvof__N0128__imax02,rising_case1,case1,clsvof,128,7,128x32,none,2,planned_run,
rising_case1__clsvof__N0128__imax03,rising_case1,case1,clsvof,128,7,128x32,none,3,planned_run,
rising_case1__clsvof__N0128__imax04,rising_case1,case1,clsvof,128,7,128x32,none,4,planned_run,
rising_case1__clsvof__N0128__imax05,rising_case1,case1,clsvof,128,7,128x32,none,5,planned_run,
rising_case1__clsvof__N0256__imax00,rising_case1,case1,clsvof,256,8,256x64,none,0,planned_run,
rising_case1__clsvof__N0256__imax01,rising_case1,case1,clsvof,256,8,256x64,none,1,planned_run,
rising_case1__clsvof__N0256__imax02,rising_case1,case1,clsvof,256,8,256x64,none,2,planned_run,
rising_case1__clsvof__N0256__imax03,rising_case1,case1,clsvof,256,8,256x64,none,3,candidate_reuse,experiments/rising_clsvof_kreplace/results/20260709T141809Z/native_wrapper/out
rising_case1__clsvof__N0256__imax04,rising_case1,case1,clsvof,256,8,256x64,none,4,planned_run,
rising_case1__clsvof__N0256__imax05,rising_case1,case1,clsvof,256,8,256x64,none,5,planned_run,
rising_case1__clsvof__N0512__imax00,rising_case1,case1,clsvof,512,9,512x128,none,0,planned_run,
rising_case1__clsvof__N0512__imax01,rising_case1,case1,clsvof,512,9,512x128,none,1,planned_run,
rising_case1__clsvof__N0512__imax02,rising_case1,case1,clsvof,512,9,512x128,none,2,planned_run,
rising_case1__clsvof__N0512__imax03,rising_case1,case1,clsvof,512,9,512x128,none,3,planned_run,
rising_case1__clsvof__N0512__imax04,rising_case1,case1,clsvof,512,9,512x128,none,4,planned_run,
rising_case1__clsvof__N0512__imax05,rising_case1,case1,clsvof,512,9,512x128,none,5,planned_run,
rising_case1__clsvof_nn__N0064__imax00,rising_case1,case1,clsvof_nn,64,6,64x16,baseline_64_hgradient,0,planned_run,
rising_case1__clsvof_nn__N0064__imax01,rising_case1,case1,clsvof_nn,64,6,64x16,baseline_64_hgradient,1,planned_run,
rising_case1__clsvof_nn__N0064__imax02,rising_case1,case1,clsvof_nn,64,6,64x16,baseline_64_hgradient,2,planned_run,
rising_case1__clsvof_nn__N0064__imax03,rising_case1,case1,clsvof_nn,64,6,64x16,baseline_64_hgradient,3,planned_run,
rising_case1__clsvof_nn__N0064__imax04,rising_case1,case1,clsvof_nn,64,6,64x16,baseline_64_hgradient,4,planned_run,
rising_case1__clsvof_nn__N0064__imax05,rising_case1,case1,clsvof_nn,64,6,64x16,baseline_64_hgradient,5,planned_run,
rising_case1__clsvof_nn__N0128__imax00,rising_case1,case1,clsvof_nn,128,7,128x32,baseline_128_hgradient,0,planned_run,
rising_case1__clsvof_nn__N0128__imax01,rising_case1,case1,clsvof_nn,128,7,128x32,baseline_128_hgradient,1,planned_run,
rising_case1__clsvof_nn__N0128__imax02,rising_case1,case1,clsvof_nn,128,7,128x32,baseline_128_hgradient,2,planned_run,
rising_case1__clsvof_nn__N0128__imax03,rising_case1,case1,clsvof_nn,128,7,128x32,baseline_128_hgradient,3,planned_run,
rising_case1__clsvof_nn__N0128__imax04,rising_case1,case1,clsvof_nn,128,7,128x32,baseline_128_hgradient,4,planned_run,
rising_case1__clsvof_nn__N0128__imax05,rising_case1,case1,clsvof_nn,128,7,128x32,baseline_128_hgradient,5,planned_run,
rising_case1__clsvof_nn__N0256__imax00,rising_case1,case1,clsvof_nn,256,8,256x64,baseline_256_hgradient,0,planned_run,
rising_case1__clsvof_nn__N0256__imax01,rising_case1,case1,clsvof_nn,256,8,256x64,baseline_256_hgradient,1,planned_run,
rising_case1__clsvof_nn__N0256__imax02,rising_case1,case1,clsvof_nn,256,8,256x64,baseline_256_hgradient,2,planned_run,
rising_case1__clsvof_nn__N0256__imax03,rising_case1,case1,clsvof_nn,256,8,256x64,baseline_256_hgradient,3,planned_run,
rising_case1__clsvof_nn__N0256__imax04,rising_case1,case1,clsvof_nn,256,8,256x64,baseline_256_hgradient,4,planned_run,
rising_case1__clsvof_nn__N0256__imax05,rising_case1,case1,clsvof_nn,256,8,256x64,baseline_256_hgradient,5,planned_run,
rising_case1__clsvof_nn__N0512__imax00,rising_case1,case1,clsvof_nn,512,9,512x128,baseline_512_hgradient,0,planned_run,
rising_case1__clsvof_nn__N0512__imax01,rising_case1,case1,clsvof_nn,512,9,512x128,baseline_512_hgradient,1,planned_run,
rising_case1__clsvof_nn__N0512__imax02,rising_case1,case1,clsvof_nn,512,9,512x128,baseline_512_hgradient,2,planned_run,
rising_case1__clsvof_nn__N0512__imax03,rising_case1,case1,clsvof_nn,512,9,512x128,baseline_512_hgradient,3,planned_run,
rising_case1__clsvof_nn__N0512__imax04,rising_case1,case1,clsvof_nn,512,9,512x128,baseline_512_hgradient,4,planned_run,
rising_case1__clsvof_nn__N0512__imax05,rising_case1,case1,clsvof_nn,512,9,512x128,baseline_512_hgradient,5,planned_run,
