method,peak_index,peak_time,peak_energy,normalized_peak_energy,cumulative_frequency_error_abs_percent
clsvof,1,0.0203707,0.000583784,1.0,
clsvof,2,0.0609085,0.000575566,0.9859228755841203,0.09931615905633961
clsvof,3,0.101544,0.000571576,0.9790881558932756,0.021163151120096035
clsvof,4,0.142179,0.00056513,0.9680464007235553,0.06890456216386287
clsvof,5,0.182814,0.000560746,0.960536773875269,0.09269667838892603
clsvof,6,0.223547,0.000554516,0.9498650185685118,0.14068577318850917
clsvof,7,0.264085,0.000549858,0.9418860400422074,0.13221560585833236
clsvof,8,0.30472,0.00054412,0.9320570622010882,0.12934507811965812
clsvof,9,0.345258,0.000539255,0.9237235004727776,0.11282624197923585
clsvof,10,0.385991,0.000533839,0.9144460965014459,0.11904780713143381
clsvof,11,0.426529,0.000528621,0.9055078590711633,0.11255912312341243
clsvof,12,0.467164,0.000523644,0.8969824455620572,0.10987581905613775
clsvof,13,0.507799,0.000518199,0.887655365683198,0.10925149140392776
clsvof,14,0.548434,0.000513728,0.8799967111123292,0.10974139827480967
clsvof,15,0.58907,0.00050833,0.870750140462911,0.1108810954591033
clsvof,16,0.629608,0.000503811,0.8630092637002726,0.10702741019320561
clsvof,17,0.670243,0.00049859,0.8540658873830048,0.10503175143886656
clsvof,18,0.710878,0.000493594,0.8455079275896564,0.10424712599972352
clsvof,19,0.751416,0.000488733,0.8371812177106601,0.10048549859140721
clsvof,20,0.792149,0.000483641,0.8284588135337728,0.101754464986481
clsvof,21,0.832686,0.000479223,0.8208909459663163,0.10006217574747289
clsvof,22,0.873322,0.000474343,0.8125316898030779,0.09929565545191421
clsvof,23,0.913957,0.000470049,0.8051762295643595,0.099156397331579
clsvof,24,0.954592,0.00046536,0.7971441492058707,0.09945901226630083
nn,1,0.0201758,0.000585868,1.0,
nn,2,0.0606162,0.000582864,0.9948725651511944,0.340403620948182
nn,3,0.101251,0.000579004,0.9882840503321567,0.09981001817058743
nn,4,0.141887,0.000574993,0.9814377982753794,0.003008085217848233
nn,5,0.182425,0.000572071,0.9764503266947502,0.0028109228741968195
nn,6,0.223255,0.000566858,0.9675524179508013,0.08626910872606697
nn,7,0.263598,0.000564732,0.963923614192958,0.046845699670683416
nn,8,0.30433,0.000559147,0.9543907501348425,0.05809378314642899
nn,9,0.344771,0.000557044,0.950801204366854,0.036975311485631934
nn,10,0.385406,0.000552348,0.9427857469600661,0.03185366261786449
nn,11,0.426041,0.000548285,0.9358507377088354,0.03398656515446463
nn,12,0.466482,0.000545242,0.9306567349641899,0.020926290662937053
nn,13,0.507312,0.000539795,0.9213594188452007,0.03280041496233066
nn,14,0.547655,0.000538254,0.9187291335249577,0.022785412061443466
nn,15,0.588388,0.000532912,0.9096110386639993,0.025246854963678622
nn,16,0.628925,0.000530574,0.9056203786518465,0.02410603476807882
nn,17,0.669463,0.000526711,0.8990267432254364,0.020915608694282994
nn,18,0.710196,0.000522503,0.8918442379512108,0.025005589598625644
nn,19,0.750636,0.000520418,0.888285415827456,0.022168789946896972
nn,20,0.791369,0.000515142,0.8792799743286883,0.025237502432406966
nn,21,0.831809,0.000513805,0.8769978903097626,0.022764938183128525
nn,22,0.872542,0.000508787,0.8684328210450135,0.02516366301417161
nn,23,0.91308,0.000506896,0.8652051315313346,0.025642729361474714
nn,24,0.953618,0.000502801,0.8582155024681327,0.024768498319793775
vof_hf,1,0.0202733,0.000585973,1.0,
vof_hf,2,0.0608111,0.000583334,0.9954963795260191,0.09931615905633961
vof_hf,3,0.101544,0.000584542,0.9975579079582163,0.14098417775185723
vof_hf,4,0.142179,0.000584249,0.9970578849196122,0.1646928627729971
vof_hf,5,0.182814,0.000584068,0.9967489969674369,0.16452092321003198
vof_hf,6,0.22345,0.000585286,0.9988275910323512,0.16133817986694332
vof_hf,7,0.263987,0.000586141,1.0002867026296431,0.13212782458140726
vof_hf,8,0.30472,0.000586065,1.000157003820995,0.14069162427550186
vof_hf,9,0.345355,0.000584253,0.9970647111726989,0.1446497275130465
vof_hf,10,0.385893,0.000585758,0.9996330888965873,0.1334154274424737
vof_hf,11,0.426529,0.000584955,0.998262718589423,0.12770328871730685
vof_hf,12,0.467066,0.00058347,0.9957284721309684,0.11561882518107414
vof_hf,13,0.507702,0.000584245,0.9970510586665254,0.10920285173917632
vof_hf,14,0.548337,0.00058292,0.9947898623315408,0.1060533326132207
vof_hf,15,0.588875,0.000584235,0.9970339930338087,0.09889415980063321
vof_hf,16,0.62951,0.000587916,1.0033158524368868,0.09501319558172794
vof_hf,17,0.670048,0.000586721,1.0012765093272216,0.08855593170339349
vof_hf,18,0.710683,0.000584608,0.9976705411341478,0.08492926523083755
vof_hf,19,0.751318,0.000584072,0.9967558232205238,0.08320519011149052
vof_hf,20,0.791856,0.000584996,0.9983326876835621,0.07935324404351185
vof_hf,21,0.832394,0.00058363,0.9960015222544383,0.0741915775826274
vof_hf,22,0.873029,0.000583823,0.9963308889658739,0.07109725556413427
vof_hf,23,0.91386,0.000585337,0.9989146257592073,0.07473623529030693
vof_hf,24,0.954397,0.000583217,0.9952967116232317,0.07578095356436387
