N,t,i,imax,stage,returned_steps,band_cells,count,Egrad_mean,Egrad_rms,Egrad_linf,grad_min,grad_max,phi_change_mean,phi_change_linf,sign_mismatch,f_interface_l1,f_interface_count,volume_phi,volume_vof,volume_rel_diff
128,0,0,0,pre,-1,1.5,384,0.000987353953572,0.00120457212111,0.00200270688194,0.999927753562,1.00200270688,0,0,0,4.64404032046e-05,128,2,2,1.11022302463e-16
128,0,0,0,pre,-1,3.0,768,0.000985211448564,0.00120424117032,0.00200270688194,0.999927753562,1.00200270688,0,0,0,4.64404032046e-05,128,2,2,1.11022302463e-16
128,0,0,0,post,0,1.5,384,0.000987353953572,0.00120457212111,0.00200270688194,0.999927753562,1.00200270688,0,0,0,4.64404032046e-05,128,2,2,1.11022302463e-16
128,0,0,0,post,0,3.0,768,0.000985211448564,0.00120424117032,0.00200270688194,0.999927753562,1.00200270688,0,0,0,4.64404032046e-05,128,2,2,1.11022302463e-16
128,0,0,0,pre,-1,1.5,384,0.00099410730561,0.00120654875969,0.00204030839164,0.999858468267,1.00204030839,0,0,0,8.82367660887e-05,128,2,2,1.11022302463e-16
128,0,0,0,pre,-1,3.0,768,0.000988588124583,0.00120523016622,0.00204030839164,0.999858468267,1.00204030839,0,0,0,8.82367660887e-05,128,2,2,1.11022302463e-16
128,0,0,0,post,0,1.5,384,0.00099410730561,0.00120654875969,0.00204030839164,0.999858468267,1.00204030839,0,0,0,8.82367660887e-05,128,2,2,1.11022302463e-16
128,0,0,0,post,0,3.0,768,0.000988588124583,0.00120523016622,0.00204030839164,0.999858468267,1.00204030839,0,0,0,8.82367660887e-05,128,2,2,1.11022302463e-16
128,0.010650168167695,20,0,pre,-1,1.5,384,0.00110371786193,0.0012376730958,0.00205721381588,0.999197338489,1.00205721382,0,0,0,0.000442549738979,136,1.99999999524,1.999999997,-8.81717367109e-10
128,0.010650168167695,20,0,pre,-1,3.0,768,0.00107869227936,0.0012485346365,0.00212390491074,0.999197338489,1.00212390491,0,0,0,0.000442549738979,136,1.99999999524,1.999999997,-8.81717367109e-10
128,0.010650168167695,20,0,post,0,1.5,384,0.00110371786193,0.0012376730958,0.00205721381588,0.999197338489,1.00205721382,0,0,0,0.000442549738979,136,1.99999999524,1.999999997,-8.81717367109e-10
128,0.010650168167695,20,0,post,0,3.0,768,0.00107869227936,0.0012485346365,0.00212390491074,0.999197338489,1.00212390491,0,0,0,0.000442549738979,136,1.99999999524,1.999999997,-8.81717367109e-10
128,0.029414750177443327,40,0,pre,-1,1.5,384,0.00133758346529,0.00154299146003,0.00284505339317,0.998429972296,1.00284505339,0,0,0,0.000444731309443,136,2.00000003558,2.00000003301,1.28248098911e-09
128,0.029414750177443327,40,0,pre,-1,3.0,768,0.0016787317231,0.00186321930852,0.00284505339317,0.997393046697,1.00284505339,0,0,0,0.000444731309443,136,2.00000003558,2.00000003301,1.28248098911e-09
128,0.029414750177443327,40,0,post,0,1.5,384,0.00133758346529,0.00154299146003,0.00284505339317,0.998429972296,1.00284505339,0,0,0,0.000444731309443,136,2.00000003558,2.00000003301,1.28248098911e-09
128,0.029414750177443327,40,0,post,0,3.0,768,0.0016787317231,0.00186321930852,0.00284505339317,0.997393046697,1.00284505339,0,0,0,0.000444731309443,136,2.00000003558,2.00000003301,1.28248098911e-09
128,0.049700784782576675,60,0,pre,-1,1.5,384,0.00220224142689,0.0026259734598,0.00518232609553,0.996625067376,1.0051823261,0,0,0,0.000508444697949,136,2.00000032973,2.00000010932,1.10203536712e-07
128,0.049700784782576675,60,0,pre,-1,3.0,768,0.00315775613657,0.00363835986703,0.00640764109872,0.993592358901,1.00576035507,0,0,0,0.000508444697949,136,2.00000032973,2.00000010932,1.10203536712e-07
128,0.049700784782576675,60,0,post,0,1.5,384,0.00220224142689,0.0026259734598,0.00518232609553,0.996625067376,1.0051823261,0,0,0,0.000508444697949,136,2.00000032973,2.00000010932,1.10203536712e-07
128,0.049700784782576675,60,0,post,0,3.0,768,0.00315775613657,0.00363835986703,0.00640764109872,0.993592358901,1.00576035507,0,0,0,0.000508444697949,136,2.00000032973,2.00000010932,1.10203536712e-07
128,0.069986819387710009,80,0,pre,-1,1.5,384,0.00343637012491,0.0041590392505,0.00748879604693,0.993787047634,1.00748879605,0,0,0,0.00114500852011,136,2.00000046404,2.00000014218,1.60931918564e-07
128,0.069986819387710009,80,0,pre,-1,3.0,768,0.00514545315888,0.00607451263439,0.01144091706,0.98855908294,1.01081808549,0,0,0,0.00114500852011,136,2.00000046404,2.00000014218,1.60931918564e-07
128,0.069986819387710009,80,0,post,0,1.5,384,0.00343637012491,0.0041590392505,0.00748879604693,0.993787047634,1.00748879605,0,0,0,0.00114500852011,136,2.00000046404,2.00000014218,1.60931918564e-07
128,0.069986819387710009,80,0,post,0,3.0,768,0.00514545315888,0.00607451263439,0.01144091706,0.98855908294,1.01081808549,0,0,0,0.00114500852011,136,2.00000046404,2.00000014218,1.60931918564e-07
128,0.090272853992843322,100,0,pre,-1,1.5,384,0.00491273805872,0.0059459781683,0.00981974482918,0.990180255171,1.00955548758,0,0,0,0.00182352512393,132,2.00000048183,2.00000015304,1.64394991919e-07
128,0.090272853992843322,100,0,pre,-1,3.0,768,0.00745162346361,0.00887685909007,0.0166848806341,0.984993519261,1.01668488063,0,0,0,0.00182352512393,132,2.00000048183,2.00000015304,1.64394991919e-07
128,0.090272853992843322,100,0,post,0,1.5,384,0.00491273805872,0.0059459781683,0.00981974482918,0.990180255171,1.00955548758,0,0,0,0.00182352512393,132,2.00000048183,2.00000015304,1.64394991919e-07
128,0.090272853992843322,100,0,post,0,3.0,768,0.00745162346361,0.00887685909007,0.0166848806341,0.984993519261,1.01668488063,0,0,0,0.00182352512393,132,2.00000048183,2.00000015304,1.64394991919e-07
128,0.11055888859797662,120,0,pre,-1,1.5,384,0.00676561036759,0.00790908346157,0.0139090517115,0.986090948288,1.01111386211,0,0,0,0.00226466113425,136,1.99999996372,2.0000001648,-1.00541230938e-07
128,0.11055888859797662,120,0,pre,-1,3.0,768,0.0100229440524,0.0118396639237,0.0226568135962,0.979458498157,1.0226568136,0,0,0,0.00226466113425,136,1.99999996372,2.0000001648,-1.00541230938e-07
128,0.11055888859797662,120,0,post,0,1.5,384,0.00676561036759,0.00790908346157,0.0139090517115,0.986090948288,1.01111386211,0,0,0,0.00226466113425,136,1.99999996372,2.0000001648,-1.00541230938e-07
128,0.11055888859797662,120,0,post,0,3.0,768,0.0100229440524,0.0118396639237,0.0226568135962,0.979458498157,1.0226568136,0,0,0,0.00226466113425,136,1.99999996372,2.0000001648,-1.00541230938e-07
128,0.13084492320310992,140,0,pre,-1,1.5,384,0.00871765178693,0.0100054024,0.0183818374667,0.981618162533,1.0121066715,0,0,0,0.00252596230295,134,1.99999998403,2.00000017714,-9.65529244307e-08
128,0.13084492320310992,140,0,pre,-1,3.0,768,0.0126143086752,0.0147820751439,0.0283966705795,0.973850486271,1.02839667058,0,0,0,0.00252596230295,134,1.99999998403,2.00000017714,-9.65529244307e-08
128,0.13084492320310992,140,0,post,0,1.5,384,0.00871765178693,0.0100054024,0.0183818374667,0.981618162533,1.0121066715,0,0,0,0.00252596230295,134,1.99999998403,2.00000017714,-9.65529244307e-08
128,0.13084492320310992,140,0,post,0,3.0,768,0.0126143086752,0.0147820751439,0.0283966705795,0.973850486271,1.02839667058,0,0,0,0.00252596230295,134,1.99999998403,2.00000017714,-9.65529244307e-08
128,0.1511309578082432,160,0,pre,-1,1.5,376,0.0109655152591,0.0123496724793,0.0231083662663,0.976891633734,1.012492956,0,0,0,0.00244105040846,136,1.99999975555,2.00000018946,-2.1695817963e-07
128,0.1511309578082432,160,0,pre,-1,3.0,768,0.0151325812621,0.0175799906756,0.0335602737617,0.968446718233,1.03356027376,0,0,0,0.00244105040846,136,1.99999975555,2.00000018946,-2.1695817963e-07
128,0.1511309578082432,160,0,post,0,1.5,376,0.0109655152591,0.0123496724793,0.0231083662663,0.976891633734,1.012492956,0,0,0,0.00244105040846,136,1.99999975555,2.00000018946,-2.1695817963e-07
128,0.1511309578082432,160,0,post,0,3.0,768,0.0151325812621,0.0175799906756,0.0335602737617,0.968446718233,1.03356027376,0,0,0,0.00244105040846,136,1.99999975555,2.00000018946,-2.1695817963e-07
128,0.17141699241337652,180,0,pre,-1,1.5,384,0.0131785119338,0.0148604233674,0.0292288068401,0.983239314891,1.02922880684,0,0,0,0.00168679531922,132,2.00000025448,2.0000001938,3.03425322109e-08
128,0.17141699241337652,180,0,pre,-1,3.0,768,0.0176388308321,0.0202815986688,0.0378578598305,0.96354503175,1.03785785983,0,0,0,0.00168679531922,132,2.00000025448,2.0000001938,3.03425322109e-08
128,0.17141699241337652,180,0,post,0,1.5,384,0.0131785119338,0.0148604233674,0.0292288068401,0.983239314891,1.02922880684,0,0,0,0.00168679531922,132,2.00000025448,2.0000001938,3.03425322109e-08
128,0.17141699241337652,180,0,post,0,3.0,768,0.0176388308321,0.0202815986688,0.0378578598305,0.96354503175,1.03785785983,0,0,0,0.00168679531922,132,2.00000025448,2.0000001938,3.03425322109e-08
128,0.19170302701850983,200,0,pre,-1,1.5,384,0.0138000132456,0.0155339589668,0.0300957460968,0.983013800183,1.0300957461,0,0,0,0.00251133811639,132,2.00000028727,2.00000020399,4.163889275e-08
128,0.19170302701850983,200,0,pre,-1,3.0,768,0.0191607977496,0.0221435352136,0.0410851728886,0.959339441848,1.04108517289,0,0,0,0.00251133811639,132,2.00000028727,2.00000020399,4.163889275e-08
128,0.19170302701850983,200,0,post,0,1.5,384,0.0138000132456,0.0155339589668,0.0300957460968,0.983013800183,1.0300957461,0,0,0,0.00251133811639,132,2.00000028727,2.00000020399,4.163889275e-08
128,0.19170302701850983,200,0,post,0,3.0,768,0.0191607977496,0.0221435352136,0.0410851728886,0.959339441848,1.04108517289,0,0,0,0.00251133811639,132,2.00000028727,2.00000020399,4.163889275e-08
128,0.21198906162364312,220,0,pre,-1,1.5,384,0.0138118277156,0.015602518692,0.0292228063122,0.982930235535,1.02922280631,0,0,0,0.00338151602584,132,2.00000032331,2.00000021363,5.48362248099e-08
128,0.21198906162364312,220,0,pre,-1,3.0,768,0.0200638812661,0.0233387159368,0.0440263005309,0.955973699469,1.04308252531,0,0,0,0.00338151602584,132,2.00000032331,2.00000021363,5.48362248099e-08
128,0.21198906162364312,220,0,post,0,1.5,384,0.0138118277156,0.015602518692,0.0292228063122,0.982930235535,1.02922280631,0,0,0,0.00338151602584,132,2.00000032331,2.00000021363,5.48362248099e-08
128,0.21198906162364312,220,0,post,0,3.0,768,0.0200638812661,0.0233387159368,0.0440263005309,0.955973699469,1.04308252531,0,0,0,0.00338151602584,132,2.00000032331,2.00000021363,5.48362248099e-08
128,0.23227509622877643,240,0,pre,-1,1.5,384,0.0136681764759,0.015488386421,0.0273704551667,0.980903707587,1.02737045517,0,0,0,0.00391518193207,132,2.00000036776,2.00000022204,7.2863481597e-08
128,0.23227509622877643,240,0,pre,-1,3.0,768,0.0204537274117,0.0239534041021,0.0462720373641,0.953727962636,1.04358167225,0,0,0,0.00391518193207,132,2.00000036776,2.00000022204,7.2863481597e-08
128,0.23227509622877643,240,0,post,0,1.5,384,0.0136681764759,0.015488386421,0.0273704551667,0.980903707587,1.02737045517,0,0,0,0.00391518193207,132,2.00000036776,2.00000022204,7.2863481597e-08
128,0.23227509622877643,240,0,post,0,3.0,768,0.0204537274117,0.0239534041021,0.0462720373641,0.953727962636,1.04358167225,0,0,0,0.00391518193207,132,2.00000036776,2.00000022204,7.2863481597e-08
128,0.25256113083390974,260,0,pre,-1,1.5,384,0.0133137826139,0.0151888374063,0.0252698054809,0.979691280973,1.02526980548,0,0,0,0.00413442436611,132,2.00000042069,2.00000022875,9.59681808612e-08
128,0.25256113083390974,260,0,pre,-1,3.0,768,0.0204006751426,0.024028759019,0.0473599341529,0.952640065847,1.0427750101,0,0,0,0.00413442436611,132,2.00000042069,2.00000022875,9.59681808612e-08
128,0.25256113083390974,260,0,post,0,1.5,384,0.0133137826139,0.0151888374063,0.0252698054809,0.979691280973,1.02526980548,0,0,0,0.00413442436611,132,2.00000042069,2.00000022875,9.59681808612e-08
128,0.25256113083390974,260,0,post,0,3.0,768,0.0204006751426,0.024028759019,0.0473599341529,0.952640065847,1.0427750101,0,0,0,0.00413442436611,132,2.00000042069,2.00000022875,9.59681808612e-08
128,0.27284716543904308,280,0,pre,-1,1.5,384,0.0127951918935,0.0146890109891,0.0233021543818,0.979472545448,1.02330215438,0,0,0,0.00415759365018,132,2.0000004661,2.00000023024,1.17927577672e-07
128,0.27284716543904308,280,0,pre,-1,3.0,768,0.0199461331098,0.0235869676425,0.0472267386968,0.952773261303,1.04106012378,0,0,0,0.00415759365018,132,2.0000004661,2.00000023024,1.17927577672e-07
128,0.27284716543904308,280,0,post,0,1.5,384,0.0127951918935,0.0146890109891,0.0233021543818,0.979472545448,1.02330215438,0,0,0,0.00415759365018,132,2.0000004661,2.00000023024,1.17927577672e-07
128,0.27284716543904308,280,0,post,0,3.0,768,0.0199461331098,0.0235869676425,0.0472267386968,0.952773261303,1.04106012378,0,0,0,0.00415759365018,132,2.0000004661,2.00000023024,1.17927577672e-07
128,0.29313320004417637,300,0,pre,-1,1.5,384,0.012118143761,0.0139420280416,0.0215633233583,0.980266058479,1.02156332336,0,0,0,0.00399206609175,132,2.00000050564,2.00000023041,1.37610714513e-07
128,0.29313320004417637,300,0,pre,-1,3.0,768,0.0191088622368,0.0226398119105,0.0459005549622,0.954099445038,1.03874335114,0,0,0,0.00399206609175,132,2.00000050564,2.00000023041,1.37610714513e-07
128,0.29313320004417637,300,0,post,0,1.5,384,0.012118143761,0.0139420280416,0.0215633233583,0.980266058479,1.02156332336,0,0,0,0.00399206609175,132,2.00000050564,2.00000023041,1.37610714513e-07
128,0.29313320004417637,300,0,post,0,3.0,768,0.0191088622368,0.0226398119105,0.0459005549622,0.954099445038,1.03874335114,0,0,0,0.00399206609175,132,2.00000050564,2.00000023041,1.37610714513e-07
128,0.31341923464930965,320,0,pre,-1,1.5,384,0.0112805745787,0.0129431584925,0.0199622556807,0.981952280755,1.01996225568,0,0,0,0.00366393385655,132,2.00000052878,2.00000023041,1.49183467934e-07
128,0.31341923464930965,320,0,pre,-1,3.0,768,0.0179057504004,0.0212139364943,0.0434141630861,0.956585836914,1.03597728266,0,0,0,0.00366393385655,132,2.00000052878,2.00000023041,1.49183467934e-07
128,0.31341923464930965,320,0,post,0,1.5,384,0.0112805745787,0.0129431584925,0.0199622556807,0.981952280755,1.01996225568,0,0,0,0.00366393385655,132,2.00000052878,2.00000023041,1.49183467934e-07
128,0.31341923464930965,320,0,post,0,3.0,768,0.0179057504004,0.0212139364943,0.0434141630861,0.956585836914,1.03597728266,0,0,0,0.00366393385655,132,2.00000052878,2.00000023041,1.49183467934e-07
128,0.33370526925444299,340,0,pre,-1,1.5,384,0.010288217424,0.0117337040629,0.018380848608,0.984300222228,1.01838084861,0,0,0,0.00309010857917,136,2.00000056817,2.00000022945,1.69361559331e-07
128,0.33370526925444299,340,0,pre,-1,3.0,768,0.0163814847921,0.0193717566115,0.0399091444323,0.960090855568,1.03284217297,0,0,0,0.00309010857917,136,2.00000056817,2.00000022945,1.69361559331e-07
128,0.33370526925444299,340,0,post,0,1.5,384,0.010288217424,0.0117337040629,0.018380848608,0.984300222228,1.01838084861,0,0,0,0.00309010857917,136,2.00000056817,2.00000022945,1.69361559331e-07
128,0.33370526925444299,340,0,post,0,3.0,768,0.0163814847921,0.0193717566115,0.0399091444323,0.960090855568,1.03284217297,0,0,0,0.00309010857917,136,2.00000056817,2.00000022945,1.69361559331e-07
128,0.35399130385957628,360,0,pre,-1,1.5,384,0.00914126662078,0.0103411765729,0.0167078826724,0.986109158689,1.01670788267,0,0,0,0.00246601340064,136,2.00000058828,2.00000022636,1.80963321608e-07
128,0.35399130385957628,360,0,pre,-1,3.0,768,0.0145745793687,0.0171823256572,0.0355471963829,0.964452803617,1.029365812,0,0,0,0.00246601340064,136,2.00000058828,2.00000022636,1.80963321608e-07
128,0.35399130385957628,360,0,post,0,1.5,384,0.00914126662078,0.0103411765729,0.0167078826724,0.986109158689,1.01670788267,0,0,0,0.00246601340064,136,2.00000058828,2.00000022636,1.80963321608e-07
128,0.35399130385957628,360,0,post,0,3.0,768,0.0145745793687,0.0171823256572,0.0355471963829,0.964452803617,1.029365812,0,0,0,0.00246601340064,136,2.00000058828,2.00000022636,1.80963321608e-07
128,0.37427733846470956,380,0,pre,-1,1.5,384,0.00788016817334,0.0088363812295,0.0148575739642,0.986714533312,1.01485757396,0,0,0,0.00187759681159,136,2.0000006258,2.0000002216,2.02100427539e-07
128,0.37427733846470956,380,0,pre,-1,3.0,768,0.0125584039963,0.0147439116542,0.0305003843303,0.96949961567,1.02558092503,0,0,0,0.00187759681159,136,2.0000006258,2.0000002216,2.02100427539e-07
128,0.37427733846470956,380,0,post,0,1.5,384,0.00788016817334,0.0088363812295,0.0148575739642,0.986714533312,1.01485757396,0,0,0,0.00187759681159,136,2.0000006258,2.0000002216,2.02100427539e-07
128,0.37427733846470956,380,0,post,0,3.0,768,0.0125584039963,0.0147439116542,0.0305003843303,0.96949961567,1.02558092503,0,0,0,0.00187759681159,136,2.0000006258,2.0000002216,2.02100427539e-07
128,0.3945633730698429,400,0,pre,-1,1.5,384,0.00655156146928,0.00730950746854,0.0127770893858,0.987382479631,1.01277708939,0,0,0,0.00132123632084,135,2.00000067933,2.00000021534,2.31994158218e-07
128,0.3945633730698429,400,0,pre,-1,3.0,768,0.0104247179514,0.0121833856775,0.0249757867311,0.975024213269,1.02153101536,0,0,0,0.00132123632084,135,2.00000067933,2.00000021534,2.31994158218e-07
128,0.3945633730698429,400,0,post,0,1.5,384,0.00655156146928,0.00730950746854,0.0127770893858,0.987382479631,1.01277708939,0,0,0,0.00132123632084,135,2.00000067933,2.00000021534,2.31994158218e-07
128,0.3945633730698429,400,0,post,0,3.0,768,0.0104247179514,0.0121833856775,0.0249757867311,0.975024213269,1.02153101536,0,0,0,0.00132123632084,135,2.00000067933,2.00000021534,2.31994158218e-07
128,0.41484940767497619,420,0,pre,-1,1.5,384,0.00518639291766,0.00582259245973,0.0120186298165,0.987981370183,1.01051427925,0,0,0,0.000876871010926,135,2.00000007449,2.00000020731,-6.64134538467e-08
128,0.41484940767497619,420,0,pre,-1,3.0,768,0.00825859292561,0.00962169845319,0.0192428498061,0.980757150194,1.01732277634,0,0,0,0.000876871010926,135,2.00000007449,2.00000020731,-6.64134538467e-08
128,0.41484940767497619,420,0,post,0,1.5,384,0.00518639291766,0.00582259245973,0.0120186298165,0.987981370183,1.01051427925,0,0,0,0.000876871010926,135,2.00000007449,2.00000020731,-6.64134538467e-08
128,0.41484940767497619,420,0,post,0,3.0,768,0.00825859292561,0.00962169845319,0.0192428498061,0.980757150194,1.01732277634,0,0,0,0.000876871010926,135,2.00000007449,2.00000020731,-6.64134538467e-08
128,0.43513544228010947,440,0,pre,-1,1.5,388,0.00398135522588,0.00471068977957,0.0114915820608,0.988508417939,1.00823120839,0,0,0,0.000645328839475,135,2.00000089159,2.00000019889,3.46351729271e-07
128,0.43513544228010947,440,0,pre,-1,3.0,768,0.00615175469924,0.00718885696916,0.0136589857197,0.98634101428,1.01318988036,0,0,0,0.000645328839475,135,2.00000089159,2.00000019889,3.46351729271e-07
128,0.43513544228010947,440,0,post,0,1.5,388,0.00398135522588,0.00471068977957,0.0114915820608,0.988508417939,1.00823120839,0,0,0,0.000645328839475,135,2.00000089159,2.00000019889,3.46351729271e-07
128,0.43513544228010947,440,0,post,0,3.0,768,0.00615175469924,0.00718885696916,0.0136589857197,0.98634101428,1.01318988036,0,0,0,0.000645328839475,135,2.00000089159,2.00000019889,3.46351729271e-07
128,0.45542147688524282,460,0,pre,-1,1.5,384,0.00272762433201,0.00369100751285,0.0107833857512,0.989216614249,1.0060201461,0,0,0,0.000914797225668,135,1.99999974064,2.00000018974,-2.24549848395e-07
128,0.45542147688524282,460,0,pre,-1,3.0,768,0.00419444896764,0.00505810493154,0.0107833857512,0.989216614249,1.00930179131,0,0,0,0.000914797225668,135,1.99999974064,2.00000018974,-2.24549848395e-07
128,0.45542147688524282,460,0,post,0,1.5,384,0.00272762433201,0.00369100751285,0.0107833857512,0.989216614249,1.0060201461,0,0,0,0.000914797225668,135,1.99999974064,2.00000018974,-2.24549848395e-07
128,0.45542147688524282,460,0,post,0,3.0,768,0.00419444896764,0.00505810493154,0.0107833857512,0.989216614249,1.00930179131,0,0,0,0.000914797225668,135,1.99999974064,2.00000018974,-2.24549848395e-07
128,0.4757075114903761,480,0,pre,-1,1.5,392,0.00223427603455,0.00325207207829,0.0100320207869,0.989967979213,1.00728942806,0,0,0,0.00094398332857,132,1.99999992881,2.00000018636,-1.28770440747e-07
128,0.4757075114903761,480,0,pre,-1,3.0,768,0.00275191642324,0.00342316357325,0.0100320207869,0.989967979213,1.00728942806,0,0,0,0.00094398332857,132,1.99999992881,2.00000018636,-1.28770440747e-07
128,0.4757075114903761,480,0,post,0,1.5,392,0.00223427603455,0.00325207207829,0.0100320207869,0.989967979213,1.00728942806,0,0,0,0.00094398332857,132,1.99999992881,2.00000018636,-1.28770440747e-07
128,0.4757075114903761,480,0,post,0,3.0,768,0.00275191642324,0.00342316357325,0.0100320207869,0.989967979213,1.00728942806,0,0,0,0.00094398332857,132,1.99999992881,2.00000018636,-1.28770440747e-07
128,0.49599354609550939,500,0,pre,-1,1.5,376,0.0023405022229,0.00296214988245,0.00846529693191,0.991534703068,1.00697500699,0,0,0,0.00066747746643,132,2.00000024133,2.00000017802,3.16538280723e-08
128,0.49599354609550939,500,0,pre,-1,3.0,768,0.00193120556256,0.00248584190263,0.00846529693191,0.991534703068,1.00697500699,0,0,0,0.00066747746643,132,2.00000024133,2.00000017802,3.16538280723e-08
128,0.49599354609550939,500,0,post,0,1.5,376,0.0023405022229,0.00296214988245,0.00846529693191,0.991534703068,1.00697500699,0,0,0,0.00066747746643,132,2.00000024133,2.00000017802,3.16538280723e-08
128,0.49599354609550939,500,0,post,0,3.0,768,0.00193120556256,0.00248584190263,0.00846529693191,0.991534703068,1.00697500699,0,0,0,0.00066747746643,132,2.00000024133,2.00000017802,3.16538280723e-08
128,0.51627958070064262,520,0,pre,-1,1.5,384,0.00225549857248,0.00279861756897,0.00694514890393,0.993054851096,1.0062362617,0,0,0,0.000850277678076,132,2.00000030855,2.00000016965,6.9453753075e-08
128,0.51627958070064262,520,0,pre,-1,3.0,768,0.00180190022504,0.00236987026665,0.00694514890393,0.993054851096,1.0062362617,0,0,0,0.000850277678076,132,2.00000030855,2.00000016965,6.9453753075e-08
128,0.51627958070064262,520,0,post,0,1.5,384,0.00225549857248,0.00279861756897,0.00694514890393,0.993054851096,1.0062362617,0,0,0,0.000850277678076,132,2.00000030855,2.00000016965,6.9453753075e-08
128,0.51627958070064262,520,0,post,0,3.0,768,0.00180190022504,0.00236987026665,0.00694514890393,0.993054851096,1.0062362617,0,0,0,0.000850277678076,132,2.00000030855,2.00000016965,6.9453753075e-08
128,0.53656561530577596,540,0,pre,-1,1.5,384,0.00217073694773,0.00262216471425,0.0062612805819,0.994856482715,1.00626128058,0,0,0,0.00100528376458,132,2.00000036085,2.00000016267,9.90921863905e-08
128,0.53656561530577596,540,0,pre,-1,3.0,768,0.00217044380112,0.00257322624152,0.0062612805819,0.993962095358,1.00626128058,0,0,0,0.00100528376458,132,2.00000036085,2.00000016267,9.90921863905e-08
128,0.53656561530577596,540,0,post,0,1.5,384,0.00217073694773,0.00262216471425,0.0062612805819,0.994856482715,1.00626128058,0,0,0,0.00100528376458,132,2.00000036085,2.00000016267,9.90921863905e-08
128,0.53656561530577596,540,0,post,0,3.0,768,0.00217044380112,0.00257322624152,0.0062612805819,0.993962095358,1.00626128058,0,0,0,0.00100528376458,132,2.00000036085,2.00000016267,9.90921863905e-08
128,0.5568516499109093,560,0,pre,-1,1.5,384,0.0019876899221,0.00239563540839,0.00668921741791,0.995395531909,1.00668921742,0,0,0,0.00105207958029,132,2.00000041352,2.00000015699,1.28265717971e-07
128,0.5568516499109093,560,0,pre,-1,3.0,768,0.00230633267099,0.00269097805137,0.00668921741791,0.994170060079,1.00668921742,0,0,0,0.00105207958029,132,2.00000041352,2.00000015699,1.28265717971e-07
128,0.5568516499109093,560,0,post,0,1.5,384,0.0019876899221,0.00239563540839,0.00668921741791,0.995395531909,1.00668921742,0,0,0,0.00105207958029,132,2.00000041352,2.00000015699,1.28265717971e-07
128,0.5568516499109093,560,0,post,0,3.0,768,0.00230633267099,0.00269097805137,0.00668921741791,0.994170060079,1.00668921742,0,0,0,0.00105207958029,132,2.00000041352,2.00000015699,1.28265717971e-07
128,0.57713768451604253,580,0,pre,-1,1.5,384,0.00171421265548,0.00214352176245,0.00712167406888,0.995894904529,1.00712167407,0,0,0,0.0010028143496,132,2.00000047136,2.00000015839,1.56482678634e-07
128,0.57713768451604253,580,0,pre,-1,3.0,768,0.00218159920813,0.00258396966878,0.00712167406888,0.994487876269,1.00712167407,0,0,0,0.0010028143496,132,2.00000047136,2.00000015839,1.56482678634e-07
128,0.57713768451604253,580,0,post,0,1.5,384,0.00171421265548,0.00214352176245,0.00712167406888,0.995894904529,1.00712167407,0,0,0,0.0010028143496,132,2.00000047136,2.00000015839,1.56482678634e-07
128,0.57713768451604253,580,0,post,0,3.0,768,0.00218159920813,0.00258396966878,0.00712167406888,0.994487876269,1.00712167407,0,0,0,0.0010028143496,132,2.00000047136,2.00000015839,1.56482678634e-07
128,0.59742371912117587,600,0,pre,-1,1.5,384,0.00139502390614,0.00183127628514,0.0073293362563,0.996256723198,1.00732933626,0,0,0,0.000881803934972,132,2.00000051013,2.00000015857,1.75782140673e-07
128,0.59742371912117587,600,0,pre,-1,3.0,768,0.00182326251277,0.00220691252185,0.0073293362563,0.99483748805,1.00732933626,0,0,0,0.000881803934972,132,2.00000051013,2.00000015857,1.75782140673e-07
128,0.59742371912117587,600,0,post,0,1.5,384,0.00139502390614,0.00183127628514,0.0073293362563,0.996256723198,1.00732933626,0,0,0,0.000881803934972,132,2.00000051013,2.00000015857,1.75782140673e-07
128,0.59742371912117587,600,0,post,0,3.0,768,0.00182326251277,0.00220691252185,0.0073293362563,0.99483748805,1.00732933626,0,0,0,0.000881803934972,132,2.00000051013,2.00000015857,1.75782140673e-07
128,0.61770975372630921,620,0,pre,-1,1.5,384,0.000997879887551,0.00147428570343,0.00730017772784,0.99647388791,1.00730017773,0,0,0,0.000713886396356,132,2.00000053893,2.0000001586,1.90165671229e-07
128,0.61770975372630921,620,0,pre,-1,3.0,768,0.0012252713614,0.00162563423614,0.00730017772784,0.995176006908,1.00730017773,0,0,0,0.000713886396356,132,2.00000053893,2.0000001586,1.90165671229e-07
128,0.61770975372630921,620,0,post,0,1.5,384,0.000997879887551,0.00147428570343,0.00730017772784,0.99647388791,1.00730017773,0,0,0,0.000713886396356,132,2.00000053893,2.0000001586,1.90165671229e-07
128,0.61770975372630921,620,0,post,0,3.0,768,0.0012252713614,0.00162563423614,0.00730017772784,0.995176006908,1.00730017773,0,0,0,0.000713886396356,132,2.00000053893,2.0000001586,1.90165671229e-07
128,0.63799578833144244,640,0,pre,-1,1.5,384,0.000743796685532,0.00126545255362,0.00707560314572,0.996592341382,1.00707560315,0,0,0,0.000489194256872,136,2.00000062247,2.00000015892,2.31776453598e-07
128,0.63799578833144244,640,0,pre,-1,3.0,768,0.000827148316529,0.00123942748848,0.00707560314572,0.995459012609,1.00707560315,0,0,0,0.000489194256872,136,2.00000062247,2.00000015892,2.31776453598e-07
128,0.63799578833144244,640,0,post,0,1.5,384,0.000743796685532,0.00126545255362,0.00707560314572,0.996592341382,1.00707560315,0,0,0,0.000489194256872,136,2.00000062247,2.00000015892,2.31776453598e-07
128,0.63799578833144244,640,0,post,0,3.0,768,0.000827148316529,0.00123942748848,0.00707560314572,0.995459012609,1.00707560315,0,0,0,0.000489194256872,136,2.00000062247,2.00000015892,2.31776453598e-07
128,0.65828182293657578,660,0,pre,-1,1.5,384,0.00116416251781,0.00155765284946,0.00689414206413,0.996601636172,1.00689414206,0,0,0,0.000280983233358,136,2.00000068144,2.00000016129,2.60073007028e-07
128,0.65828182293657578,660,0,pre,-1,3.0,768,0.00148664101399,0.00185722026968,0.00689414206413,0.995558739938,1.00689414206,0,0,0,0.000280983233358,136,2.00000068144,2.00000016129,2.60073007028e-07
128,0.65828182293657578,660,0,post,0,1.5,384,0.00116416251781,0.00155765284946,0.00689414206413,0.996601636172,1.00689414206,0,0,0,0.000280983233358,136,2.00000068144,2.00000016129,2.60073007028e-07
128,0.65828182293657578,660,0,post,0,3.0,768,0.00148664101399,0.00185722026968,0.00689414206413,0.995558739938,1.00689414206,0,0,0,0.000280983233358,136,2.00000068144,2.00000016129,2.60073007028e-07
128,0.67856785754170912,680,0,pre,-1,1.5,384,0.00195371578648,0.00232692111743,0.00686304831939,0.995342721572,1.00686304832,0,0,0,0.000224264441206,136,2.00000066213,2.00000016484,2.48645377333e-07
128,0.67856785754170912,680,0,pre,-1,3.0,768,0.00270814439271,0.00318459804619,0.00686304831939,0.995342721572,1.00686304832,0,0,0,0.000224264441206,136,2.00000066213,2.00000016484,2.48645377333e-07
128,0.67856785754170912,680,0,post,0,1.5,384,0.00195371578648,0.00232692111743,0.00686304831939,0.995342721572,1.00686304832,0,0,0,0.000224264441206,136,2.00000066213,2.00000016484,2.48645377333e-07
128,0.67856785754170912,680,0,post,0,3.0,768,0.00270814439271,0.00318459804619,0.00686304831939,0.995342721572,1.00686304832,0,0,0,0.000224264441206,136,2.00000066213,2.00000016484,2.48645377333e-07
128,0.69885389214684235,700,0,pre,-1,1.5,384,0.00286818766548,0.00332200670932,0.00690361560961,0.994028903815,1.00690361561,0,0,0,0.000534202416226,136,2.00000043478,2.0000001694,1.32690601481e-07
128,0.69885389214684235,700,0,pre,-1,3.0,768,0.00407521995974,0.00477018654628,0.00967816780805,0.993175371508,1.00967816781,0,0,0,0.000534202416226,136,2.00000043478,2.0000001694,1.32690601481e-07
128,0.69885389214684235,700,0,post,0,1.5,384,0.00286818766548,0.00332200670932,0.00690361560961,0.994028903815,1.00690361561,0,0,0,0.000534202416226,136,2.00000043478,2.0000001694,1.32690601481e-07
128,0.69885389214684235,700,0,post,0,3.0,768,0.00407521995974,0.00477018654628,0.00967816780805,0.993175371508,1.00967816781,0,0,0,0.000534202416226,136,2.00000043478,2.0000001694,1.32690601481e-07
128,0.71913992675197569,720,0,pre,-1,1.5,382,0.00387438055056,0.00444065722906,0.00745187002767,0.992548129972,1.00717426274,0,0,0,0.000803724707591,136,2.00000056185,2.00000017483,1.93509261241e-07
128,0.71913992675197569,720,0,pre,-1,3.0,768,0.00551667770672,0.00645533192543,0.0131327087477,0.990060827475,1.01313270875,0,0,0,0.000803724707591,136,2.00000056185,2.00000017483,1.93509261241e-07
128,0.71913992675197569,720,0,post,0,1.5,382,0.00387438055056,0.00444065722906,0.00745187002767,0.992548129972,1.00717426274,0,0,0,0.000803724707591,136,2.00000056185,2.00000017483,1.93509261241e-07
128,0.71913992675197569,720,0,post,0,3.0,768,0.00551667770672,0.00645533192543,0.0131327087477,0.990060827475,1.01313270875,0,0,0,0.000803724707591,136,2.00000056185,2.00000017483,1.93509261241e-07
128,0.73942596135710903,740,0,pre,-1,1.5,380,0.00493214511857,0.00561822688866,0.00961087023025,0.99038912977,1.00749572428,0,0,0,0.00100724793983,136,2.00000032127,2.00000018074,7.02646652867e-08
128,0.73942596135710903,740,0,pre,-1,3.0,768,0.00696543988691,0.00814301640515,0.0165261417302,0.986927091925,1.01652614173,0,0,0,0.00100724793983,136,2.00000032127,2.00000018074,7.02646652867e-08
128,0.73942596135710903,740,0,post,0,1.5,380,0.00493214511857,0.00561822688866,0.00961087023025,0.99038912977,1.00749572428,0,0,0,0.00100724793983,136,2.00000032127,2.00000018074,7.02646652867e-08
128,0.73942596135710903,740,0,post,0,3.0,768,0.00696543988691,0.00814301640515,0.0165261417302,0.986927091925,1.01652614173,0,0,0,0.00100724793983,136,2.00000032127,2.00000018074,7.02646652867e-08
128,0.75971199596224226,760,0,pre,-1,1.5,376,0.0060456391891,0.00683295636533,0.011968127906,0.988031872094,1.00822315127,0,0,0,0.0011374331395,136,2.00000065255,2.0000001867,2.32925617921e-07
128,0.75971199596224226,760,0,pre,-1,3.0,768,0.00836963287063,0.00976114861218,0.0196872105895,0.983892461739,1.01968721059,0,0,0,0.0011374331395,136,2.00000065255,2.0000001867,2.32925617921e-07
128,0.75971199596224226,760,0,post,0,1.5,376,0.0060456391891,0.00683295636533,0.011968127906,0.988031872094,1.00822315127,0,0,0,0.0011374331395,136,2.00000065255,2.0000001867,2.32925617921e-07
128,0.75971199596224226,760,0,post,0,3.0,768,0.00836963287063,0.00976114861218,0.0196872105895,0.983892461739,1.01968721059,0,0,0,0.0011374331395,136,2.00000065255,2.0000001867,2.32925617921e-07
128,0.7799980305673756,780,0,pre,-1,1.5,384,0.00701493707813,0.00795420363408,0.0143047378779,0.985695262122,1.0093972511,0,0,0,0.000990572260903,152,2.00000062349,2.00000019149,2.15997959266e-07
128,0.7799980305673756,780,0,pre,-1,3.0,768,0.00972466316777,0.0112678046567,0.0225037013222,0.981093028305,1.02250370132,0,0,0,0.000990572260903,152,2.00000062349,2.00000019149,2.15997959266e-07
128,0.7799980305673756,780,0,post,0,1.5,384,0.00701493707813,0.00795420363408,0.0143047378779,0.985695262122,1.0093972511,0,0,0,0.000990572260903,152,2.00000062349,2.00000019149,2.15997959266e-07
128,0.7799980305673756,780,0,post,0,3.0,768,0.00972466316777,0.0112678046567,0.0225037013222,0.981093028305,1.02250370132,0,0,0,0.000990572260903,152,2.00000062349,2.00000019149,2.15997959266e-07
128,0.80028406517250894,800,0,pre,-1,1.5,392,0.00803386392151,0.00931855510087,0.0196361376011,0.987258859625,1.0196361376,0,0,0,0.000793996265058,132,2.00000021737,2.00000019599,1.06919214108e-08
128,0.80028406517250894,800,0,pre,-1,3.0,768,0.0109862731801,0.012639100157,0.0248164916241,0.978603523614,1.02481649162,0,0,0,0.000793996265058,132,2.00000021737,2.00000019599,1.06919214108e-08
128,0.80028406517250894,800,0,post,0,1.5,392,0.00803386392151,0.00931855510087,0.0196361376011,0.987258859625,1.0196361376,0,0,0,0.000793996265058,132,2.00000021737,2.00000019599,1.06919214108e-08
128,0.80028406517250894,800,0,post,0,3.0,768,0.0109862731801,0.012639100157,0.0248164916241,0.978603523614,1.02481649162,0,0,0,0.000793996265058,132,2.00000021737,2.00000019599,1.06919214108e-08
128,0.82057009977764217,820,0,pre,-1,1.5,383,0.00839659763921,0.00966754832714,0.0202745973452,0.98934922032,1.02027459735,0,0,0,0.00110673893634,132,2.00000025726,2.00000019722,3.00200727982e-08
128,0.82057009977764217,820,0,pre,-1,3.0,768,0.0117616859025,0.0135515229482,0.0265980837222,0.976581125633,1.02659808372,0,0,0,0.00110673893634,132,2.00000025726,2.00000019722,3.00200727982e-08
128,0.82057009977764217,820,0,post,0,1.5,383,0.00839659763921,0.00966754832714,0.0202745973452,0.98934922032,1.02027459735,0,0,0,0.00110673893634,132,2.00000025726,2.00000019722,3.00200727982e-08
128,0.82057009977764217,820,0,post,0,3.0,768,0.0117616859025,0.0135515229482,0.0265980837222,0.976581125633,1.02659808372,0,0,0,0.00110673893634,132,2.00000025726,2.00000019722,3.00200727982e-08
128,0.84085613438277551,840,0,pre,-1,1.5,376,0.00858026441889,0.00981858466603,0.0202563029926,0.989306125791,1.02025630299,0,0,0,0.00142544414821,132,2.00000027261,2.00000020017,3.62216655943e-08
128,0.84085613438277551,840,0,pre,-1,3.0,768,0.0122404312002,0.0141373340543,0.0278166388559,0.975002843712,1.02781663886,0,0,0,0.00142544414821,132,2.00000027261,2.00000020017,3.62216655943e-08
128,0.84085613438277551,840,0,post,0,1.5,376,0.00858026441889,0.00981858466603,0.0202563029926,0.989306125791,1.02025630299,0,0,0,0.00142544414821,132,2.00000027261,2.00000020017,3.62216655943e-08
128,0.84085613438277551,840,0,post,0,3.0,768,0.0122404312002,0.0141373340543,0.0278166388559,0.975002843712,1.02781663886,0,0,0,0.00142544414821,132,2.00000027261,2.00000020017,3.62216655943e-08
128,0.86114216898790885,860,0,pre,-1,1.5,376,0.00858709365205,0.0097589164639,0.0196785761148,0.989495374622,1.01967857611,0,0,0,0.00163906155651,132,2.00000027543,2.00000019989,3.77711242281e-08
128,0.86114216898790885,860,0,pre,-1,3.0,768,0.0124612302025,0.0144227605399,0.0282621817559,0.973994104994,1.02826218176,0,0,0,0.00163906155651,132,2.00000027543,2.00000019989,3.77711242281e-08
128,0.86114216898790885,860,0,post,0,1.5,376,0.00858709365205,0.0097589164639,0.0196785761148,0.989495374622,1.01967857611,0,0,0,0.00163906155651,132,2.00000027543,2.00000019989,3.77711242281e-08
128,0.86114216898790885,860,0,post,0,3.0,768,0.0124612302025,0.0144227605399,0.0282621817559,0.973994104994,1.02826218176,0,0,0,0.00163906155651,132,2.00000027543,2.00000019989,3.77711242281e-08
128,0.88142820359304208,880,0,pre,-1,1.5,376,0.00844909810905,0.00955261998789,0.0188145462262,0.989785733091,1.01881454623,0,0,0,0.00173702677042,132,2.00000027525,2.00000019991,3.76702822363e-08
128,0.88142820359304208,880,0,pre,-1,3.0,768,0.0124366550395,0.014418282761,0.028078445771,0.973600603653,1.02807844577,0,0,0,0.00173702677042,132,2.00000027525,2.00000019991,3.76702822363e-08
128,0.88142820359304208,880,0,post,0,1.5,376,0.00844909810905,0.00955261998789,0.0188145462262,0.989785733091,1.01881454623,0,0,0,0.00173702677042,132,2.00000027525,2.00000019991,3.76702822363e-08
128,0.88142820359304208,880,0,post,0,3.0,768,0.0124366550395,0.014418282761,0.028078445771,0.973600603653,1.02807844577,0,0,0,0.00173702677042,132,2.00000027525,2.00000019991,3.76702822363e-08
128,0.90171423819817542,900,0,pre,-1,1.5,377,0.00818013355923,0.00921646022488,0.0178305271016,0.99000230333,1.0178305271,0,0,0,0.00173574536412,132,2.00000027841,2.00000019994,3.92307580503e-08
128,0.90171423819817542,900,0,pre,-1,3.0,768,0.0121849029558,0.0141428973595,0.0273757194028,0.973800021542,1.0273757194,0,0,0,0.00173574536412,132,2.00000027841,2.00000019994,3.92307580503e-08
128,0.90171423819817542,900,0,post,0,1.5,377,0.00818013355923,0.00921646022488,0.0178305271016,0.99000230333,1.0178305271,0,0,0,0.00173574536412,132,2.00000027841,2.00000019994,3.92307580503e-08
128,0.90171423819817542,900,0,post,0,3.0,768,0.0121849029558,0.0141428973595,0.0273757194028,0.973800021542,1.0273757194,0,0,0,0.00173574536412,132,2.00000027841,2.00000019994,3.92307580503e-08
128,0.92200027280330876,920,0,pre,-1,1.5,378,0.00780579355622,0.00877173221099,0.0168023665363,0.990386188433,1.01680236654,0,0,0,0.00165074445357,132,2.00000027942,2.00000019995,3.9737632764e-08
128,0.92200027280330876,920,0,pre,-1,3.0,768,0.0117252540732,0.0136183567892,0.0262504806855,0.97455996132,1.02625048069,0,0,0,0.00165074445357,132,2.00000027942,2.00000019995,3.9737632764e-08
128,0.92200027280330876,920,0,post,0,1.5,378,0.00780579355622,0.00877173221099,0.0168023665363,0.990386188433,1.01680236654,0,0,0,0.00165074445357,132,2.00000027942,2.00000019995,3.9737632764e-08
128,0.92200027280330876,920,0,post,0,3.0,768,0.0117252540732,0.0136183567892,0.0262504806855,0.97455996132,1.02625048069,0,0,0,0.00165074445357,132,2.00000027942,2.00000019995,3.9737632764e-08
128,0.94228630740844199,940,0,pre,-1,1.5,379,0.00733920604158,0.00822886915796,0.0157596468509,0.990664361807,1.01575964685,0,0,0,0.00144249517409,136,2.00000027303,2.00000019989,3.65686080395e-08
128,0.94228630740844199,940,0,pre,-1,3.0,768,0.0110834890406,0.0128731411153,0.0248014563671,0.975843671887,1.02480145637,0,0,0,0.00144249517409,136,2.00000027303,2.00000019989,3.65686080395e-08
128,0.94228630740844199,940,0,post,0,1.5,379,0.00733920604158,0.00822886915796,0.0157596468509,0.990664361807,1.01575964685,0,0,0,0.00144249517409,136,2.00000027303,2.00000019989,3.65686080395e-08
128,0.94228630740844199,940,0,post,0,3.0,768,0.0110834890406,0.0128731411153,0.0248014563671,0.975843671887,1.02480145637,0,0,0,0.00144249517409,136,2.00000027303,2.00000019989,3.65686080395e-08
128,0.96257234201357533,960,0,pre,-1,1.5,379,0.00678920297741,0.00760228510425,0.0146963993924,0.990942702603,1.01469639939,0,0,0,0.00119673799125,136,2.0000002842,2.0000001988,4.26983010916e-08
128,0.96257234201357533,960,0,pre,-1,3.0,768,0.0102892099025,0.0119425030271,0.0231053232852,0.977587364188,1.02310532329,0,0,0,0.00119673799125,136,2.0000002842,2.0000001988,4.26983010916e-08
128,0.96257234201357533,960,0,post,0,1.5,379,0.00678920297741,0.00760228510425,0.0146963993924,0.990942702603,1.01469639939,0,0,0,0.00119673799125,136,2.0000002842,2.0000001988,4.26983010916e-08
128,0.96257234201357533,960,0,post,0,3.0,768,0.0102892099025,0.0119425030271,0.0231053232852,0.977587364188,1.02310532329,0,0,0,0.00119673799125,136,2.0000002842,2.0000001988,4.26983010916e-08
128,0.98285837661870867,980,0,pre,-1,1.5,377,0.00617212831188,0.00691415516984,0.0135702337197,0.991263436703,1.01357023372,0,0,0,0.000947834446654,136,2.00000030703,2.00000019686,5.50815565564e-08
128,0.98285837661870867,980,0,pre,-1,3.0,768,0.00937387474612,0.0108658239451,0.0211977478751,0.979703893271,1.02119774788,0,0,0,0.000947834446654,136,2.00000030703,2.00000019686,5.50815565564e-08
128,0.98285837661870867,980,0,post,0,1.5,377,0.00617212831188,0.00691415516984,0.0135702337197,0.991263436703,1.01357023372,0,0,0,0.000947834446654,136,2.00000030703,2.00000019686,5.50815565564e-08
128,0.98285837661870867,980,0,post,0,3.0,768,0.00937387474612,0.0108658239451,0.0211977478751,0.979703893271,1.02119774788,0,0,0,0.000947834446654,136,2.00000030703,2.00000019686,5.50815565564e-08
128,1.0031444112238419,1000,0,pre,-1,1.5,376,0.00550463933725,0.00618169903625,0.0123765978555,0.991624615745,1.01237659786,0,0,0,0.000710125470184,136,2.00000014461,2.00000019411,-2.47487664101e-08
128,1.0031444112238419,1000,0,pre,-1,3.0,768,0.00837944963595,0.00969596587708,0.019143264295,0.98208727463,1.0191432643,0,0,0,0.000710125470184,136,2.00000014461,2.00000019411,-2.47487664101e-08
128,1.0031444112238419,1000,0,post,0,1.5,376,0.00550463933725,0.00618169903625,0.0123765978555,0.991624615745,1.01237659786,0,0,0,0.000710125470184,136,2.00000014461,2.00000019411,-2.47487664101e-08
128,1.0031444112238419,1000,0,post,0,3.0,768,0.00837944963595,0.00969596587708,0.019143264295,0.98208727463,1.0191432643,0,0,0,0.000710125470184,136,2.00000014461,2.00000019411,-2.47487664101e-08
128,1.023430445828976,1020,0,pre,-1,1.5,376,0.00480666997151,0.00543953515994,0.0111205905828,0.992002438776,1.01112059058,0,0,0,0.000505700962872,136,2.00000041221,2.00000019063,1.10792080941e-07
128,1.023430445828976,1020,0,pre,-1,3.0,768,0.00734591345218,0.00848856915922,0.0169966782104,0.984637439838,1.01699667821,0,0,0,0.000505700962872,136,2.00000041221,2.00000019063,1.10792080941e-07
128,1.023430445828976,1020,0,post,0,1.5,376,0.00480666997151,0.00543953515994,0.0111205905828,0.992002438776,1.01112059058,0,0,0,0.000505700962872,136,2.00000041221,2.00000019063,1.10792080941e-07
128,1.023430445828976,1020,0,post,0,3.0,768,0.00734591345218,0.00848856915922,0.0169966782104,0.984637439838,1.01699667821,0,0,0,0.000505700962872,136,2.00000041221,2.00000019063,1.10792080941e-07
128,1.0437164804341101,1040,0,pre,-1,1.5,376,0.00410266358588,0.00472755075942,0.00987917803694,0.992418291536,1.00987917804,0,0,0,0.000363944807869,136,2.00000011498,2.00000018669,-3.58565676986e-08
128,1.0437164804341101,1040,0,pre,-1,3.0,768,0.00631346080991,0.00729917985702,0.0148649839574,0.987205453415,1.01486498396,0,0,0,0.000363944807869,136,2.00000011498,2.00000018669,-3.58565676986e-08
128,1.0437164804341101,1040,0,post,0,1.5,376,0.00410266358588,0.00472755075942,0.00987917803694,0.992418291536,1.00987917804,0,0,0,0.000363944807869,136,2.00000011498,2.00000018669,-3.58565676986e-08
128,1.0437164804341101,1040,0,post,0,3.0,768,0.00631346080991,0.00729917985702,0.0148649839574,0.987205453415,1.01486498396,0,0,0,0.000363944807869,136,2.00000011498,2.00000018669,-3.58565676986e-08
128,1.064002515039244,1060,0,pre,-1,1.5,385,0.00348602774954,0.00416465231246,0.00932282385935,0.990677176141,1.00867245168,0,0,0,0.000344042238005,136,1.99999998481,2.00000018229,-9.87426971227e-08
128,1.064002515039244,1060,0,pre,-1,3.0,768,0.00532385931867,0.0061888625199,0.0128060956863,0.989661377033,1.01280609569,0,0,0,0.000344042238005,136,1.99999998481,2.00000018229,-9.87426971227e-08
128,1.064002515039244,1060,0,post,0,1.5,385,0.00348602774954,0.00416465231246,0.00932282385935,0.990677176141,1.00867245168,0,0,0,0.000344042238005,136,1.99999998481,2.00000018229,-9.87426971227e-08
128,1.064002515039244,1060,0,post,0,3.0,768,0.00532385931867,0.0061888625199,0.0128060956863,0.989661377033,1.01280609569,0,0,0,0.000344042238005,136,1.99999998481,2.00000018229,-9.87426971227e-08
128,1.0842885496443782,1080,0,pre,-1,1.5,400,0.00305026434928,0.00388225846223,0.00996411515929,0.991219573325,1.00996411516,0,0,0,0.000551823008515,143,2.00000034677,2.00000017797,8.44006058767e-08
128,1.0842885496443782,1080,0,pre,-1,3.0,768,0.00443105327797,0.00522201100719,0.0109365906208,0.991219573325,1.01093659062,0,0,0,0.000551823008515,143,2.00000034677,2.00000017797,8.44006058767e-08
128,1.0842885496443782,1080,0,post,0,1.5,400,0.00305026434928,0.00388225846223,0.00996411515929,0.991219573325,1.00996411516,0,0,0,0.000551823008515,143,2.00000034677,2.00000017797,8.44006058767e-08
128,1.0842885496443782,1080,0,post,0,3.0,768,0.00443105327797,0.00522201100719,0.0109365906208,0.991219573325,1.01093659062,0,0,0,0.000551823008515,143,2.00000034677,2.00000017797,8.44006058767e-08
128,1.1045745842495123,1100,0,pre,-1,1.5,381,0.00251877223962,0.00320324638184,0.0106852224871,0.992255129581,1.01068522249,0,0,0,0.000332951545707,132,2.00000025968,2.00000017603,4.18228685954e-08
128,1.1045745842495123,1100,0,pre,-1,3.0,768,0.00361241674225,0.00434713897751,0.0106852224871,0.992255129581,1.01068522249,0,0,0,0.000332951545707,132,2.00000025968,2.00000017603,4.18228685954e-08
128,1.1045745842495123,1100,0,post,0,1.5,381,0.00251877223962,0.00320324638184,0.0106852224871,0.992255129581,1.01068522249,0,0,0,0.000332951545707,132,2.00000025968,2.00000017603,4.18228685954e-08
128,1.1045745842495123,1100,0,post,0,3.0,768,0.00361241674225,0.00434713897751,0.0106852224871,0.992255129581,1.01068522249,0,0,0,0.000332951545707,132,2.00000025968,2.00000017603,4.18228685954e-08
128,1.1248606188546462,1120,0,pre,-1,1.5,376,0.00204854968748,0.00269173862656,0.0102286346377,0.993299569388,1.01022863464,0,0,0,0.000299567417986,132,2.00000025152,2.00000017676,3.73801614376e-08
128,1.1248606188546462,1120,0,pre,-1,3.0,768,0.00295601067621,0.00361668744358,0.0102286346377,0.993299569388,1.01022863464,0,0,0,0.000299567417986,132,2.00000025152,2.00000017676,3.73801614376e-08
128,1.1248606188546462,1120,0,post,0,1.5,376,0.00204854968748,0.00269173862656,0.0102286346377,0.993299569388,1.01022863464,0,0,0,0.000299567417986,132,2.00000025152,2.00000017676,3.73801614376e-08
128,1.1248606188546462,1120,0,post,0,3.0,768,0.00295601067621,0.00361668744358,0.0102286346377,0.993299569388,1.01022863464,0,0,0,0.000299567417986,132,2.00000025152,2.00000017676,3.73801614376e-08
128,1.1451466534597803,1140,0,pre,-1,1.5,376,0.00173303033699,0.00234902811972,0.00994186279841,0.994093801905,1.0099418628,0,0,0,0.000343270896832,131,2.0000002544,2.00000017699,3.87023161463e-08
128,1.1451466534597803,1140,0,pre,-1,3.0,768,0.00249553583531,0.00309983438006,0.00994186279841,0.993606645821,1.0099418628,0,0,0,0.000343270896832,131,2.0000002544,2.00000017699,3.87023161463e-08
128,1.1451466534597803,1140,0,post,0,1.5,376,0.00173303033699,0.00234902811972,0.00994186279841,0.994093801905,1.0099418628,0,0,0,0.000343270896832,131,2.0000002544,2.00000017699,3.87023161463e-08
128,1.1451466534597803,1140,0,post,0,3.0,768,0.00249553583531,0.00309983438006,0.00994186279841,0.993606645821,1.0099418628,0,0,0,0.000343270896832,131,2.0000002544,2.00000017699,3.87023161463e-08
128,1.1654326880649144,1160,0,pre,-1,1.5,376,0.00155606509931,0.00214975411464,0.00989026393944,0.994731719373,1.00989026394,0,0,0,0.000366732269639,132,2.00000026991,2.00000017712,4.63929655795e-08
128,1.1654326880649144,1160,0,pre,-1,3.0,768,0.00221685796556,0.0027867264427,0.00989026393944,0.993633138656,1.00989026394,0,0,0,0.000366732269639,132,2.00000026991,2.00000017712,4.63929655795e-08
128,1.1654326880649144,1160,0,post,0,1.5,376,0.00155606509931,0.00214975411464,0.00989026393944,0.994731719373,1.00989026394,0,0,0,0.000366732269639,132,2.00000026991,2.00000017712,4.63929655795e-08
128,1.1654326880649144,1160,0,post,0,3.0,768,0.00221685796556,0.0027867264427,0.00989026393944,0.993633138656,1.00989026394,0,0,0,0.000366732269639,132,2.00000026991,2.00000017712,4.63929655795e-08
128,1.1857187226700483,1180,0,pre,-1,1.5,376,0.00149860868198,0.00206317997187,0.00994249446295,0.99520940954,1.00994249446,0,0,0,0.000357007498109,132,2.00000028704,2.00000017725,5.48952612456e-08
128,1.1857187226700483,1180,0,pre,-1,3.0,768,0.00210672498323,0.00265562819667,0.00994249446295,0.993692968927,1.00994249446,0,0,0,0.000357007498109,132,2.00000028704,2.00000017725,5.48952612456e-08
128,1.1857187226700483,1180,0,post,0,1.5,376,0.00149860868198,0.00206317997187,0.00994249446295,0.99520940954,1.00994249446,0,0,0,0.000357007498109,132,2.00000028704,2.00000017725,5.48952612456e-08
128,1.1857187226700483,1180,0,post,0,3.0,768,0.00210672498323,0.00265562819667,0.00994249446295,0.993692968927,1.00994249446,0,0,0,0.000357007498109,132,2.00000028704,2.00000017725,5.48952612456e-08
128,1.2060047572751824,1200,0,pre,-1,1.5,376,0.00154559872535,0.00207497573684,0.0100025996752,0.995495522131,1.01000259968,0,0,0,0.000312500473151,132,2.00000030372,2.00000017732,6.3201170467e-08
128,1.2060047572751824,1200,0,pre,-1,3.0,768,0.00215482525926,0.00269071659301,0.0100025996752,0.993803433045,1.01000259968,0,0,0,0.000312500473151,132,2.00000030372,2.00000017732,6.3201170467e-08
128,1.2060047572751824,1200,0,post,0,1.5,376,0.00154559872535,0.00207497573684,0.0100025996752,0.995495522131,1.01000259968,0,0,0,0.000312500473151,132,2.00000030372,2.00000017732,6.3201170467e-08
128,1.2060047572751824,1200,0,post,0,3.0,768,0.00215482525926,0.00269071659301,0.0100025996752,0.993803433045,1.01000259968,0,0,0,0.000312500473151,132,2.00000030372,2.00000017732,6.3201170467e-08
128,1.2262907918803165,1220,0,pre,-1,1.5,376,0.00169083785134,0.00218708229885,0.0100292125065,0.995552584296,1.01002921251,0,0,0,0.000234983648805,132,2.00000032074,2.00000017736,7.16862112714e-08
128,1.2262907918803165,1220,0,pre,-1,3.0,768,0.00235449873669,0.00288995372039,0.0100292125065,0.993950037945,1.01002921251,0,0,0,0.000234983648805,132,2.00000032074,2.00000017736,7.16862112714e-08
128,1.2262907918803165,1220,0,post,0,1.5,376,0.00169083785134,0.00218708229885,0.0100292125065,0.995552584296,1.01002921251,0,0,0,0.000234983648805,132,2.00000032074,2.00000017736,7.16862112714e-08
128,1.2262907918803165,1220,0,post,0,3.0,768,0.00235449873669,0.00288995372039,0.0100292125065,0.993950037945,1.01002921251,0,0,0,0.000234983648805,132,2.00000032074,2.00000017736,7.16862112714e-08
128,1.2465768264854504,1240,0,pre,-1,1.5,376,0.00193009399417,0.00240236620746,0.0100026298363,0.995422690316,1.01000262984,0,0,0,0.00014120329685,135,2.00000033402,2.00000017736,7.83265514043e-08
128,1.2465768264854504,1240,0,pre,-1,3.0,768,0.0026992695968,0.00325295572532,0.0100026298363,0.994100608688,1.01000262984,0,0,0,0.00014120329685,135,2.00000033402,2.00000017736,7.83265514043e-08
128,1.2465768264854504,1240,0,post,0,1.5,376,0.00193009399417,0.00240236620746,0.0100026298363,0.995422690316,1.01000262984,0,0,0,0.00014120329685,135,2.00000033402,2.00000017736,7.83265514043e-08
128,1.2465768264854504,1240,0,post,0,3.0,768,0.0026992695968,0.00325295572532,0.0100026298363,0.994100608688,1.01000262984,0,0,0,0.00014120329685,135,2.00000033402,2.00000017736,7.83265514043e-08
128,1.2668628610905845,1260,0,pre,-1,1.5,376,0.00225195987694,0.00271936290547,0.0099296205251,0.995130498732,1.00992962053,0,0,0,5.44908396079e-05,136,2.00000034063,2.00000017733,8.1653623284e-08
128,1.2668628610905845,1260,0,pre,-1,3.0,768,0.00317207459502,0.00377002324166,0.0099296205251,0.994241160884,1.00992962053,0,0,0,5.44908396079e-05,136,2.00000034063,2.00000017733,8.1653623284e-08
128,1.2668628610905845,1260,0,post,0,1.5,376,0.00225195987694,0.00271936290547,0.0099296205251,0.995130498732,1.00992962053,0,0,0,5.44908396079e-05,136,2.00000034063,2.00000017733,8.1653623284e-08
128,1.2668628610905845,1260,0,post,0,3.0,768,0.00317207459502,0.00377002324166,0.0099296205251,0.994241160884,1.00992962053,0,0,0,5.44908396079e-05,136,2.00000034063,2.00000017733,8.1653623284e-08
128,1.2871488956957187,1280,0,pre,-1,1.5,376,0.00264932329769,0.00313758272951,0.0099005466052,0.994716380268,1.00990054661,0,0,0,0.000120369809421,136,2.0000003475,2.00000017725,8.51206543084e-08
128,1.2871488956957187,1280,0,pre,-1,3.0,768,0.00375103791648,0.00442247595617,0.0099005466052,0.993753837367,1.00990054661,0,0,0,0.000120369809421,136,2.0000003475,2.00000017725,8.51206543084e-08
128,1.2871488956957187,1280,0,post,0,1.5,376,0.00264932329769,0.00313758272951,0.0099005466052,0.994716380268,1.00990054661,0,0,0,0.000120369809421,136,2.0000003475,2.00000017725,8.51206543084e-08
128,1.2871488956957187,1280,0,post,0,3.0,768,0.00375103791648,0.00442247595617,0.0099005466052,0.993753837367,1.00990054661,0,0,0,0.000120369809421,136,2.0000003475,2.00000017725,8.51206543084e-08
128,1.3074349303008526,1300,0,pre,-1,1.5,376,0.0031097063113,0.00364208429467,0.00992454725234,0.993978941623,1.00992454725,0,0,0,0.000241895562099,136,2.00000032718,2.00000017717,7.50050277613e-08
128,1.3074349303008526,1300,0,pre,-1,3.0,768,0.00441155735187,0.00517789590038,0.0110101681385,0.992276541588,1.01101016814,0,0,0,0.000241895562099,136,2.00000032718,2.00000017717,7.50050277613e-08
128,1.3074349303008526,1300,0,post,0,1.5,376,0.0031097063113,0.00364208429467,0.00992454725234,0.993978941623,1.00992454725,0,0,0,0.000241895562099,136,2.00000032718,2.00000017717,7.50050277613e-08
128,1.3074349303008526,1300,0,post,0,3.0,768,0.00441155735187,0.00517789590038,0.0110101681385,0.992276541588,1.01101016814,0,0,0,0.000241895562099,136,2.00000032718,2.00000017717,7.50050277613e-08
128,1.3277209649059867,1320,0,pre,-1,1.5,376,0.00361774443656,0.00421063956611,0.0100154195365,0.992771970613,1.01001541954,0,0,0,0.000356763646738,136,2.00000035161,2.00000017706,8.7274403305e-08
128,1.3277209649059867,1320,0,pre,-1,3.0,768,0.00512364473575,0.00599802186565,0.0126359695377,0.990700282521,1.01263596954,0,0,0,0.000356763646738,136,2.00000035161,2.00000017706,8.7274403305e-08
128,1.3277209649059867,1320,0,post,0,1.5,376,0.00361774443656,0.00421063956611,0.0100154195365,0.992771970613,1.01001541954,0,0,0,0.000356763646738,136,2.00000035161,2.00000017706,8.7274403305e-08
128,1.3277209649059867,1320,0,post,0,3.0,768,0.00512364473575,0.00599802186565,0.0126359695377,0.990700282521,1.01263596954,0,0,0,0.000356763646738,136,2.00000035161,2.00000017706,8.7274403305e-08
128,1.3480069995111208,1340,0,pre,-1,1.5,376,0.00414957357087,0.0048086402271,0.0102328937415,0.991497009803,1.01023289374,0,0,0,0.000449593560333,136,2.00000035599,2.00000017724,8.937608172e-08
128,1.3480069995111208,1340,0,pre,-1,3.0,768,0.00585298948716,0.00683755667197,0.0142798893684,0.989087761581,1.01427988937,0,0,0,0.000449593560333,136,2.00000035599,2.00000017724,8.937608172e-08
128,1.3480069995111208,1340,0,post,0,1.5,376,0.00414957357087,0.0048086402271,0.0102328937415,0.991497009803,1.01023289374,0,0,0,0.000449593560333,136,2.00000035599,2.00000017724,8.937608172e-08
128,1.3480069995111208,1340,0,post,0,3.0,768,0.00585298948716,0.00683755667197,0.0142798893684,0.989087761581,1.01427988937,0,0,0,0.000449593560333,136,2.00000035599,2.00000017724,8.937608172e-08
128,1.3682930341162547,1360,0,pre,-1,1.5,376,0.00468114244311,0.00541060275591,0.0105537146084,0.990221767268,1.01055371461,0,0,0,0.000513984982341,136,2.0000002207,2.00000017979,2.04563931834e-08
128,1.3682930341162547,1360,0,pre,-1,3.0,768,0.00656736349329,0.00765638953415,0.015860945206,0.987515028659,1.01586094521,0,0,0,0.000513984982341,136,2.0000002207,2.00000017979,2.04563931834e-08
128,1.3682930341162547,1360,0,post,0,1.5,376,0.00468114244311,0.00541060275591,0.0105537146084,0.990221767268,1.01055371461,0,0,0,0.000513984982341,136,2.0000002207,2.00000017979,2.04563931834e-08
128,1.3682930341162547,1360,0,post,0,3.0,768,0.00656736349329,0.00765638953415,0.015860945206,0.987515028659,1.01586094521,0,0,0,0.000513984982341,136,2.0000002207,2.00000017979,2.04563931834e-08
128,1.3885790687213888,1380,0,pre,-1,1.5,376,0.00520584005125,0.00600459491769,0.0110467459676,0.988953254032,1.01089181411,0,0,0,0.000556616961329,136,2.00000026286,2.00000018198,4.04396665995e-08
128,1.3885790687213888,1380,0,pre,-1,3.0,768,0.00724957300741,0.00843068130872,0.0173123527201,0.986028325557,1.01731235272,0,0,0,0.000556616961329,136,2.00000026286,2.00000018198,4.04396665995e-08
128,1.3885790687213888,1380,0,post,0,1.5,376,0.00520584005125,0.00600459491769,0.0110467459676,0.988953254032,1.01089181411,0,0,0,0.000556616961329,136,2.00000026286,2.00000018198,4.04396665995e-08
128,1.3885790687213888,1380,0,post,0,3.0,768,0.00724957300741,0.00843068130872,0.0173123527201,0.986028325557,1.01731235272,0,0,0,0.000556616961329,136,2.00000026286,2.00000018198,4.04396665995e-08
128,1.4088651033265229,1400,0,pre,-1,1.5,411,0.00557049613984,0.0064002688024,0.0121981724014,0.987801827599,1.01142516338,0,0,0,0.000393988997377,132,2.00000027342,2.00000018466,4.43786164587e-08
128,1.4088651033265229,1400,0,pre,-1,3.0,768,0.00793750612643,0.0091742087305,0.0185499461011,0.984681852349,1.0185499461,0,0,0,0.000393988997377,132,2.00000027342,2.00000018466,4.43786164587e-08
128,1.4088651033265229,1400,0,post,0,1.5,411,0.00557049613984,0.0064002688024,0.0121981724014,0.987801827599,1.01142516338,0,0,0,0.000393988997377,132,2.00000027342,2.00000018466,4.43786164587e-08
128,1.4088651033265229,1400,0,post,0,3.0,768,0.00793750612643,0.0091742087305,0.0185499461011,0.984681852349,1.0185499461,0,0,0,0.000393988997377,132,2.00000027342,2.00000018466,4.43786164587e-08
128,1.4291511379316568,1420,0,pre,-1,1.5,387,0.0059160581655,0.0069316070199,0.0149228912962,0.991129489761,1.0149228913,0,0,0,0.000397431810107,132,2.00000023923,2.00000018507,2.70788262292e-08
128,1.4291511379316568,1420,0,pre,-1,3.0,768,0.00845033588059,0.00975048628688,0.0195687690072,0.983503283719,1.01956876901,0,0,0,0.000397431810107,132,2.00000023923,2.00000018507,2.70788262292e-08
128,1.4291511379316568,1420,0,post,0,1.5,387,0.0059160581655,0.0069316070199,0.0149228912962,0.991129489761,1.0149228913,0,0,0,0.000397431810107,132,2.00000023923,2.00000018507,2.70788262292e-08
128,1.4291511379316568,1420,0,post,0,3.0,768,0.00845033588059,0.00975048628688,0.0195687690072,0.983503283719,1.01956876901,0,0,0,0.000397431810107,132,2.00000023923,2.00000018507,2.70788262292e-08
128,1.4494371725367909,1440,0,pre,-1,1.5,377,0.00608783523178,0.00711238779958,0.0152685252858,0.991047354789,1.01526852529,0,0,0,0.000525228084501,132,2.00000022911,2.00000018504,2.20382105492e-08
128,1.4494371725367909,1440,0,pre,-1,3.0,768,0.00878284706276,0.0101468579847,0.0203588833679,0.982558908489,1.02035888337,0,0,0,0.000525228084501,132,2.00000022911,2.00000018504,2.20382105492e-08
128,1.4494371725367909,1440,0,post,0,1.5,377,0.00608783523178,0.00711238779958,0.0152685252858,0.991047354789,1.01526852529,0,0,0,0.000525228084501,132,2.00000022911,2.00000018504,2.20382105492e-08
128,1.4494371725367909,1440,0,post,0,3.0,768,0.00878284706276,0.0101468579847,0.0203588833679,0.982558908489,1.02035888337,0,0,0,0.000525228084501,132,2.00000022911,2.00000018504,2.20382105492e-08
128,1.4697232071419251,1460,0,pre,-1,1.5,376,0.0061618506875,0.00717667447004,0.015367381907,0.992946730561,1.01536738191,0,0,0,0.000641837364603,132,2.00000022347,2.00000018501,1.92322391319e-08
128,1.4697232071419251,1460,0,pre,-1,3.0,768,0.00898077444851,0.0103928171793,0.0208725139332,0.981886945509,1.02087251393,0,0,0,0.000641837364603,132,2.00000022347,2.00000018501,1.92322391319e-08
128,1.4697232071419251,1460,0,post,0,1.5,376,0.0061618506875,0.00717667447004,0.015367381907,0.992946730561,1.01536738191,0,0,0,0.000641837364603,132,2.00000022347,2.00000018501,1.92322391319e-08
128,1.4697232071419251,1460,0,post,0,3.0,768,0.00898077444851,0.0103928171793,0.0208725139332,0.981886945509,1.02087251393,0,0,0,0.000641837364603,132,2.00000022347,2.00000018501,1.92322391319e-08
128,1.490009241747059,1480,0,pre,-1,1.5,376,0.00615530146236,0.00714723674407,0.0152299519001,0.99299316707,1.0152299519,0,0,0,0.000717158520089,132,2.00000022211,2.00000018498,1.85653444322e-08
128,1.490009241747059,1480,0,pre,-1,3.0,768,0.00905099030941,0.0104874752813,0.0210708050589,0.981537128541,1.02107080506,0,0,0,0.000717158520089,132,2.00000022211,2.00000018498,1.85653444322e-08
128,1.490009241747059,1480,0,post,0,1.5,376,0.00615530146236,0.00714723674407,0.0152299519001,0.99299316707,1.0152299519,0,0,0,0.000717158520089,132,2.00000022211,2.00000018498,1.85653444322e-08
128,1.490009241747059,1480,0,post,0,3.0,768,0.00905099030941,0.0104874752813,0.0210708050589,0.981537128541,1.02107080506,0,0,0,0.000717158520089,132,2.00000022211,2.00000018498,1.85653444322e-08
128,1.5102952763521931,1500,0,pre,-1,1.5,376,0.00607199068639,0.00702965069408,0.0148803111997,0.993080333167,1.0148803112,0,0,0,0.000746427969444,132,2.00000022296,2.00000018498,1.89897107128e-08
128,1.5102952763521931,1500,0,pre,-1,3.0,768,0.00900000004756,0.0104359834401,0.0209588135145,0.981499932182,1.02095881351,0,0,0,0.000746427969444,132,2.00000022296,2.00000018498,1.89897107128e-08
128,1.5102952763521931,1500,0,post,0,1.5,376,0.00607199068639,0.00702965069408,0.0148803111997,0.993080333167,1.0148803112,0,0,0,0.000746427969444,132,2.00000022296,2.00000018498,1.89897107128e-08
128,1.5102952763521931,1500,0,post,0,3.0,768,0.00900000004756,0.0104359834401,0.0209588135145,0.981499932182,1.02095881351,0,0,0,0.000746427969444,132,2.00000022296,2.00000018498,1.89897107128e-08
128,1.5305813109573272,1520,0,pre,-1,1.5,376,0.00591993536443,0.00683706463906,0.0143942628471,0.993176506053,1.01439426285,0,0,0,0.000731154648334,132,2.00000022596,2.00000018499,2.04878837153e-08
128,1.5305813109573272,1520,0,pre,-1,3.0,768,0.0088348401039,0.0102489064334,0.0205901339825,0.981737796687,1.02059013398,0,0,0,0.000731154648334,132,2.00000022596,2.00000018499,2.04878837153e-08
128,1.5305813109573272,1520,0,post,0,1.5,376,0.00591993536443,0.00683706463906,0.0143942628471,0.993176506053,1.01439426285,0,0,0,0.000731154648334,132,2.00000022596,2.00000018499,2.04878837153e-08
128,1.5305813109573272,1520,0,post,0,3.0,768,0.0088348401039,0.0102489064334,0.0205901339825,0.981737796687,1.02059013398,0,0,0,0.000731154648334,132,2.00000022596,2.00000018499,2.04878837153e-08
128,1.5508673455624611,1540,0,pre,-1,1.5,376,0.00570776883773,0.00658292277528,0.0138251809584,0.993350297074,1.01382518096,0,0,0,0.000661444212412,135,2.00000022989,2.00000018498,2.24523188147e-08
128,1.5508673455624611,1540,0,pre,-1,3.0,768,0.00856627566581,0.0099411927164,0.0200082587557,0.982226981956,1.02000825876,0,0,0,0.000661444212412,135,2.00000022989,2.00000018498,2.24523188147e-08
128,1.5508673455624611,1540,0,post,0,1.5,376,0.00570776883773,0.00658292277528,0.0138251809584,0.993350297074,1.01382518096,0,0,0,0.000661444212412,135,2.00000022989,2.00000018498,2.24523188147e-08
128,1.5508673455624611,1540,0,post,0,3.0,768,0.00856627566581,0.0099411927164,0.0200082587557,0.982226981956,1.02000825876,0,0,0,0.000661444212412,135,2.00000022989,2.00000018498,2.24523188147e-08
128,1.5711533801675952,1560,0,pre,-1,1.5,376,0.00544610963817,0.00627979448283,0.0131968468382,0.993514519492,1.01319684684,0,0,0,0.000573423312504,136,2.0000002572,2.00000018497,3.61147325284e-08
128,1.5711533801675952,1560,0,pre,-1,3.0,768,0.00821083553664,0.0095315525742,0.0192440131274,0.982935042539,1.01924401313,0,0,0,0.000573423312504,136,2.0000002572,2.00000018497,3.61147325284e-08
128,1.5711533801675952,1560,0,post,0,1.5,376,0.00544610963817,0.00627979448283,0.0131968468382,0.993514519492,1.01319684684,0,0,0,0.000573423312504,136,2.0000002572,2.00000018497,3.61147325284e-08
128,1.5711533801675952,1560,0,post,0,3.0,768,0.00821083553664,0.0095315525742,0.0192440131274,0.982935042539,1.01924401313,0,0,0,0.000573423312504,136,2.0000002572,2.00000018497,3.61147325284e-08
128,1.5914394147727293,1580,0,pre,-1,1.5,376,0.00514204893273,0.00593946746409,0.0125223474573,0.99369296815,1.01252234746,0,0,0,0.000461623781543,136,2.00000026296,2.00000018497,3.89969571651e-08
128,1.5914394147727293,1580,0,pre,-1,3.0,768,0.00778701683775,0.00904127941283,0.018329188919,0.983833910945,1.01832918892,0,0,0,0.000461623781543,136,2.00000026296,2.00000018497,3.89969571651e-08
128,1.5914394147727293,1580,0,post,0,1.5,376,0.00514204893273,0.00593946746409,0.0125223474573,0.99369296815,1.01252234746,0,0,0,0.000461623781543,136,2.00000026296,2.00000018497,3.89969571651e-08
128,1.5914394147727293,1580,0,post,0,3.0,768,0.00778701683775,0.00904127941283,0.018329188919,0.983833910945,1.01832918892,0,0,0,0.000461623781543,136,2.00000026296,2.00000018497,3.89969571651e-08
128,1.6117254493778632,1600,0,pre,-1,1.5,376,0.00480745162796,0.00557715697207,0.0118155007415,0.993872772552,1.01181550074,0,0,0,0.000360939654076,136,2.00000018875,2.00000018494,1.90342435309e-09
128,1.6117254493778632,1600,0,pre,-1,3.0,768,0.00731416056084,0.00849374248353,0.0173047441589,0.984891826024,1.01730474416,0,0,0,0.000360939654076,136,2.00000018875,2.00000018494,1.90342435309e-09
128,1.6117254493778632,1600,0,post,0,1.5,376,0.00480745162796,0.00557715697207,0.0118155007415,0.993872772552,1.01181550074,0,0,0,0.000360939654076,136,2.00000018875,2.00000018494,1.90342435309e-09
128,1.6117254493778632,1600,0,post,0,3.0,768,0.00731416056084,0.00849374248353,0.0173047441589,0.984891826024,1.01730474416,0,0,0,0.000360939654076,136,2.00000018875,2.00000018494,1.90342435309e-09
128,1.6320114839829973,1620,0,pre,-1,1.5,376,0.00445606870467,0.00520626742278,0.0110932155392,0.994063475381,1.01109321554,0,0,0,0.000271780567715,136,2.0000002879,2.000000185,5.14476160713e-08
128,1.6320114839829973,1620,0,pre,-1,3.0,768,0.00681298119003,0.00791394401475,0.0162163171061,0.986060106924,1.01621631711,0,0,0,0.000271780567715,136,2.0000002879,2.000000185,5.14476160713e-08
128,1.6320114839829973,1620,0,post,0,1.5,376,0.00445606870467,0.00520626742278,0.0110932155392,0.994063475381,1.01109321554,0,0,0,0.000271780567715,136,2.0000002879,2.000000185,5.14476160713e-08
128,1.6320114839829973,1620,0,post,0,3.0,768,0.00681298119003,0.00791394401475,0.0162163171061,0.986060106924,1.01621631711,0,0,0,0.000271780567715,136,2.0000002879,2.000000185,5.14476160713e-08
128,1.6522975185881315,1640,0,pre,-1,1.5,376,0.00409874824039,0.0048441763611,0.0105178121188,0.994281614256,1.01051781212,0,0,0,0.00020245153492,136,2.00000023263,2.00000018443,2.41004061132e-08
128,1.6522975185881315,1640,0,pre,-1,3.0,768,0.00630352349381,0.0073296917789,0.0151013472601,0.987271593879,1.01510134726,0,0,0,0.00020245153492,136,2.00000023263,2.00000018443,2.41004061132e-08
128,1.6522975185881315,1640,0,post,0,1.5,376,0.00409874824039,0.0048441763611,0.0105178121188,0.994281614256,1.01051781212,0,0,0,0.00020245153492,136,2.00000023263,2.00000018443,2.41004061132e-08
128,1.6522975185881315,1640,0,post,0,3.0,768,0.00630352349381,0.0073296917789,0.0151013472601,0.987271593879,1.01510134726,0,0,0,0.00020245153492,136,2.00000023263,2.00000018443,2.41004061132e-08
128,1.6725835531932653,1660,0,pre,-1,1.5,382,0.00379330782798,0.00455296043122,0.0107460874776,0.992790560778,1.01074608748,0,0,0,0.000173216679055,136,2.00000006461,2.0000001841,-5.97453371735e-08
128,1.6725835531932653,1660,0,pre,-1,3.0,768,0.00580391459813,0.00676627103512,0.0140283719349,0.988455740549,1.01402837193,0,0,0,0.000173216679055,136,2.00000006461,2.0000001841,-5.97453371735e-08
128,1.6725835531932653,1660,0,post,0,1.5,382,0.00379330782798,0.00455296043122,0.0107460874776,0.992790560778,1.01074608748,0,0,0,0.000173216679055,136,2.00000006461,2.0000001841,-5.97453371735e-08
128,1.6725835531932653,1660,0,post,0,3.0,768,0.00580391459813,0.00676627103512,0.0140283719349,0.988455740549,1.01402837193,0,0,0,0.000173216679055,136,2.00000006461,2.0000001841,-5.97453371735e-08
128,1.6928695877983995,1680,0,pre,-1,1.5,391,0.00350878585722,0.00430355567776,0.0115083558169,0.993014353149,1.01150835582,0,0,0,0.000242463909864,136,2.00000014441,2.00000018348,-1.95341207497e-08
128,1.6928695877983995,1680,0,pre,-1,3.0,768,0.00533809417636,0.00625237563599,0.0130221724407,0.989574001352,1.01302217244,0,0,0,0.000242463909864,136,2.00000014441,2.00000018348,-1.95341207497e-08
128,1.6928695877983995,1680,0,post,0,1.5,391,0.00350878585722,0.00430355567776,0.0115083558169,0.993014353149,1.01150835582,0,0,0,0.000242463909864,136,2.00000014441,2.00000018348,-1.95341207497e-08
128,1.6928695877983995,1680,0,post,0,3.0,768,0.00533809417636,0.00625237563599,0.0130221724407,0.989574001352,1.01302217244,0,0,0,0.000242463909864,136,2.00000014441,2.00000018348,-1.95341207497e-08
128,1.7131556224035336,1700,0,pre,-1,1.5,400,0.00337839019304,0.00412409678939,0.0122338215576,0.99285600732,1.01223382156,0,0,0,0.000242441835467,174,2.00000025928,2.00000018202,3.86287815439e-08
128,1.7131556224035336,1700,0,pre,-1,3.0,768,0.00492833313464,0.00580367027758,0.0122338215576,0.990575896625,1.01223382156,0,0,0,0.000242441835467,174,2.00000025928,2.00000018202,3.86287815439e-08
128,1.7131556224035336,1700,0,post,0,1.5,400,0.00337839019304,0.00412409678939,0.0122338215576,0.99285600732,1.01223382156,0,0,0,0.000242441835467,174,2.00000025928,2.00000018202,3.86287815439e-08
128,1.7131556224035336,1700,0,post,0,3.0,768,0.00492833313464,0.00580367027758,0.0122338215576,0.990575896625,1.01223382156,0,0,0,0.000242441835467,174,2.00000025928,2.00000018202,3.86287815439e-08
128,1.7334416570086675,1720,0,pre,-1,1.5,377,0.00315198987384,0.00385532233441,0.0124534184811,0.993754173101,1.01245341848,0,0,0,0.000135521407713,132,2.00000025704,2.00000018133,3.78530106246e-08
128,1.7334416570086675,1720,0,pre,-1,3.0,768,0.00452313036535,0.00536705617835,0.0124534184811,0.991435451836,1.01245341848,0,0,0,0.000135521407713,132,2.00000025704,2.00000018133,3.78530106246e-08
128,1.7334416570086675,1720,0,post,0,1.5,377,0.00315198987384,0.00385532233441,0.0124534184811,0.993754173101,1.01245341848,0,0,0,0.000135521407713,132,2.00000025704,2.00000018133,3.78530106246e-08
128,1.7334416570086675,1720,0,post,0,3.0,768,0.00452313036535,0.00536705617835,0.0124534184811,0.991435451836,1.01245341848,0,0,0,0.000135521407713,132,2.00000025704,2.00000018133,3.78530106246e-08
128,1.7537276916138016,1740,0,pre,-1,1.5,376,0.0029394353507,0.00360986198579,0.0122159068511,0.994238623138,1.01221590685,0,0,0,0.000124861566942,132,2.00000024437,2.00000018141,3.14789044033e-08
128,1.7537276916138016,1740,0,pre,-1,3.0,768,0.00422888061586,0.00503498867039,0.0122159068511,0.992142045165,1.01221590685,0,0,0,0.000124861566942,132,2.00000024437,2.00000018141,3.14789044033e-08
128,1.7537276916138016,1740,0,post,0,1.5,376,0.0029394353507,0.00360986198579,0.0122159068511,0.994238623138,1.01221590685,0,0,0,0.000124861566942,132,2.00000024437,2.00000018141,3.14789044033e-08
128,1.7537276916138016,1740,0,post,0,3.0,768,0.00422888061586,0.00503498867039,0.0122159068511,0.992142045165,1.01221590685,0,0,0,0.000124861566942,132,2.00000024437,2.00000018141,3.14789044033e-08
128,1.7740137262189357,1760,0,pre,-1,1.5,376,0.00280841289458,0.0034580081899,0.0120989128293,0.994481280259,1.01209891283,0,0,0,0.000127171502024,132,2.00000024382,2.00000018146,3.1182151585e-08
128,1.7740137262189357,1760,0,pre,-1,3.0,768,0.00403484464949,0.00481074383704,0.0120989128293,0.992640517143,1.01209891283,0,0,0,0.000127171502024,132,2.00000024382,2.00000018146,3.1182151585e-08
128,1.7740137262189357,1760,0,post,0,1.5,376,0.00280841289458,0.0034580081899,0.0120989128293,0.994481280259,1.01209891283,0,0,0,0.000127171502024,132,2.00000024382,2.00000018146,3.1182151585e-08
128,1.7740137262189357,1760,0,post,0,3.0,768,0.00403484464949,0.00481074383704,0.0120989128293,0.992640517143,1.01209891283,0,0,0,0.000127171502024,132,2.00000024382,2.00000018146,3.1182151585e-08
128,1.7942997608240696,1780,0,pre,-1,1.5,376,0.00274870769846,0.003386497395,0.0120546268835,0.994549406335,1.01205462688,0,0,0,0.000121469247567,132,2.00000024932,2.00000018152,3.38987611634e-08
128,1.7942997608240696,1780,0,pre,-1,3.0,768,0.00393421796568,0.00469184919187,0.0120546268835,0.992887293612,1.01205462688,0,0,0,0.000121469247567,132,2.00000024932,2.00000018152,3.38987611634e-08
128,1.7942997608240696,1780,0,post,0,1.5,376,0.00274870769846,0.003386497395,0.0120546268835,0.994549406335,1.01205462688,0,0,0,0.000121469247567,132,2.00000024932,2.00000018152,3.38987611634e-08
128,1.7942997608240696,1780,0,post,0,3.0,768,0.00393421796568,0.00469184919187,0.0120546268835,0.992887293612,1.01205462688,0,0,0,0.000121469247567,132,2.00000024932,2.00000018152,3.38987611634e-08
128,1.8145857954292037,1800,0,pre,-1,1.5,376,0.00275058682271,0.00338256825385,0.0120336112863,0.994472310997,1.01203361129,0,0,0,0.0001040519603,132,2.00000025609,2.00000018156,3.72670269676e-08
128,1.8145857954292037,1800,0,pre,-1,3.0,768,0.0039208646426,0.00467246683135,0.0120336112863,0.992915381185,1.01203361129,0,0,0,0.0001040519603,132,2.00000025609,2.00000018156,3.72670269676e-08
128,1.8145857954292037,1800,0,post,0,1.5,376,0.00275058682271,0.00338256825385,0.0120336112863,0.994472310997,1.01203361129,0,0,0,0.0001040519603,132,2.00000025609,2.00000018156,3.72670269676e-08
128,1.8145857954292037,1800,0,post,0,3.0,768,0.0039208646426,0.00467246683135,0.0120336112863,0.992915381185,1.01203361129,0,0,0,0.0001040519603,132,2.00000025609,2.00000018156,3.72670269676e-08
128,1.8348718300343378,1820,0,pre,-1,1.5,376,0.00280743620621,0.0034391799919,0.0120148175379,0.994267413787,1.01201481754,0,0,0,8.49368973955e-05,132,2.00000026372,2.00000018157,4.10771526139e-08
128,1.8348718300343378,1820,0,pre,-1,3.0,768,0.00398975681024,0.00474611435512,0.0120148175379,0.992752598547,1.01201481754,0,0,0,8.49368973955e-05,132,2.00000026372,2.00000018157,4.10771526139e-08
128,1.8348718300343378,1820,0,post,0,1.5,376,0.00280743620621,0.0034391799919,0.0120148175379,0.994267413787,1.01201481754,0,0,0,8.49368973955e-05,132,2.00000026372,2.00000018157,4.10771526139e-08
128,1.8348718300343378,1820,0,post,0,3.0,768,0.00398975681024,0.00474611435512,0.0120148175379,0.992752598547,1.01201481754,0,0,0,8.49368973955e-05,132,2.00000026372,2.00000018157,4.10771526139e-08
128,1.8551578646394717,1840,0,pre,-1,1.5,376,0.00291487499705,0.00355200859052,0.0120012362929,0.993948105879,1.01200123629,0,0,0,7.06459991347e-05,132,2.00000027147,2.00000018158,4.49484162383e-08
128,1.8551578646394717,1840,0,pre,-1,3.0,768,0.00413505553652,0.00490569864274,0.0120012362929,0.992421559103,1.01200123629,0,0,0,7.06459991347e-05,132,2.00000027147,2.00000018158,4.49484162383e-08
128,1.8551578646394717,1840,0,post,0,1.5,376,0.00291487499705,0.00355200859052,0.0120012362929,0.993948105879,1.01200123629,0,0,0,7.06459991347e-05,132,2.00000027147,2.00000018158,4.49484162383e-08
128,1.8551578646394717,1840,0,post,0,3.0,768,0.00413505553652,0.00490569864274,0.0120012362929,0.992421559103,1.01200123629,0,0,0,7.06459991347e-05,132,2.00000027147,2.00000018158,4.49484162383e-08
128,1.8754438992446059,1860,0,pre,-1,1.5,376,0.00306732712602,0.00371551696782,0.0119872054135,0.993531633086,1.01198720541,0,0,0,6.88529162881e-05,133,2.00000027679,2.00000018158,4.76066334209e-08
128,1.8754438992446059,1860,0,pre,-1,3.0,768,0.00434735347622,0.00514179457087,0.0119872054135,0.991947521694,1.01198720541,0,0,0,6.88529162881e-05,133,2.00000027679,2.00000018158,4.76066334209e-08
128,1.8754438992446059,1860,0,post,0,1.5,376,0.00306732712602,0.00371551696782,0.0119872054135,0.993531633086,1.01198720541,0,0,0,6.88529162881e-05,133,2.00000027679,2.00000018158,4.76066334209e-08
128,1.8754438992446059,1860,0,post,0,3.0,768,0.00434735347622,0.00514179457087,0.0119872054135,0.991947521694,1.01198720541,0,0,0,6.88529162881e-05,133,2.00000027679,2.00000018158,4.76066334209e-08
128,1.89572993384974,1880,0,pre,-1,1.5,376,0.00325608183388,0.00392233035794,0.0119611530884,0.993030821969,1.01196115309,0,0,0,9.39896640299e-05,134,2.00000028217,2.00000018156,5.03053775153e-08
128,1.89572993384974,1880,0,pre,-1,3.0,768,0.00461351644093,0.00544228100136,0.0119611530884,0.991352945685,1.01196115309,0,0,0,9.39896640299e-05,134,2.00000028217,2.00000018156,5.03053775153e-08
128,1.89572993384974,1880,0,post,0,1.5,376,0.00325608183388,0.00392233035794,0.0119611530884,0.993030821969,1.01196115309,0,0,0,9.39896640299e-05,134,2.00000028217,2.00000018156,5.03053775153e-08
128,1.89572993384974,1880,0,post,0,3.0,768,0.00461351644093,0.00544228100136,0.0119611530884,0.991352945685,1.01196115309,0,0,0,9.39896640299e-05,134,2.00000028217,2.00000018156,5.03053775153e-08
128,1.9160159684548739,1900,0,pre,-1,1.5,376,0.00347540510187,0.00416740867162,0.0119788620306,0.992449531078,1.01197886203,0,0,0,0.000134866586403,134,2.00000030128,2.00000018153,5.98753148227e-08
128,1.9160159684548739,1900,0,pre,-1,3.0,768,0.00492211505276,0.0057947158149,0.0121569163277,0.99065588755,1.01215691633,0,0,0,0.000134866586403,134,2.00000030128,2.00000018153,5.98753148227e-08
128,1.9160159684548739,1900,0,post,0,1.5,376,0.00347540510187,0.00416740867162,0.0119788620306,0.992449531078,1.01197886203,0,0,0,0.000134866586403,134,2.00000030128,2.00000018153,5.98753148227e-08
128,1.9160159684548739,1900,0,post,0,3.0,768,0.00492211505276,0.0057947158149,0.0121569163277,0.99065588755,1.01215691633,0,0,0,0.000134866586403,134,2.00000030128,2.00000018153,5.98753148227e-08
128,1.936302003060008,1920,0,pre,-1,1.5,376,0.00371935799571,0.00444588018534,0.0120680752681,0.991803118751,1.01206807527,0,0,0,0.000173352391052,136,2.00000031411,2.00000018149,6.63073873366e-08
128,1.936302003060008,1920,0,pre,-1,3.0,768,0.00526198091709,0.00618523635387,0.0129175058558,0.989886845862,1.01291750586,0,0,0,0.000173352391052,136,2.00000031411,2.00000018149,6.63073873366e-08
128,1.936302003060008,1920,0,post,0,1.5,376,0.00371935799571,0.00444588018534,0.0120680752681,0.991803118751,1.01206807527,0,0,0,0.000173352391052,136,2.00000031411,2.00000018149,6.63073873366e-08
128,1.936302003060008,1920,0,post,0,3.0,768,0.00526198091709,0.00618523635387,0.0129175058558,0.989886845862,1.01291750586,0,0,0,0.000173352391052,136,2.00000031411,2.00000018149,6.63073873366e-08
128,1.9565880376651421,1940,0,pre,-1,1.5,376,0.00398177101231,0.0047521000845,0.0122123735064,0.991112451425,1.01221237351,0,0,0,0.000216775864038,136,2.00000032403,2.00000018144,7.12914997862e-08
128,1.9565880376651421,1940,0,pre,-1,3.0,768,0.00562113671485,0.00659882821725,0.0137048749812,0.98908016902,1.01370487498,0,0,0,0.000216775864038,136,2.00000032403,2.00000018144,7.12914997862e-08
128,1.9565880376651421,1940,0,post,0,1.5,376,0.00398177101231,0.0047521000845,0.0122123735064,0.991112451425,1.01221237351,0,0,0,0.000216775864038,136,2.00000032403,2.00000018144,7.12914997862e-08
128,1.9565880376651421,1940,0,post,0,3.0,768,0.00562113671485,0.00659882821725,0.0137048749812,0.98908016902,1.01370487498,0,0,0,0.000216775864038,136,2.00000032403,2.00000018144,7.12914997862e-08
128,1.976874072270276,1960,0,pre,-1,1.5,376,0.00425398281807,0.00507284571304,0.0124488694786,0.990397957058,1.01244886948,0,0,0,0.000255053292679,136,2.00000029046,2.00000018141,5.45251483356e-08
128,1.976874072270276,1960,0,pre,-1,3.0,768,0.00598605300825,0.00701746861919,0.0144756849135,0.988267127499,1.01447568491,0,0,0,0.000255053292679,136,2.00000029046,2.00000018141,5.45251483356e-08
128,1.976874072270276,1960,0,post,0,1.5,376,0.00425398281807,0.00507284571304,0.0124488694786,0.990397957058,1.01244886948,0,0,0,0.000255053292679,136,2.00000029046,2.00000018141,5.45251483356e-08
128,1.976874072270276,1960,0,post,0,3.0,768,0.00598605300825,0.00701746861919,0.0144756849135,0.988267127499,1.01447568491,0,0,0,0.000255053292679,136,2.00000029046,2.00000018141,5.45251483356e-08
128,1.9971601068754101,1980,0,pre,-1,1.5,375,0.00454116316537,0.00540597935752,0.012764397584,0.989691408628,1.01276439758,0,0,0,0.000283487445258,136,2.00000026332,2.00000018138,4.09733469965e-08
128,1.9971601068754101,1980,0,pre,-1,3.0,768,0.00634452258032,0.00742551341606,0.0152029311561,0.98748566629,1.01520293116,0,0,0,0.000283487445258,136,2.00000026332,2.00000018138,4.09733469965e-08
128,1.9971601068754101,1980,0,post,0,1.5,375,0.00454116316537,0.00540597935752,0.012764397584,0.989691408628,1.01276439758,0,0,0,0.000283487445258,136,2.00000026332,2.00000018138,4.09733469965e-08
128,1.9971601068754101,1980,0,post,0,3.0,768,0.00634452258032,0.00742551341606,0.0152029311561,0.98748566629,1.01520293116,0,0,0,0.000283487445258,136,2.00000026332,2.00000018138,4.09733469965e-08
128,2.0174461414805442,2000,0,pre,-1,1.5,376,0.00480638004402,0.00571496239038,0.0131686868445,0.989018400396,1.01316868684,0,0,0,0.000274370701869,144,2.00000019961,2.00000018164,8.98484138757e-09
128,2.0174461414805442,2000,0,pre,-1,3.0,768,0.00668269743005,0.00780522564752,0.0158546851819,0.986763240407,1.01585468518,0,0,0,0.000274370701869,144,2.00000019961,2.00000018164,8.98484138757e-09
128,2.0174461414805442,2000,0,post,0,1.5,376,0.00480638004402,0.00571496239038,0.0131686868445,0.989018400396,1.01316868684,0,0,0,0.000274370701869,144,2.00000019961,2.00000018164,8.98484138757e-09
128,2.0174461414805442,2000,0,post,0,3.0,768,0.00668269743005,0.00780522564752,0.0158546851819,0.986763240407,1.01585468518,0,0,0,0.000274370701869,144,2.00000019961,2.00000018164,8.98484138757e-09
128,2.0377321760856786,2020,0,pre,-1,1.5,484,0.0056738331252,0.00660335621781,0.013348176779,0.988498557117,1.01334817678,0,0,0,0.000173835538674,132,2.00000015621,2.00000018221,-1.30027554645e-08
128,2.0377321760856786,2020,0,pre,-1,3.0,768,0.00701011194712,0.00815554518874,0.0163986591867,0.98611377442,1.01639865919,0,0,0,0.000173835538674,132,2.00000015621,2.00000018221,-1.30027554645e-08
128,2.0377321760856786,2020,0,post,0,1.5,484,0.0056738331252,0.00660335621781,0.013348176779,0.988498557117,1.01334817678,0,0,0,0.000173835538674,132,2.00000015621,2.00000018221,-1.30027554645e-08
128,2.0377321760856786,2020,0,post,0,3.0,768,0.00701011194712,0.00815554518874,0.0163986591867,0.98611377442,1.01639865919,0,0,0,0.000173835538674,132,2.00000015621,2.00000018221,-1.30027554645e-08
128,2.0580182106908125,2040,0,pre,-1,1.5,387,0.00494210663653,0.00586045809522,0.013114462413,0.992523325748,1.01311446241,0,0,0,0.000215193661503,132,2.00000017138,2.00000018218,-5.40219530972e-09
128,2.0580182106908125,2040,0,pre,-1,3.0,768,0.00721662479353,0.00839295443343,0.0168287289896,0.985563911748,1.01682872899,0,0,0,0.000215193661503,132,2.00000017138,2.00000018218,-5.40219530972e-09
128,2.0580182106908125,2040,0,post,0,1.5,387,0.00494210663653,0.00586045809522,0.013114462413,0.992523325748,1.01311446241,0,0,0,0.000215193661503,132,2.00000017138,2.00000018218,-5.40219530972e-09
128,2.0580182106908125,2040,0,post,0,3.0,768,0.00721662479353,0.00839295443343,0.0168287289896,0.985563911748,1.01682872899,0,0,0,0.000215193661503,132,2.00000017138,2.00000018218,-5.40219530972e-09
128,2.0783042452959464,2060,0,pre,-1,1.5,381,0.00497947691374,0.00590836186938,0.0129032312603,0.993476249481,1.01290323126,0,0,0,0.000268598631256,132,2.00000018255,2.00000018215,1.99443110514e-10
128,2.0783042452959464,2060,0,pre,-1,3.0,768,0.00735172462609,0.00855584467966,0.0171575385277,0.985136306852,1.01715753853,0,0,0,0.000268598631256,132,2.00000018255,2.00000018215,1.99443110514e-10
128,2.0783042452959464,2060,0,post,0,1.5,381,0.00497947691374,0.00590836186938,0.0129032312603,0.993476249481,1.01290323126,0,0,0,0.000268598631256,132,2.00000018255,2.00000018215,1.99443110514e-10
128,2.0783042452959464,2060,0,post,0,3.0,768,0.00735172462609,0.00855584467966,0.0171575385277,0.985136306852,1.01715753853,0,0,0,0.000268598631256,132,2.00000018255,2.00000018215,1.99443110514e-10
128,2.0985902799010807,2080,0,pre,-1,1.5,376,0.00499248667295,0.00593065059609,0.0127365991249,0.993454402181,1.01273659912,0,0,0,0.000312298313419,132,2.00000018857,2.00000018213,3.21561725717e-09
128,2.0985902799010807,2080,0,pre,-1,3.0,768,0.00742396396734,0.00864623100322,0.017334483046,0.984883064099,1.01733448305,0,0,0,0.000312298313419,132,2.00000018857,2.00000018213,3.21561725717e-09
128,2.0985902799010807,2080,0,post,0,1.5,376,0.00499248667295,0.00593065059609,0.0127365991249,0.993454402181,1.01273659912,0,0,0,0.000312298313419,132,2.00000018857,2.00000018213,3.21561725717e-09
128,2.0985902799010807,2080,0,post,0,3.0,768,0.00742396396734,0.00864623100322,0.017334483046,0.984883064099,1.01733448305,0,0,0,0.000312298313419,132,2.00000018857,2.00000018213,3.21561725717e-09
128,2.1188763145062146,2100,0,pre,-1,1.5,376,0.00497454236545,0.00590388954942,0.0126009456695,0.994152221663,1.01260094567,0,0,0,0.000337156472333,132,2.0000001912,2.00000018213,4.53877449815e-09
128,2.1188763145062146,2100,0,pre,-1,3.0,768,0.00743494314603,0.0086633089562,0.0173674072271,0.984794563481,1.01736740723,0,0,0,0.000337156472333,132,2.0000001912,2.00000018213,4.53877449815e-09
128,2.1188763145062146,2100,0,post,0,1.5,376,0.00497454236545,0.00590388954942,0.0126009456695,0.994152221663,1.01260094567,0,0,0,0.000337156472333,132,2.0000001912,2.00000018213,4.53877449815e-09
128,2.1188763145062146,2100,0,post,0,3.0,768,0.00743494314603,0.0086633089562,0.0173674072271,0.984794563481,1.01736740723,0,0,0,0.000337156472333,132,2.0000001912,2.00000018213,4.53877449815e-09
128,2.1391623491113485,2120,0,pre,-1,1.5,376,0.00492117258406,0.0058362677634,0.0124851270077,0.994190561083,1.01248512701,0,0,0,0.000341710312312,132,2.0000001921,2.00000018213,4.9866997098e-09
128,2.1391623491113485,2120,0,pre,-1,3.0,768,0.00738632985866,0.00860986769901,0.0172655108454,0.984853459431,1.01726551085,0,0,0,0.000341710312312,132,2.0000001921,2.00000018213,4.9866997098e-09
128,2.1391623491113485,2120,0,post,0,1.5,376,0.00492117258406,0.0058362677634,0.0124851270077,0.994190561083,1.01248512701,0,0,0,0.000341710312312,132,2.0000001921,2.00000018213,4.9866997098e-09
128,2.1391623491113485,2120,0,post,0,3.0,768,0.00738632985866,0.00860986769901,0.0172655108454,0.984853459431,1.01726551085,0,0,0,0.000341710312312,132,2.0000001921,2.00000018213,4.9866997098e-09
128,2.1594483837164828,2140,0,pre,-1,1.5,376,0.00483242708468,0.00573043636092,0.0123893981266,0.994273741818,1.01238939813,0,0,0,0.000326177232543,132,2.00000019202,2.00000018213,4.94403228854e-09
128,2.1594483837164828,2140,0,pre,-1,3.0,768,0.00728148363463,0.0084919029856,0.0170503397278,0.985035022788,1.01705033973,0,0,0,0.000326177232543,132,2.00000019202,2.00000018213,4.94403228854e-09
128,2.1594483837164828,2140,0,post,0,1.5,376,0.00483242708468,0.00573043636092,0.0123893981266,0.994273741818,1.01238939813,0,0,0,0.000326177232543,132,2.00000019202,2.00000018213,4.94403228854e-09
128,2.1594483837164828,2140,0,post,0,3.0,768,0.00728148363463,0.0084919029856,0.0170503397278,0.985035022788,1.01705033973,0,0,0,0.000326177232543,132,2.00000019202,2.00000018213,4.94403228854e-09
128,2.1797344183216167,2160,0,pre,-1,1.5,376,0.00471444434577,0.00559403453133,0.0123143884672,0.994401706864,1.01231438847,0,0,0,0.000286859116091,135,2.0000001921,2.00000018213,4.98857243383e-09
128,2.1797344183216167,2160,0,pre,-1,3.0,768,0.00712806353208,0.00831814167121,0.0167340318176,0.985326466313,1.01673403182,0,0,0,0.000286859116091,135,2.0000001921,2.00000018213,4.98857243383e-09
128,2.1797344183216167,2160,0,post,0,1.5,376,0.00471444434577,0.00559403453133,0.0123143884672,0.994401706864,1.01231438847,0,0,0,0.000286859116091,135,2.0000001921,2.00000018213,4.98857243383e-09
128,2.1797344183216167,2160,0,post,0,3.0,768,0.00712806353208,0.00831814167121,0.0167340318176,0.985326466313,1.01673403182,0,0,0,0.000286859116091,135,2.0000001921,2.00000018213,4.98857243383e-09
128,2.2000204529267506,2180,0,pre,-1,1.5,376,0.00457428382137,0.00543452005089,0.0122556297013,0.994575165936,1.0122556297,0,0,0,0.000242844132506,135,2.00000019105,2.00000018212,4.46485541182e-09
128,2.2000204529267506,2180,0,pre,-1,3.0,768,0.00693627358183,0.00809894134052,0.0163308615447,0.985714488516,1.01633086154,0,0,0,0.000242844132506,135,2.00000019105,2.00000018212,4.46485541182e-09
128,2.2000204529267506,2180,0,post,0,1.5,376,0.00457428382137,0.00543452005089,0.0122556297013,0.994575165936,1.0122556297,0,0,0,0.000242844132506,135,2.00000019105,2.00000018212,4.46485541182e-09
128,2.2000204529267506,2180,0,post,0,3.0,768,0.00693627358183,0.00809894134052,0.0163308615447,0.985714488516,1.01633086154,0,0,0,0.000242844132506,135,2.00000019105,2.00000018212,4.46485541182e-09
128,2.220306487531885,2200,0,pre,-1,1.5,375,0.00441486758689,0.00525891949008,0.0121938061265,0.994790019833,1.01219380613,0,0,0,0.000190087970714,136,2.00000018214,2.00000018213,8.39195303434e-12
128,2.220306487531885,2200,0,pre,-1,3.0,768,0.00671669966734,0.00784611033225,0.0158508198247,0.986186361724,1.01585081982,0,0,0,0.000190087970714,136,2.00000018214,2.00000018213,8.39195303434e-12
128,2.220306487531885,2200,0,post,0,1.5,375,0.00441486758689,0.00525891949008,0.0121938061265,0.994790019833,1.01219380613,0,0,0,0.000190087970714,136,2.00000018214,2.00000018213,8.39195303434e-12
128,2.220306487531885,2200,0,post,0,3.0,768,0.00671669966734,0.00784611033225,0.0158508198247,0.986186361724,1.01585081982,0,0,0,0.000190087970714,136,2.00000018214,2.00000018213,8.39195303434e-12
128,2.2405925221370189,2220,0,pre,-1,1.5,375,0.00424622992239,0.00507779514507,0.0122420767801,0.99503128741,1.01224207678,0,0,0,0.000140711273963,136,2.00000019274,2.00000018214,5.30189177572e-09
128,2.2405925221370189,2220,0,pre,-1,3.0,768,0.00647873577544,0.00757242833436,0.0153159244499,0.986720881406,1.01531592445,0,0,0,0.000140711273963,136,2.00000019274,2.00000018214,5.30189177572e-09
128,2.2405925221370189,2220,0,post,0,1.5,375,0.00424622992239,0.00507779514507,0.0122420767801,0.99503128741,1.01224207678,0,0,0,0.000140711273963,136,2.00000019274,2.00000018214,5.30189177572e-09
128,2.2405925221370189,2220,0,post,0,3.0,768,0.00647873577544,0.00757242833436,0.0153159244499,0.986720881406,1.01531592445,0,0,0,0.000140711273963,136,2.00000019274,2.00000018214,5.30189177572e-09
128,2.2426211255975321,2222,0,pre,-1,1.5,376,0.00423382143656,0.00506250148342,0.0122581948182,0.993976311414,1.01225819482,0,0,0,0.000150762407713,136,2.00000019121,2.00000018214,4.53614171548e-09
128,2.2426211255975321,2222,0,pre,-1,3.0,768,0.00645365885632,0.00754343188661,0.0152583050201,0.986779040645,1.01525830502,0,0,0,0.000150762407713,136,2.00000019121,2.00000018214,4.53614171548e-09
128,2.2426211255975321,2222,0,post,0,1.5,376,0.00423382143656,0.00506250148342,0.0122581948182,0.993976311414,1.01225819482,0,0,0,0.000150762407713,136,2.00000019121,2.00000018214,4.53614171548e-09
128,2.2426211255975321,2222,0,post,0,3.0,768,0.00645365885632,0.00754343188661,0.0152583050201,0.986779040645,1.01525830502,0,0,0,0.000150762407713,136,2.00000019121,2.00000018214,4.53614171548e-09
