series,tau,amplitude
Prosperetti reference,0.0,0.01
Prosperetti reference,0.0338878,0.0099944
Prosperetti reference,0.0677755,0.00997795
Prosperetti reference,0.101663,0.0099509
Prosperetti reference,0.135551,0.00991345
Prosperetti reference,0.169439,0.0098658
Prosperetti reference,0.203326,0.00980815
Prosperetti reference,0.237214,0.00974075
Prosperetti reference,0.271102,0.0096637
Prosperetti reference,0.30499,0.00957725
Prosperetti reference,0.338877,0.0094816
Prosperetti reference,0.372765,0.00937685
Prosperetti reference,0.406653,0.0092633
Prosperetti reference,0.440541,0.0091411
Prosperetti reference,0.474428,0.0090105
Prosperetti reference,0.508316,0.00887165
Prosperetti reference,0.542204,0.0087248
Prosperetti reference,0.576092,0.00857015
Prosperetti reference,0.60998,0.00840795
Prosperetti reference,0.643867,0.0082384
Prosperetti reference,0.677755,0.00806175
Prosperetti reference,0.711643,0.00787825
Prosperetti reference,0.74553,0.0076881
Prosperetti reference,0.779418,0.0074916
Prosperetti reference,0.813306,0.00728895
Prosperetti reference,0.847194,0.0070804
Prosperetti reference,0.881081,0.0068662
Prosperetti reference,0.914969,0.00664665
Prosperetti reference,0.948857,0.006422
Prosperetti reference,0.982745,0.0061925
Prosperetti reference,1.01663,0.0059584
Prosperetti reference,1.05052,0.00571995
Prosperetti reference,1.08441,0.00547745
Prosperetti reference,1.1183,0.0052312
Prosperetti reference,1.15218,0.00498139
Prosperetti reference,1.18607,0.00472836
Prosperetti reference,1.21996,0.00447236
Prosperetti reference,1.25385,0.00421366
Prosperetti reference,1.28773,0.00395254
Prosperetti reference,1.32162,0.00368927
Prosperetti reference,1.35551,0.00342413
Prosperetti reference,1.3894,0.00315738
Prosperetti reference,1.42329,0.00288931
Prosperetti reference,1.45717,0.00262018
Prosperetti reference,1.49106,0.00235026
Prosperetti reference,1.52495,0.00207982
Prosperetti reference,1.55884,0.00180914
Prosperetti reference,1.59272,0.00153848
Prosperetti reference,1.62661,0.00126809
Prosperetti reference,1.6605,0.000998245
Prosperetti reference,1.69439,0.000729205
Prosperetti reference,1.72828,0.000461218
Prosperetti reference,1.76216,0.000194543
Prosperetti reference,1.79605,7.05725e-05
Prosperetti reference,1.82994,0.000333881
Prosperetti reference,1.86383,0.00059514
Prosperetti reference,1.89771,0.000854105
Prosperetti reference,1.9316,0.00111055
Prosperetti reference,1.96549,0.00136424
Prosperetti reference,1.99938,0.00161495
Prosperetti reference,2.03327,0.00186245
Prosperetti reference,2.06715,0.00210654
Prosperetti reference,2.10104,0.00234698
Prosperetti reference,2.13493,0.0025836
Prosperetti reference,2.16882,0.00281616
Prosperetti reference,2.2027,0.00304448
Prosperetti reference,2.23659,0.00326838
Prosperetti reference,2.27048,0.00348767
Prosperetti reference,2.30437,0.00370215
Prosperetti reference,2.33825,0.00391166
Prosperetti reference,2.37214,0.00411604
Prosperetti reference,2.40603,0.00431513
Prosperetti reference,2.43992,0.00450876
Prosperetti reference,2.47381,0.00469679
Prosperetti reference,2.50769,0.00487908
Prosperetti reference,2.54158,0.0050555
Prosperetti reference,2.57547,0.0052259
Prosperetti reference,2.60936,0.00539015
Prosperetti reference,2.64324,0.00554815
Prosperetti reference,2.67713,0.00569985
Prosperetti reference,2.71102,0.00584505
Prosperetti reference,2.74491,0.0059837
Prosperetti reference,2.7788,0.00611575
Prosperetti reference,2.81268,0.00624105
Prosperetti reference,2.84657,0.00635955
Prosperetti reference,2.88046,0.0064712
Prosperetti reference,2.91435,0.00657595
Prosperetti reference,2.94823,0.0066737
Prosperetti reference,2.98212,0.00676445
Prosperetti reference,3.01601,0.00684815
Prosperetti reference,3.0499,0.00692475
Prosperetti reference,3.08379,0.00699425
Prosperetti reference,3.11767,0.0070566
Prosperetti reference,3.15156,0.00711185
Prosperetti reference,3.18545,0.00715995
Prosperetti reference,3.21934,0.0072009
Prosperetti reference,3.25322,0.00723475
Prosperetti reference,3.28711,0.0072615
Prosperetti reference,3.321,0.00728115
Prosperetti reference,3.35489,0.00729375
Prosperetti reference,3.38877,0.0072993
Prosperetti reference,3.42266,0.0072979
Prosperetti reference,3.45655,0.0072896
Prosperetti reference,3.49044,0.00727445
Prosperetti reference,3.52433,0.00725245
Prosperetti reference,3.55821,0.00722375
Prosperetti reference,3.5921,0.00718835
Prosperetti reference,3.62599,0.0071464
Prosperetti reference,3.65988,0.007098
Prosperetti reference,3.69376,0.00704315
Prosperetti reference,3.72765,0.006982
Prosperetti reference,3.76154,0.00691465
Prosperetti reference,3.79543,0.00684125
Prosperetti reference,3.82932,0.00676185
Prosperetti reference,3.8632,0.00667655
Prosperetti reference,3.89709,0.00658555
Prosperetti reference,3.93098,0.00648895
Prosperetti reference,3.96487,0.0063869
Prosperetti reference,3.99875,0.00627945
Prosperetti reference,4.03264,0.00616685
Prosperetti reference,4.06653,0.00604915
Prosperetti reference,4.10042,0.00592655
Prosperetti reference,4.13431,0.00579925
Prosperetti reference,4.16819,0.0056673
Prosperetti reference,4.20208,0.0055309
Prosperetti reference,4.23597,0.00539025
Prosperetti reference,4.26986,0.0052455
Prosperetti reference,4.30374,0.00509675
Prosperetti reference,4.33763,0.00494428
Prosperetti reference,4.37152,0.00478819
Prosperetti reference,4.40541,0.00462866
Prosperetti reference,4.4393,0.0044659
Prosperetti reference,4.47318,0.00430005
Prosperetti reference,4.50707,0.00413131
Prosperetti reference,4.54096,0.00395986
Prosperetti reference,4.57485,0.0037859
Prosperetti reference,4.60873,0.00360958
Prosperetti reference,4.64262,0.00343111
Prosperetti reference,4.67651,0.00325067
Prosperetti reference,4.7104,0.00306844
Prosperetti reference,4.74428,0.00288463
Prosperetti reference,4.77817,0.00269939
Prosperetti reference,4.81206,0.00251294
Prosperetti reference,4.84595,0.00232546
Prosperetti reference,4.87984,0.00213712
Prosperetti reference,4.91372,0.00194812
Prosperetti reference,4.94761,0.00175865
Prosperetti reference,4.9815,0.00156888
Prosperetti reference,5.01539,0.001379
Prosperetti reference,5.04927,0.00118921
Prosperetti reference,5.08316,0.00099966
Prosperetti reference,5.11705,0.00081055
Prosperetti reference,5.15094,0.000622055
Prosperetti reference,5.18483,0.000434348
Prosperetti reference,5.21871,0.000247603
Prosperetti reference,5.2526,6.19925e-05
Prosperetti reference,5.28649,0.000122313
Prosperetti reference,5.32038,0.000305148
Prosperetti reference,5.35426,0.000486347
Prosperetti reference,5.38815,0.00066575
Prosperetti reference,5.42204,0.000843195
Prosperetti reference,5.45593,0.00101853
Prosperetti reference,5.48982,0.00119159
Prosperetti reference,5.5237,0.00136225
Prosperetti reference,5.55759,0.00153035
Prosperetti reference,5.59148,0.00169574
Prosperetti reference,5.62537,0.00185829
Prosperetti reference,5.65925,0.00201786
Prosperetti reference,5.69314,0.00217432
Prosperetti reference,5.72703,0.00232755
Prosperetti reference,5.76092,0.00247742
Prosperetti reference,5.79481,0.00262381
Prosperetti reference,5.82869,0.00276661
Prosperetti reference,5.86258,0.00290569
Prosperetti reference,5.89647,0.00304098
Prosperetti reference,5.93036,0.00317234
Prosperetti reference,5.96424,0.0032997
Prosperetti reference,5.99813,0.00342295
Prosperetti reference,6.03202,0.003542
Prosperetti reference,6.06591,0.00365678
Prosperetti reference,6.09979,0.00376721
Prosperetti reference,6.13368,0.00387319
Prosperetti reference,6.16757,0.00397469
Prosperetti reference,6.20146,0.00407161
Prosperetti reference,6.23535,0.00416391
Prosperetti reference,6.26923,0.00425153
Prosperetti reference,6.30312,0.00433443
Prosperetti reference,6.33701,0.00441254
Prosperetti reference,6.3709,0.00448584
Prosperetti reference,6.40478,0.00455428
Prosperetti reference,6.43867,0.00461784
Prosperetti reference,6.47256,0.0046765
Prosperetti reference,6.50645,0.00473023
Prosperetti reference,6.54034,0.00477901
Prosperetti reference,6.57422,0.00482283
Prosperetti reference,6.60811,0.00486169
Prosperetti reference,6.642,0.00489558
Prosperetti reference,6.67589,0.00492451
Prosperetti reference,6.70977,0.00494849
Prosperetti reference,6.74366,0.00496753
Prosperetti reference,6.77755,0.00498164
Prosperetti reference,6.81144,0.00499086
Prosperetti reference,6.84533,0.0049952
Prosperetti reference,6.87921,0.0049947
Prosperetti reference,6.9131,0.00498938
Prosperetti reference,6.94699,0.00497929
Prosperetti reference,6.98088,0.00496449
Prosperetti reference,7.01476,0.004945
Prosperetti reference,7.04865,0.00492089
Prosperetti reference,7.08254,0.00489222
Prosperetti reference,7.11643,0.00485903
Prosperetti reference,7.15032,0.0048214
Prosperetti reference,7.1842,0.0047794
Prosperetti reference,7.21809,0.00473309
Prosperetti reference,7.25198,0.00468255
Prosperetti reference,7.28587,0.00462788
Prosperetti reference,7.31975,0.00456912
Prosperetti reference,7.35364,0.00450639
Prosperetti reference,7.38753,0.00443976
Prosperetti reference,7.42142,0.00436934
Prosperetti reference,7.4553,0.0042952
Prosperetti reference,7.48919,0.00421747
Prosperetti reference,7.52308,0.00413622
Prosperetti reference,7.55697,0.00405157
Prosperetti reference,7.59086,0.00396362
Prosperetti reference,7.62474,0.00387247
Prosperetti reference,7.65863,0.00377825
Prosperetti reference,7.69252,0.00368107
Prosperetti reference,7.72641,0.00358103
Prosperetti reference,7.76029,0.00347825
Prosperetti reference,7.79418,0.00337286
Prosperetti reference,7.82807,0.00326497
Prosperetti reference,7.86196,0.0031547
Prosperetti reference,7.89585,0.00304218
Prosperetti reference,7.92973,0.00292752
Prosperetti reference,7.96362,0.00281087
Prosperetti reference,7.99751,0.00269234
Prosperetti reference,8.0314,0.00257206
Prosperetti reference,8.06528,0.00245015
Prosperetti reference,8.09917,0.00232675
Prosperetti reference,8.13306,0.00220199
Prosperetti reference,8.16695,0.00207598
Prosperetti reference,8.20084,0.00194888
Prosperetti reference,8.23472,0.0018208
Prosperetti reference,8.26861,0.00169188
Prosperetti reference,8.3025,0.00156223
Prosperetti reference,8.33639,0.00143201
Prosperetti reference,8.37027,0.00130133
Prosperetti reference,8.40416,0.00117032
Prosperetti reference,8.43805,0.00103911
Prosperetti reference,8.47194,0.000907825
Prosperetti reference,8.50583,0.000776595
Prosperetti reference,8.53971,0.000645545
Prosperetti reference,8.5736,0.0005148
Prosperetti reference,8.60749,0.000384484
Prosperetti reference,8.64138,0.000254717
Prosperetti reference,8.67526,0.000125619
Prosperetti reference,8.70915,2.68836e-06
Prosperetti reference,8.74304,0.000130089
Prosperetti reference,8.77693,0.000256468
Prosperetti reference,8.81081,0.000381709
Prosperetti reference,8.8447,0.0005057
Prosperetti reference,8.87859,0.000628335
Prosperetti reference,8.91248,0.000749505
Prosperetti reference,8.94637,0.0008691
Prosperetti reference,8.98025,0.000987015
Prosperetti reference,9.01414,0.00110315
Prosperetti reference,9.04803,0.00121742
Prosperetti reference,9.08192,0.00132971
Prosperetti reference,9.1158,0.00143994
Prosperetti reference,9.14969,0.00154801
Prosperetti reference,9.18358,0.00165383
Prosperetti reference,9.21747,0.00175732
Prosperetti reference,9.25136,0.00185841
Prosperetti reference,9.28524,0.00195699
Prosperetti reference,9.31913,0.00205301
Prosperetti reference,9.35302,0.00214637
Prosperetti reference,9.38691,0.00223703
Prosperetti reference,9.42079,0.0023249
Prosperetti reference,9.45468,0.00240994
Prosperetti reference,9.48857,0.00249205
Prosperetti reference,9.52246,0.00257121
Prosperetti reference,9.55635,0.00264734
Prosperetti reference,9.59023,0.0027204
Prosperetti reference,9.62412,0.00279034
Prosperetti reference,9.65801,0.00285711
Prosperetti reference,9.6919,0.00292068
Prosperetti reference,9.72578,0.00298101
Prosperetti reference,9.75967,0.00303805
Prosperetti reference,9.79356,0.00309178
Prosperetti reference,9.82745,0.00314217
Prosperetti reference,9.86134,0.0031892
Prosperetti reference,9.89522,0.00323285
Prosperetti reference,9.92911,0.00327309
Prosperetti reference,9.963,0.00330992
Prosperetti reference,9.99689,0.00334332
Prosperetti reference,10.0308,0.00337328
Prosperetti reference,10.0647,0.00339981
Prosperetti reference,10.0985,0.0034229
Prosperetti reference,10.1324,0.00344254
Prosperetti reference,10.1663,0.00345875
Prosperetti reference,10.2002,0.00347155
Prosperetti reference,10.2341,0.00348093
Prosperetti reference,10.268,0.00348692
Prosperetti reference,10.3019,0.00348952
Prosperetti reference,10.3358,0.00348877
Prosperetti reference,10.3697,0.0034847
Prosperetti reference,10.4035,0.00347732
Prosperetti reference,10.4374,0.00346666
Prosperetti reference,10.4713,0.00345277
Prosperetti reference,10.5052,0.00343568
Prosperetti reference,10.5391,0.00341542
Prosperetti reference,10.573,0.00339204
Prosperetti reference,10.6069,0.00336558
Prosperetti reference,10.6408,0.0033361
Prosperetti reference,10.6746,0.00330364
Prosperetti reference,10.7085,0.00326824
Prosperetti reference,10.7424,0.00322998
Prosperetti reference,10.7763,0.00318891
Prosperetti reference,10.8102,0.00314508
Prosperetti reference,10.8441,0.00309854
Prosperetti reference,10.878,0.00304939
Prosperetti reference,10.9119,0.00299767
Prosperetti reference,10.9457,0.00294345
Prosperetti reference,10.9796,0.00288681
Prosperetti reference,11.0135,0.00282781
Prosperetti reference,11.0474,0.00276654
Prosperetti reference,11.0813,0.00270305
Prosperetti reference,11.1152,0.00263744
Prosperetti reference,11.1491,0.00256976
Prosperetti reference,11.183,0.00250013
Prosperetti reference,11.2168,0.0024286
Prosperetti reference,11.2507,0.00235527
Prosperetti reference,11.2846,0.0022802
Prosperetti reference,11.3185,0.0022035
Prosperetti reference,11.3524,0.00212524
Prosperetti reference,11.3863,0.0020455
Prosperetti reference,11.4202,0.00196438
Prosperetti reference,11.4541,0.00188197
Prosperetti reference,11.4879,0.00179836
Prosperetti reference,11.5218,0.00171363
Prosperetti reference,11.5557,0.00162786
Prosperetti reference,11.5896,0.00154115
Prosperetti reference,11.6235,0.0014536
Prosperetti reference,11.6574,0.00136529
Prosperetti reference,11.6913,0.0012763
Prosperetti reference,11.7252,0.00118674
Prosperetti reference,11.759,0.00109669
Prosperetti reference,11.7929,0.00100624
Prosperetti reference,11.8268,0.000915475
Prosperetti reference,11.8607,0.00082449
Prosperetti reference,11.8946,0.000733375
Prosperetti reference,11.9285,0.000642215
Prosperetti reference,11.9624,0.0005511
Prosperetti reference,11.9963,0.000460114
Prosperetti reference,12.0302,0.000369346
Prosperetti reference,12.064,0.000278881
Prosperetti reference,12.0979,0.000188802
Prosperetti reference,12.1318,9.9195e-05
Prosperetti reference,12.1657,1.01408e-05
Prosperetti reference,12.1996,7.8279e-05
Prosperetti reference,12.2335,0.000165984
Prosperetti reference,12.2674,0.000252894
Prosperetti reference,12.3013,0.000338934
Prosperetti reference,12.3351,0.000424025
Prosperetti reference,12.369,0.000508095
Prosperetti reference,12.4029,0.00059107
Prosperetti reference,12.4368,0.000672875
Prosperetti reference,12.4707,0.000753445
Prosperetti reference,12.5046,0.000832705
Prosperetti reference,12.5385,0.000910595
Prosperetti reference,12.5724,0.00098705
Prosperetti reference,12.6062,0.001062
Prosperetti reference,12.6401,0.00113539
Prosperetti reference,12.674,0.00120716
Prosperetti reference,12.7079,0.00127725
Prosperetti reference,12.7418,0.00134562
Prosperetti reference,12.7757,0.00141219
Prosperetti reference,12.8096,0.00147693
Prosperetti reference,12.8435,0.00153977
Prosperetti reference,12.8773,0.00160069
Prosperetti reference,12.9112,0.00165963
Prosperetti reference,12.9451,0.00171655
Prosperetti reference,12.979,0.00177141
Prosperetti reference,13.0129,0.00182417
Prosperetti reference,13.0468,0.00187481
Prosperetti reference,13.0807,0.00192326
Prosperetti reference,13.1146,0.00196953
Prosperetti reference,13.1484,0.00201357
Prosperetti reference,13.1823,0.00205536
Prosperetti reference,13.2162,0.00209487
Prosperetti reference,13.2501,0.00213209
Prosperetti reference,13.284,0.00216698
Prosperetti reference,13.3179,0.00219954
Prosperetti reference,13.3518,0.00222975
Prosperetti reference,13.3857,0.00225761
Prosperetti reference,13.4195,0.0022831
Prosperetti reference,13.4534,0.0023062
Prosperetti reference,13.4873,0.00232692
Prosperetti reference,13.5212,0.00234526
Prosperetti reference,13.5551,0.00236121
Prosperetti reference,13.589,0.00237477
Prosperetti reference,13.6229,0.00238596
Prosperetti reference,13.6568,0.00239478
Prosperetti reference,13.6907,0.00240122
Prosperetti reference,13.7245,0.00240532
Prosperetti reference,13.7584,0.00240707
Prosperetti reference,13.7923,0.00240649
Prosperetti reference,13.8262,0.00240361
Prosperetti reference,13.8601,0.00239844
Prosperetti reference,13.894,0.00239099
Prosperetti reference,13.9279,0.00238131
Prosperetti reference,13.9618,0.0023694
Prosperetti reference,13.9956,0.0023553
Prosperetti reference,14.0295,0.00233904
Prosperetti reference,14.0634,0.00232065
Prosperetti reference,14.0973,0.00230015
Prosperetti reference,14.1312,0.00227759
Prosperetti reference,14.1651,0.00225301
Prosperetti reference,14.199,0.00222643
Prosperetti reference,14.2329,0.0021979
Prosperetti reference,14.2667,0.00216747
Prosperetti reference,14.3006,0.00213517
Prosperetti reference,14.3345,0.00210105
Prosperetti reference,14.3684,0.00206515
Prosperetti reference,14.4023,0.00202753
Prosperetti reference,14.4362,0.00198822
Prosperetti reference,14.4701,0.00194728
Prosperetti reference,14.504,0.00190477
Prosperetti reference,14.5378,0.00186072
Prosperetti reference,14.5717,0.00181521
Prosperetti reference,14.6056,0.00176827
Prosperetti reference,14.6395,0.00171998
Prosperetti reference,14.6734,0.00167037
Prosperetti reference,14.7073,0.0016195
Prosperetti reference,14.7412,0.00156745
Prosperetti reference,14.7751,0.00151426
Prosperetti reference,14.8089,0.00145999
Prosperetti reference,14.8428,0.00140471
Prosperetti reference,14.8767,0.00134847
Prosperetti reference,14.9106,0.00129134
Prosperetti reference,14.9445,0.00123337
Prosperetti reference,14.9784,0.00117463
Prosperetti reference,15.0123,0.00111518
Prosperetti reference,15.0462,0.00105508
Prosperetti reference,15.08,0.000994395
Prosperetti reference,15.1139,0.00093319
Prosperetti reference,15.1478,0.00087152
Prosperetti reference,15.1817,0.00080945
Prosperetti reference,15.2156,0.000747045
Prosperetti reference,15.2495,0.00068437
Prosperetti reference,15.2834,0.00062148
Prosperetti reference,15.3173,0.00055844
Prosperetti reference,15.3512,0.00049531
Prosperetti reference,15.385,0.000432154
Prosperetti reference,15.4189,0.000369032
Prosperetti reference,15.4528,0.000306004
Prosperetti reference,15.4867,0.000243129
Prosperetti reference,15.5206,0.000180467
Prosperetti reference,15.5545,0.000118076
Prosperetti reference,15.5884,5.60155e-05
Prosperetti reference,15.6223,5.65895e-06
Prosperetti reference,15.6561,6.68905e-05
Prosperetti reference,15.69,0.000127624
Prosperetti reference,15.7239,0.000187803
Prosperetti reference,15.7578,0.000247376
Prosperetti reference,15.7917,0.000306288
Prosperetti reference,15.8256,0.00036449
Prosperetti reference,15.8595,0.000421929
Prosperetti reference,15.8934,0.000478555
Prosperetti reference,15.9272,0.00053432
Prosperetti reference,15.9611,0.00058918
Prosperetti reference,15.995,0.000643085
Prosperetti reference,16.0289,0.00069599
Prosperetti reference,16.0628,0.00074785
Prosperetti reference,16.0967,0.00079863
Prosperetti reference,16.1306,0.00084828
Prosperetti reference,16.1645,0.00089677
Prosperetti reference,16.1983,0.00094405
Prosperetti reference,16.2322,0.000990095
Prosperetti reference,16.2661,0.00103486
Prosperetti reference,16.3,0.00107832
Prosperetti reference,16.3339,0.00112043
Prosperetti reference,16.3678,0.00116118
Prosperetti reference,16.4017,0.00120052
Prosperetti reference,16.4356,0.00123843
Prosperetti reference,16.4694,0.00127489
Prosperetti reference,16.5033,0.00130986
Prosperetti reference,16.5372,0.00134333
Prosperetti reference,16.5711,0.00137528
Prosperetti reference,16.605,0.00140569
Prosperetti reference,16.6389,0.00143453
Prosperetti reference,16.6728,0.00146179
Prosperetti reference,16.7067,0.00148746
Prosperetti reference,16.7405,0.00151152
Prosperetti reference,16.7744,0.00153396
Prosperetti reference,16.8083,0.00155478
Prosperetti reference,16.8422,0.00157395
Prosperetti reference,16.8761,0.00159149
Prosperetti reference,16.91,0.00160738
Prosperetti reference,16.9439,0.0016216
Prosperetti reference,16.9778,0.00163419
Prosperetti reference,17.0117,0.00164511
Prosperetti reference,17.0455,0.00165438
Prosperetti reference,17.0794,0.00166201
Prosperetti reference,17.1133,0.00166798
Prosperetti reference,17.1472,0.00167231
Prosperetti reference,17.1811,0.00167502
Prosperetti reference,17.215,0.0016761
Prosperetti reference,17.2489,0.00167557
Prosperetti reference,17.2828,0.00167344
Prosperetti reference,17.3166,0.00166972
Prosperetti reference,17.3505,0.00166443
Prosperetti reference,17.3844,0.00165759
Prosperetti reference,17.4183,0.00164921
Prosperetti reference,17.4522,0.0016393
Prosperetti reference,17.4861,0.00162791
Prosperetti reference,17.52,0.00161503
Prosperetti reference,17.5539,0.0016007
Prosperetti reference,17.5877,0.00158494
Prosperetti reference,17.6216,0.00156777
Prosperetti reference,17.6555,0.00154923
Prosperetti reference,17.6894,0.00152934
Prosperetti reference,17.7233,0.00150812
Prosperetti reference,17.7572,0.00148562
Prosperetti reference,17.7911,0.00146185
Prosperetti reference,17.825,0.00143685
Prosperetti reference,17.8588,0.00141066
Prosperetti reference,17.8927,0.00138331
Prosperetti reference,17.9266,0.00135483
Prosperetti reference,17.9605,0.00132525
Prosperetti reference,17.9944,0.00129462
Prosperetti reference,18.0283,0.00126296
Prosperetti reference,18.0622,0.00123032
Prosperetti reference,18.0961,0.00119674
Prosperetti reference,18.1299,0.00116226
Prosperetti reference,18.1638,0.00112692
Prosperetti reference,18.1977,0.00109074
Prosperetti reference,18.2316,0.00105379
Prosperetti reference,18.2655,0.00101608
Prosperetti reference,18.2994,0.000977675
Prosperetti reference,18.3333,0.00093861
Prosperetti reference,18.3672,0.00089893
Prosperetti reference,18.401,0.00085867
Prosperetti reference,18.4349,0.00081788
Prosperetti reference,18.4688,0.0007766
Prosperetti reference,18.5027,0.000734875
Prosperetti reference,18.5366,0.00069274
Prosperetti reference,18.5705,0.00065025
Prosperetti reference,18.6044,0.00060744
Prosperetti reference,18.6383,0.00056436
Prosperetti reference,18.6722,0.000521045
Prosperetti reference,18.706,0.000477546
Prosperetti reference,18.7399,0.000433902
Prosperetti reference,18.7738,0.000390157
Prosperetti reference,18.8077,0.000346352
Prosperetti reference,18.8416,0.000302531
Prosperetti reference,18.8755,0.000258737
Prosperetti reference,18.9094,0.00021501
Prosperetti reference,18.9433,0.000171392
Prosperetti reference,18.9771,0.000127924
Prosperetti reference,19.011,8.46475e-05
Prosperetti reference,19.0449,4.16014e-05
Prosperetti reference,19.0788,1.17405e-06
Prosperetti reference,19.1127,4.36399e-05
Prosperetti reference,19.1466,8.57575e-05
Prosperetti reference,19.1805,0.00012749
Prosperetti reference,19.2144,0.000168798
Prosperetti reference,19.2482,0.000209646
Prosperetti reference,19.2821,0.000249999
Prosperetti reference,19.316,0.000289822
Prosperetti reference,19.3499,0.000329079
Prosperetti reference,19.3838,0.000367737
Prosperetti reference,19.4177,0.000405763
Prosperetti reference,19.4516,0.000443126
Prosperetti reference,19.4855,0.000479794
Prosperetti reference,19.5193,0.00051574
Prosperetti reference,19.5532,0.000550925
Prosperetti reference,19.5871,0.000585335
Prosperetti reference,19.621,0.00061893
Prosperetti reference,19.6549,0.00065169
Prosperetti reference,19.6888,0.00068359
Prosperetti reference,19.7227,0.000714605
Prosperetti reference,19.7566,0.00074471
Prosperetti reference,19.7904,0.00077388
Prosperetti reference,19.8243,0.0008021
Prosperetti reference,19.8582,0.000829345
Prosperetti reference,19.8921,0.000855595
Prosperetti reference,19.926,0.00088084
Prosperetti reference,19.9599,0.000905055
Prosperetti reference,19.9938,0.000928225
Prosperetti reference,20.0277,0.00095034
Prosperetti reference,20.0615,0.00097138
Prosperetti reference,20.0954,0.00099134
Prosperetti reference,20.1293,0.0010102
Prosperetti reference,20.1632,0.00102796
Prosperetti reference,20.1971,0.00104459
Prosperetti reference,20.231,0.00106011
Prosperetti reference,20.2649,0.0010745
Prosperetti reference,20.2988,0.00108775
Prosperetti reference,20.3327,0.00109987
Prosperetti reference,20.3665,0.00111083
Prosperetti reference,20.4004,0.00112066
Prosperetti reference,20.4343,0.00112933
Prosperetti reference,20.4682,0.00113686
Prosperetti reference,20.5021,0.00114324
Prosperetti reference,20.536,0.00114849
Prosperetti reference,20.5699,0.00115258
Prosperetti reference,20.6038,0.00115554
Prosperetti reference,20.6376,0.00115737
Prosperetti reference,20.6715,0.00115807
Prosperetti reference,20.7054,0.00115766
Prosperetti reference,20.7393,0.00115614
Prosperetti reference,20.7732,0.00115352
Prosperetti reference,20.8071,0.00114981
Prosperetti reference,20.841,0.00114502
Prosperetti reference,20.8749,0.00113916
Prosperetti reference,20.9087,0.00113225
Prosperetti reference,20.9426,0.00112431
Prosperetti reference,20.9765,0.00111534
Prosperetti reference,21.0104,0.00110537
Prosperetti reference,21.0443,0.00109439
Prosperetti reference,21.0782,0.00108245
Prosperetti reference,21.1121,0.00106956
Prosperetti reference,21.146,0.00105573
Prosperetti reference,21.1798,0.00104099
Prosperetti reference,21.2137,0.00102535
Prosperetti reference,21.2476,0.00100884
Prosperetti reference,21.2815,0.00099147
Prosperetti reference,21.3154,0.00097328
Prosperetti reference,21.3493,0.000954285
Prosperetti reference,21.3832,0.000934505
Prosperetti reference,21.4171,0.00091397
Prosperetti reference,21.4509,0.000892705
Prosperetti reference,21.4848,0.000870735
Prosperetti reference,21.5187,0.00084808
Prosperetti reference,21.5526,0.00082478
Prosperetti reference,21.5865,0.00080085
Prosperetti reference,21.6204,0.00077632
Prosperetti reference,21.6543,0.00075122
Prosperetti reference,21.6882,0.00072558
Prosperetti reference,21.722,0.000699425
Prosperetti reference,21.7559,0.000672785
Prosperetti reference,21.7898,0.000645685
Prosperetti reference,21.8237,0.00061816
Prosperetti reference,21.8576,0.00059024
Prosperetti reference,21.8915,0.00056195
Prosperetti reference,21.9254,0.000533325
Prosperetti reference,21.9593,0.00050439
Prosperetti reference,21.9931,0.000475175
Prosperetti reference,22.027,0.000445714
Prosperetti reference,22.0609,0.000416034
Prosperetti reference,22.0948,0.000386166
Prosperetti reference,22.1287,0.00035614
Prosperetti reference,22.1626,0.000325985
Prosperetti reference,22.1965,0.000295733
Prosperetti reference,22.2304,0.000265412
Prosperetti reference,22.2643,0.000235051
Prosperetti reference,22.2981,0.000204681
Prosperetti reference,22.332,0.000174331
Prosperetti reference,22.3659,0.000144028
Prosperetti reference,22.3998,0.000113804
Prosperetti reference,22.4337,8.3685e-05
Prosperetti reference,22.4676,5.37e-05
Prosperetti reference,22.5015,2.38765e-05
Prosperetti reference,22.5354,5.7578e-06
Prosperetti reference,22.5692,3.51759e-05
Prosperetti reference,22.6031,6.43515e-05
Prosperetti reference,22.637,9.32575e-05
Prosperetti reference,22.6709,0.000121869
Prosperetti reference,22.7048,0.00015016
Prosperetti reference,22.7387,0.000178105
Prosperetti reference,22.7726,0.000205683
Prosperetti reference,22.8065,0.000232865
Prosperetti reference,22.8403,0.000259632
Prosperetti reference,22.8742,0.00028596
Prosperetti reference,22.9081,0.000311826
Prosperetti reference,22.942,0.000337209
Prosperetti reference,22.9759,0.000362089
Prosperetti reference,23.0098,0.000386445
Prosperetti reference,23.0437,0.000410257
Prosperetti reference,23.0776,0.000433507
Prosperetti reference,23.1114,0.000456176
Prosperetti reference,23.1453,0.000478245
Prosperetti reference,23.1792,0.000499701
Prosperetti reference,23.2131,0.000520525
Prosperetti reference,23.247,0.0005407
Prosperetti reference,23.2809,0.000560215
Prosperetti reference,23.3148,0.000579055
Prosperetti reference,23.3487,0.000597205
Prosperetti reference,23.3825,0.000614655
Prosperetti reference,23.4164,0.00063139
Prosperetti reference,23.4503,0.0006474
Prosperetti reference,23.4842,0.00066268
Prosperetti reference,23.5181,0.000677215
Prosperetti reference,23.552,0.000690995
Prosperetti reference,23.5859,0.000704015
Prosperetti reference,23.6198,0.00071627
Prosperetti reference,23.6536,0.00072775
Prosperetti reference,23.6875,0.000738455
Prosperetti reference,23.7214,0.00074837
Prosperetti reference,23.7553,0.000757505
Prosperetti reference,23.7892,0.000765845
Prosperetti reference,23.8231,0.00077339
Prosperetti reference,23.857,0.000780145
Prosperetti reference,23.8909,0.0007861
Prosperetti reference,23.9248,0.00079126
Prosperetti reference,23.9586,0.00079563
Prosperetti reference,23.9925,0.000799205
Prosperetti reference,24.0264,0.000801985
Prosperetti reference,24.0603,0.000803985
Prosperetti reference,24.0942,0.000805195
Prosperetti reference,24.1281,0.000805625
Prosperetti reference,24.162,0.00080528
Prosperetti reference,24.1959,0.00080417
Prosperetti reference,24.2297,0.000802295
Prosperetti reference,24.2636,0.00079967
Prosperetti reference,24.2975,0.00079629
Prosperetti reference,24.3314,0.00079218
Prosperetti reference,24.3653,0.000787335
Prosperetti reference,24.3992,0.00078177
Prosperetti reference,24.4331,0.0007755
Prosperetti reference,24.467,0.00076853
Prosperetti reference,24.5008,0.000760875
Prosperetti reference,24.5347,0.000752545
Prosperetti reference,24.5686,0.000743555
Prosperetti reference,24.6025,0.00073392
Prosperetti reference,24.6364,0.000723645
Prosperetti reference,24.6703,0.000712755
Prosperetti reference,24.7042,0.00070126
Prosperetti reference,24.7381,0.000689175
Prosperetti reference,24.7719,0.000676515
Prosperetti reference,24.8058,0.0006633
Prosperetti reference,24.8397,0.000649545
Prosperetti reference,24.8736,0.000635265
Prosperetti reference,24.9075,0.00062048
Prosperetti reference,24.9414,0.000605205
Prosperetti reference,24.9753,0.00058946
VOF-HF,0.0,0.00999398
VOF-HF,0.0338878,0.00998806
VOF-HF,0.0677756,0.00997112
VOF-HF,0.101663,0.00994355
VOF-HF,0.135551,0.0099056
VOF-HF,0.169439,0.00985738
VOF-HF,0.203327,0.00979914
VOF-HF,0.237215,0.00973109
VOF-HF,0.271102,0.00965346
VOF-HF,0.30499,0.00956647
VOF-HF,0.338878,0.00947034
VOF-HF,0.372766,0.00936529
VOF-HF,0.406653,0.00925153
VOF-HF,0.440541,0.00912924
VOF-HF,0.474429,0.0089986
VOF-HF,0.508317,0.0088598
VOF-HF,0.542205,0.00871305
VOF-HF,0.576092,0.00855855
VOF-HF,0.60998,0.00839654
VOF-HF,0.643868,0.00822727
VOF-HF,0.677756,0.008051
VOF-HF,0.711644,0.00786798
VOF-HF,0.745531,0.00767859
VOF-HF,0.779419,0.00748298
VOF-HF,0.813307,0.00728128
VOF-HF,0.847195,0.00707371
VOF-HF,0.881082,0.00686051
VOF-HF,0.91497,0.00664192
VOF-HF,0.948858,0.00641821
VOF-HF,0.982746,0.00618961
VOF-HF,1.01663,0.00595638
VOF-HF,1.05052,0.00571879
VOF-HF,1.08441,0.0054771
VOF-HF,1.1183,0.00523157
VOF-HF,1.15218,0.00498247
VOF-HF,1.18607,0.00473007
VOF-HF,1.21996,0.00447463
VOF-HF,1.25385,0.00421643
VOF-HF,1.28774,0.00395574
VOF-HF,1.32162,0.00369283
VOF-HF,1.35551,0.00342798
VOF-HF,1.3894,0.00316146
VOF-HF,1.42329,0.00289354
VOF-HF,1.45717,0.00262451
VOF-HF,1.49106,0.00235463
VOF-HF,1.52495,0.00208418
VOF-HF,1.55884,0.00181344
VOF-HF,1.59273,0.00154268
VOF-HF,1.62661,0.00127217
VOF-HF,1.6605,0.00100217
VOF-HF,1.69439,0.000732959
VOF-HF,1.72828,0.000464792
VOF-HF,1.76216,0.000197933
VOF-HF,1.79605,6.72807e-05
VOF-HF,1.82994,0.000330705
VOF-HF,1.86383,0.000592006
VOF-HF,1.89772,0.000850943
VOF-HF,1.9316,0.00110728
VOF-HF,1.96549,0.0013608
VOF-HF,1.99938,0.00161128
VOF-HF,2.03327,0.00185849
VOF-HF,2.06716,0.00210224
VOF-HF,2.10104,0.00234231
VOF-HF,2.13493,0.00257851
VOF-HF,2.16882,0.00281065
VOF-HF,2.20271,0.00303853
VOF-HF,2.23659,0.00326199
VOF-HF,2.27048,0.00348085
VOF-HF,2.30437,0.00369493
VOF-HF,2.33826,0.00390408
VOF-HF,2.37215,0.00410813
VOF-HF,2.40603,0.00430694
VOF-HF,2.43992,0.00450035
VOF-HF,2.47381,0.00468822
VOF-HF,2.5077,0.00487039
VOF-HF,2.54158,0.00504674
VOF-HF,2.57547,0.00521714
VOF-HF,2.60936,0.00538145
VOF-HF,2.64325,0.00553956
VOF-HF,2.67714,0.00569137
VOF-HF,2.71102,0.00583675
VOF-HF,2.74491,0.00597562
VOF-HF,2.7788,0.00610789
VOF-HF,2.81269,0.00623346
VOF-HF,2.84657,0.00635227
VOF-HF,2.88046,0.00646424
VOF-HF,2.91435,0.00656932
VOF-HF,2.94824,0.00666744
VOF-HF,2.98213,0.00675855
VOF-HF,3.01601,0.00684263
VOF-HF,3.0499,0.00691963
VOF-HF,3.08379,0.00698953
VOF-HF,3.11768,0.00705231
VOF-HF,3.15156,0.00710796
VOF-HF,3.18545,0.00715648
VOF-HF,3.21934,0.00719788
VOF-HF,3.25323,0.00723215
VOF-HF,3.28712,0.00725933
VOF-HF,3.321,0.00727943
VOF-HF,3.35489,0.0072925
VOF-HF,3.38878,0.00729855
VOF-HF,3.42267,0.00729765
VOF-HF,3.45655,0.00728984
VOF-HF,3.49044,0.00727519
VOF-HF,3.52433,0.00725376
VOF-HF,3.55822,0.00722561
VOF-HF,3.59211,0.00719082
VOF-HF,3.62599,0.00714949
VOF-HF,3.65988,0.00710168
VOF-HF,3.69377,0.00704751
VOF-HF,3.72766,0.00698705
VOF-HF,3.76154,0.00692042
VOF-HF,3.79543,0.00684772
VOF-HF,3.82932,0.00676907
VOF-HF,3.86321,0.00668458
VOF-HF,3.8971,0.00659436
VOF-HF,3.93098,0.00649855
VOF-HF,3.96487,0.00639727
VOF-HF,3.99876,0.00629066
VOF-HF,4.03265,0.00617885
VOF-HF,4.06653,0.00606198
VOF-HF,4.10042,0.00594021
VOF-HF,4.13431,0.00581366
VOF-HF,4.1682,0.00568251
VOF-HF,4.20209,0.00554689
VOF-HF,4.23597,0.00540698
VOF-HF,4.26986,0.00526293
VOF-HF,4.30375,0.0051149
VOF-HF,4.33764,0.00496307
VOF-HF,4.37152,0.0048076
VOF-HF,4.40541,0.00464867
VOF-HF,4.4393,0.00448644
VOF-HF,4.47319,0.00432111
VOF-HF,4.50708,0.00415284
VOF-HF,4.54096,0.00398182
VOF-HF,4.57485,0.00380822
VOF-HF,4.60874,0.00363225
VOF-HF,4.64263,0.00345407
VOF-HF,4.67651,0.00327388
VOF-HF,4.7104,0.00309186
VOF-HF,4.74429,0.00290821
VOF-HF,4.77818,0.0027231
VOF-HF,4.81207,0.00253673
VOF-HF,4.84595,0.00234929
VOF-HF,4.87984,0.00216097
VOF-HF,4.91373,0.00197195
VOF-HF,4.94762,0.00178242
VOF-HF,4.9815,0.00159257
VOF-HF,5.01539,0.00140258
VOF-HF,5.04928,0.00121264
VOF-HF,5.08317,0.00102294
VOF-HF,5.11706,0.000833641
VOF-HF,5.15094,0.00064494
VOF-HF,5.18483,0.000457008
VOF-HF,5.21872,0.000270022
VOF-HF,5.25261,8.4155e-05
VOF-HF,5.28649,0.000100347
VOF-HF,5.32038,0.000283432
VOF-HF,5.35427,0.000464867
VOF-HF,5.38816,0.000644493
VOF-HF,5.42205,0.000822154
VOF-HF,5.45593,0.000997698
VOF-HF,5.48982,0.00117098
VOF-HF,5.52371,0.00134184
VOF-HF,5.5576,0.00151015
VOF-HF,5.59149,0.00167578
VOF-HF,5.62537,0.00183858
VOF-HF,5.65926,0.00199841
VOF-HF,5.69315,0.00215517
VOF-HF,5.72704,0.00230871
VOF-HF,5.76092,0.00245892
VOF-HF,5.79481,0.00260569
VOF-HF,5.8287,0.0027489
VOF-HF,5.86259,0.00288844
VOF-HF,5.89648,0.00302422
VOF-HF,5.93036,0.00315612
VOF-HF,5.96425,0.00328405
VOF-HF,5.99814,0.0034079
VOF-HF,6.03203,0.0035276
VOF-HF,6.06591,0.00364305
VOF-HF,6.0998,0.00375417
VOF-HF,6.13369,0.00386088
VOF-HF,6.16758,0.00396311
VOF-HF,6.20147,0.0040608
VOF-HF,6.23535,0.00415387
VOF-HF,6.26924,0.00424227
VOF-HF,6.30313,0.00432594
VOF-HF,6.33702,0.00440485
VOF-HF,6.3709,0.00447894
VOF-HF,6.40479,0.00454818
VOF-HF,6.43868,0.00461254
VOF-HF,6.47257,0.00467199
VOF-HF,6.50646,0.0047265
VOF-HF,6.54034,0.00477607
VOF-HF,6.57423,0.00482067
VOF-HF,6.60812,0.00486031
VOF-HF,6.64201,0.00489498
VOF-HF,6.67589,0.00492468
VOF-HF,6.70978,0.00494943
VOF-HF,6.74367,0.00496924
VOF-HF,6.77756,0.00498411
VOF-HF,6.81145,0.00499409
VOF-HF,6.84533,0.00499919
VOF-HF,6.87922,0.00499944
VOF-HF,6.91311,0.00499489
VOF-HF,6.947,0.00498556
VOF-HF,6.98088,0.00497152
VOF-HF,7.01477,0.0049528
VOF-HF,7.04866,0.00492945
VOF-HF,7.08255,0.00490154
VOF-HF,7.11644,0.00486913
VOF-HF,7.15032,0.00483227
VOF-HF,7.18421,0.00479105
VOF-HF,7.2181,0.00474551
VOF-HF,7.25199,0.00469575
VOF-HF,7.28587,0.00464184
VOF-HF,7.31976,0.00458385
VOF-HF,7.35365,0.00452188
VOF-HF,7.38754,0.004456
VOF-HF,7.42143,0.00438632
VOF-HF,7.45531,0.00431292
VOF-HF,7.4892,0.00423589
VOF-HF,7.52309,0.00415535
VOF-HF,7.55698,0.00407137
VOF-HF,7.59086,0.00398408
VOF-HF,7.62475,0.00389358
VOF-HF,7.65864,0.00379997
VOF-HF,7.69253,0.00370336
VOF-HF,7.72642,0.00360388
VOF-HF,7.7603,0.00350163
VOF-HF,7.79419,0.00339672
VOF-HF,7.82808,0.00328929
VOF-HF,7.86197,0.00317944
VOF-HF,7.89585,0.00306731
VOF-HF,7.92974,0.00295301
VOF-HF,7.96363,0.00283667
VOF-HF,7.99752,0.00271842
VOF-HF,8.03141,0.00259838
VOF-HF,8.06529,0.00247668
VOF-HF,8.09918,0.00235346
VOF-HF,8.13307,0.00222883
VOF-HF,8.16696,0.00210293
VOF-HF,8.20084,0.0019759
VOF-HF,8.23473,0.00184786
VOF-HF,8.26862,0.00171894
VOF-HF,8.30251,0.00158927
VOF-HF,8.3364,0.00145899
VOF-HF,8.37028,0.00132823
VOF-HF,8.40417,0.00119711
VOF-HF,8.43806,0.00106576
VOF-HF,8.47195,0.000934313
VOF-HF,8.50583,0.000802897
VOF-HF,8.53972,0.000671637
VOF-HF,8.57361,0.000540659
VOF-HF,8.6075,0.000410087
VOF-HF,8.64139,0.000280044
VOF-HF,8.67527,0.00015065
VOF-HF,8.70916,2.20269e-05
VOF-HF,8.74305,0.000105537
VOF-HF,8.77694,0.000232245
VOF-HF,8.81082,0.000357822
VOF-HF,8.84471,0.000482159
VOF-HF,8.8786,0.000605147
VOF-HF,8.91249,0.000726678
VOF-HF,8.94638,0.000846648
VOF-HF,8.98026,0.000964955
VOF-HF,9.01415,0.0010815
VOF-HF,9.04804,0.00119618
VOF-HF,9.08193,0.00130891
VOF-HF,9.11582,0.00141959
VOF-HF,9.1497,0.00152814
VOF-HF,9.18359,0.00163446
VOF-HF,9.21748,0.00173848
VOF-HF,9.25137,0.0018401
VOF-HF,9.28525,0.00193926
VOF-HF,9.31914,0.00203587
VOF-HF,9.35303,0.00212987
VOF-HF,9.38692,0.00222117
VOF-HF,9.42081,0.00230972
VOF-HF,9.45469,0.00239544
VOF-HF,9.48858,0.00247827
VOF-HF,9.52247,0.00255815
VOF-HF,9.55636,0.00263503
VOF-HF,9.59024,0.00270884
VOF-HF,9.62413,0.00277955
VOF-HF,9.65802,0.0028471
VOF-HF,9.69191,0.00291146
VOF-HF,9.7258,0.00297257
VOF-HF,9.75968,0.0030304
VOF-HF,9.79357,0.00308493
VOF-HF,9.82746,0.00313612
VOF-HF,9.86135,0.00318395
VOF-HF,9.89523,0.00322839
VOF-HF,9.92912,0.00326942
VOF-HF,9.96301,0.00330704
VOF-HF,9.9969,0.00334122
VOF-HF,10.0308,0.00337197
VOF-HF,10.0647,0.00339927
VOF-HF,10.0986,0.00342312
VOF-HF,10.1324,0.00344353
VOF-HF,10.1663,0.00346051
VOF-HF,10.2002,0.00347405
VOF-HF,10.2341,0.00348418
VOF-HF,10.268,0.00349091
VOF-HF,10.3019,0.00349425
VOF-HF,10.3358,0.00349424
VOF-HF,10.3697,0.00349088
VOF-HF,10.4036,0.00348422
VOF-HF,10.4374,0.00347428
VOF-HF,10.4713,0.0034611
VOF-HF,10.5052,0.00344471
VOF-HF,10.5391,0.00342515
VOF-HF,10.573,0.00340246
VOF-HF,10.6069,0.00337668
VOF-HF,10.6408,0.00334787
VOF-HF,10.6747,0.00331608
VOF-HF,10.7085,0.00328134
VOF-HF,10.7424,0.00324373
VOF-HF,10.7763,0.00320329
VOF-HF,10.8102,0.00316008
VOF-HF,10.8441,0.00311416
VOF-HF,10.878,0.0030656
VOF-HF,10.9119,0.00301446
VOF-HF,10.9458,0.00296081
VOF-HF,10.9796,0.00290472
VOF-HF,11.0135,0.00284624
VOF-HF,11.0474,0.00278547
VOF-HF,11.0813,0.00272247
VOF-HF,11.1152,0.00265732
VOF-HF,11.1491,0.00259009
VOF-HF,11.183,0.00252087
VOF-HF,11.2169,0.00244973
VOF-HF,11.2507,0.00237676
VOF-HF,11.2846,0.00230203
VOF-HF,11.3185,0.00222563
VOF-HF,11.3524,0.00214766
VOF-HF,11.3863,0.00206818
VOF-HF,11.4202,0.0019873
VOF-HF,11.4541,0.00190509
VOF-HF,11.488,0.00182164
VOF-HF,11.5218,0.00173705
VOF-HF,11.5557,0.00165141
VOF-HF,11.5896,0.0015648
VOF-HF,11.6235,0.00147731
VOF-HF,11.6574,0.00138904
VOF-HF,11.6913,0.00130007
VOF-HF,11.7252,0.00121049
VOF-HF,11.7591,0.00112041
VOF-HF,11.793,0.0010299
VOF-HF,11.8268,0.000939051
VOF-HF,11.8607,0.000847962
VOF-HF,11.8946,0.00075672
VOF-HF,11.9285,0.000665412
VOF-HF,11.9624,0.000574127
VOF-HF,11.9963,0.000482953
VOF-HF,12.0302,0.000391976
VOF-HF,12.0641,0.000301282
VOF-HF,12.0979,0.000210956
VOF-HF,12.1318,0.000121083
VOF-HF,12.1657,3.17451e-05
VOF-HF,12.1996,5.68287e-05
VOF-HF,12.2335,0.000144841
VOF-HF,12.2674,0.00023207
VOF-HF,12.3013,0.000318438
VOF-HF,12.3352,0.00040387
VOF-HF,12.369,0.000488291
VOF-HF,12.4029,0.000571633
VOF-HF,12.4368,0.000653821
VOF-HF,12.4707,0.000734785
VOF-HF,12.5046,0.000814457
VOF-HF,12.5385,0.000892771
VOF-HF,12.5724,0.000969662
VOF-HF,12.6063,0.00104507
VOF-HF,12.6401,0.00111893
VOF-HF,12.674,0.00119119
VOF-HF,12.7079,0.00126178
VOF-HF,12.7418,0.00133066
VOF-HF,12.7757,0.00139777
VOF-HF,12.8096,0.00146306
VOF-HF,12.8435,0.00152648
VOF-HF,12.8774,0.00158798
VOF-HF,12.9112,0.00164751
VOF-HF,12.9451,0.00170504
VOF-HF,12.979,0.00176052
VOF-HF,13.0129,0.00181391
VOF-HF,13.0468,0.00186518
VOF-HF,13.0807,0.00191429
VOF-HF,13.1146,0.00196121
VOF-HF,13.1485,0.0020059
VOF-HF,13.1823,0.00204835
VOF-HF,13.2162,0.00208852
VOF-HF,13.2501,0.0021264
VOF-HF,13.284,0.00216196
VOF-HF,13.3179,0.00219518
VOF-HF,13.3518,0.00222606
VOF-HF,13.3857,0.00225457
VOF-HF,13.4196,0.00228071
VOF-HF,13.4535,0.00230447
VOF-HF,13.4873,0.00232584
VOF-HF,13.5212,0.00234483
VOF-HF,13.5551,0.00236142
VOF-HF,13.589,0.00237562
VOF-HF,13.6229,0.00238744
VOF-HF,13.6568,0.00239688
VOF-HF,13.6907,0.00240394
VOF-HF,13.7246,0.00240865
VOF-HF,13.7584,0.00241101
VOF-HF,13.7923,0.00241104
VOF-HF,13.8262,0.00240875
VOF-HF,13.8601,0.00240416
VOF-HF,13.894,0.0023973
VOF-HF,13.9279,0.00238819
VOF-HF,13.9618,0.00237684
VOF-HF,13.9957,0.0023633
VOF-HF,14.0295,0.00234759
VOF-HF,14.0634,0.00232974
VOF-HF,14.0973,0.00230978
VOF-HF,14.1312,0.00228775
VOF-HF,14.1651,0.00226367
VOF-HF,14.199,0.0022376
VOF-HF,14.2329,0.00220957
VOF-HF,14.2668,0.00217962
VOF-HF,14.3006,0.00214778
VOF-HF,14.3345,0.00211412
VOF-HF,14.3684,0.00207866
VOF-HF,14.4023,0.00204146
VOF-HF,14.4362,0.00200257
VOF-HF,14.4701,0.00196203
VOF-HF,14.504,0.0019199
VOF-HF,14.5379,0.00187622
VOF-HF,14.5717,0.00183105
VOF-HF,14.6056,0.00178444
VOF-HF,14.6395,0.00173645
VOF-HF,14.6734,0.00168713
VOF-HF,14.7073,0.00163654
VOF-HF,14.7412,0.00158473
VOF-HF,14.7751,0.00153178
VOF-HF,14.809,0.00147772
VOF-HF,14.8429,0.00142263
VOF-HF,14.8767,0.00136656
VOF-HF,14.9106,0.00130958
VOF-HF,14.9445,0.00125175
VOF-HF,14.9784,0.00119312
VOF-HF,15.0123,0.00113376
VOF-HF,15.0462,0.00107373
VOF-HF,15.0801,0.0010131
VOF-HF,15.114,0.000951924
VOF-HF,15.1478,0.000890269
VOF-HF,15.1817,0.000828196
VOF-HF,15.2156,0.000765768
VOF-HF,15.2495,0.000703048
VOF-HF,15.2834,0.000640098
VOF-HF,15.3173,0.000576981
VOF-HF,15.3512,0.000513758
VOF-HF,15.3851,0.000450491
VOF-HF,15.4189,0.000387242
VOF-HF,15.4528,0.00032407
VOF-HF,15.4867,0.000261036
VOF-HF,15.5206,0.0001982
VOF-HF,15.5545,0.00013562
VOF-HF,15.5884,7.33549e-05
VOF-HF,15.6223,1.14621e-05
VOF-HF,15.6562,4.98623e-05
VOF-HF,15.69,0.000110835
VOF-HF,15.7239,0.000171264
VOF-HF,15.7578,0.000231098
VOF-HF,15.7917,0.000290282
VOF-HF,15.8256,0.000348766
VOF-HF,15.8595,0.000406498
VOF-HF,15.8934,0.000463429
VOF-HF,15.9273,0.000519511
VOF-HF,15.9611,0.000574696
VOF-HF,15.995,0.000628938
VOF-HF,16.0289,0.000682195
VOF-HF,16.0628,0.00073442
VOF-HF,16.0967,0.000785572
VOF-HF,16.1306,0.000835609
VOF-HF,16.1645,0.000884493
VOF-HF,16.1984,0.000932185
VOF-HF,16.2323,0.000978648
VOF-HF,16.2661,0.00102385
VOF-HF,16.3,0.00106774
VOF-HF,16.3339,0.00111031
VOF-HF,16.3678,0.00115151
VOF-HF,16.4017,0.00119132
VOF-HF,16.4356,0.00122971
VOF-HF,16.4695,0.00126665
VOF-HF,16.5034,0.00130211
VOF-HF,16.5372,0.00133607
VOF-HF,16.5711,0.00136852
VOF-HF,16.605,0.00139942
VOF-HF,16.6389,0.00142877
VOF-HF,16.6728,0.00145653
VOF-HF,16.7067,0.00148271
VOF-HF,16.7406,0.00150727
VOF-HF,16.7745,0.00153022
VOF-HF,16.8083,0.00155154
VOF-HF,16.8422,0.00157122
VOF-HF,16.8761,0.00158926
VOF-HF,16.91,0.00160564
VOF-HF,16.9439,0.00162038
VOF-HF,16.9778,0.00163345
VOF-HF,17.0117,0.00164487
VOF-HF,17.0456,0.00165463
VOF-HF,17.0794,0.00166273
VOF-HF,17.1133,0.00166919
VOF-HF,17.1472,0.001674
VOF-HF,17.1811,0.00167718
VOF-HF,17.215,0.00167873
VOF-HF,17.2489,0.00167866
VOF-HF,17.2828,0.00167699
VOF-HF,17.3167,0.00167372
VOF-HF,17.3505,0.00166888
VOF-HF,17.3844,0.00166247
VOF-HF,17.4183,0.00165453
VOF-HF,17.4522,0.00164505
VOF-HF,17.4861,0.00163407
VOF-HF,17.52,0.00162161
VOF-HF,17.5539,0.00160768
VOF-HF,17.5878,0.00159232
VOF-HF,17.6216,0.00157554
VOF-HF,17.6555,0.00155738
VOF-HF,17.6894,0.00153786
VOF-HF,17.7233,0.00151701
VOF-HF,17.7572,0.00149485
VOF-HF,17.7911,0.00147143
VOF-HF,17.825,0.00144676
VOF-HF,17.8589,0.00142089
VOF-HF,17.8928,0.00139384
VOF-HF,17.9266,0.00136566
VOF-HF,17.9605,0.00133636
VOF-HF,17.9944,0.001306
VOF-HF,18.0283,0.00127461
VOF-HF,18.0622,0.00124222
VOF-HF,18.0961,0.00120888
VOF-HF,18.13,0.00117461
VOF-HF,18.1639,0.00113947
VOF-HF,18.1977,0.00110349
VOF-HF,18.2316,0.00106671
VOF-HF,18.2655,0.00102917
VOF-HF,18.2994,0.000990912
VOF-HF,18.3333,0.000951983
VOF-HF,18.3672,0.000912421
VOF-HF,18.4011,0.000872268
VOF-HF,18.435,0.000831569
VOF-HF,18.4688,0.000790366
VOF-HF,18.5027,0.000748701
VOF-HF,18.5366,0.000706619
VOF-HF,18.5705,0.000664162
VOF-HF,18.6044,0.000621375
VOF-HF,18.6383,0.0005783
VOF-HF,18.6722,0.000534981
VOF-HF,18.7061,0.000491462
VOF-HF,18.7399,0.000447785
VOF-HF,18.7738,0.000403994
VOF-HF,18.8077,0.000360132
VOF-HF,18.8416,0.000316241
VOF-HF,18.8755,0.000272363
VOF-HF,18.9094,0.000228542
VOF-HF,18.9433,0.000184817
VOF-HF,18.9772,0.000141231
VOF-HF,19.011,9.78245e-05
VOF-HF,19.0449,5.46376e-05
VOF-HF,19.0788,1.17103e-05
VOF-HF,19.1127,3.07774e-05
VOF-HF,19.1466,7.30652e-05
VOF-HF,19.1805,0.000114976
VOF-HF,19.2144,0.000156472
VOF-HF,19.2483,0.000197518
VOF-HF,19.2822,0.000238076
VOF-HF,19.316,0.000278112
VOF-HF,19.3499,0.000317592
VOF-HF,19.3838,0.000356481
VOF-HF,19.4177,0.000394748
VOF-HF,19.4516,0.000432359
VOF-HF,19.4855,0.000469284
VOF-HF,19.5194,0.000505494
VOF-HF,19.5533,0.000540959
VOF-HF,19.5871,0.000575649
VOF-HF,19.621,0.000609537
VOF-HF,19.6549,0.000642598
VOF-HF,19.6888,0.000674804
VOF-HF,19.7227,0.000706132
VOF-HF,19.7566,0.000736557
VOF-HF,19.7905,0.000766057
VOF-HF,19.8244,0.00079461
VOF-HF,19.8582,0.000822196
VOF-HF,19.8921,0.000848794
VOF-HF,19.926,0.000874386
VOF-HF,19.9599,0.000898955
VOF-HF,19.9938,0.000922484
VOF-HF,20.0277,0.000944958
VOF-HF,20.0616,0.000966362
VOF-HF,20.0955,0.000986685
VOF-HF,20.1293,0.00100591
VOF-HF,20.1632,0.00102404
VOF-HF,20.1971,0.00104105
VOF-HF,20.231,0.00105694
VOF-HF,20.2649,0.00107169
VOF-HF,20.2988,0.00108531
VOF-HF,20.3327,0.0010978
VOF-HF,20.3666,0.00110913
VOF-HF,20.4004,0.00111932
VOF-HF,20.4343,0.00112836
VOF-HF,20.4682,0.00113625
VOF-HF,20.5021,0.001143
VOF-HF,20.536,0.00114859
VOF-HF,20.5699,0.00115305
VOF-HF,20.6038,0.00115636
VOF-HF,20.6377,0.00115854
VOF-HF,20.6716,0.00115959
VOF-HF,20.7054,0.00115952
VOF-HF,20.7393,0.00115833
VOF-HF,20.7732,0.00115605
VOF-HF,20.8071,0.00115266
VOF-HF,20.841,0.0011482
VOF-HF,20.8749,0.00114267
VOF-HF,20.9088,0.00113607
VOF-HF,20.9427,0.00112844
VOF-HF,20.9765,0.00111977
VOF-HF,21.0104,0.0011101
VOF-HF,21.0443,0.00109943
VOF-HF,21.0782,0.00108777
VOF-HF,21.1121,0.00107516
VOF-HF,21.146,0.00106161
VOF-HF,21.1799,0.00104713
VOF-HF,21.2138,0.00103175
VOF-HF,21.2476,0.00101549
VOF-HF,21.2815,0.000998372
VOF-HF,21.3154,0.000980417
VOF-HF,21.3493,0.00096165
VOF-HF,21.3832,0.000942092
VOF-HF,21.4171,0.00092177
VOF-HF,21.451,0.000900708
VOF-HF,21.4849,0.000878931
VOF-HF,21.5187,0.000856465
VOF-HF,21.5526,0.000833337
VOF-HF,21.5865,0.000809574
VOF-HF,21.6204,0.000785202
VOF-HF,21.6543,0.00076025
VOF-HF,21.6882,0.000734746
VOF-HF,21.7221,0.000708718
VOF-HF,21.756,0.000682194
VOF-HF,21.7898,0.000655204
VOF-HF,21.8237,0.000627777
VOF-HF,21.8576,0.000599943
VOF-HF,21.8915,0.000571731
VOF-HF,21.9254,0.00054317
VOF-HF,21.9593,0.000514292
VOF-HF,21.9932,0.000485125
VOF-HF,22.0271,0.0004557
VOF-HF,22.061,0.000426047
VOF-HF,22.0948,0.000396196
VOF-HF,22.1287,0.000366178
VOF-HF,22.1626,0.000336021
VOF-HF,22.1965,0.000305757
VOF-HF,22.2304,0.000275415
VOF-HF,22.2643,0.000245025
VOF-HF,22.2982,0.000214616
VOF-HF,22.3321,0.000184217
VOF-HF,22.3659,0.000153858
VOF-HF,22.3998,0.000123568
VOF-HF,22.4337,9.33754e-05
VOF-HF,22.4676,6.33079e-05
VOF-HF,22.5015,3.33938e-05
VOF-HF,22.5354,3.66073e-06
VOF-HF,22.5693,2.57118e-05
VOF-HF,22.6032,5.50003e-05
VOF-HF,22.637,8.40267e-05
VOF-HF,22.6709,0.000112765
VOF-HF,22.7048,0.00014119
VOF-HF,22.7387,0.000169277
VOF-HF,22.7726,0.000197001
VOF-HF,22.8065,0.000224338
VOF-HF,22.8404,0.000251265
VOF-HF,22.8743,0.00027776
VOF-HF,22.9081,0.0003038
VOF-HF,22.942,0.000329363
VOF-HF,22.9759,0.000354429
VOF-HF,23.0098,0.000378976
VOF-HF,23.0437,0.000402986
VOF-HF,23.0776,0.000426439
VOF-HF,23.1115,0.000449318
VOF-HF,23.1454,0.000471603
VOF-HF,23.1792,0.000493278
VOF-HF,23.2131,0.000514326
VOF-HF,23.247,0.000534733
VOF-HF,23.2809,0.000554482
VOF-HF,23.3148,0.000573559
VOF-HF,23.3487,0.000591952
VOF-HF,23.3826,0.000609646
VOF-HF,23.4165,0.000626631
VOF-HF,23.4503,0.000642894
VOF-HF,23.4842,0.000658426
VOF-HF,23.5181,0.000673215
VOF-HF,23.552,0.000687255
VOF-HF,23.5859,0.000700536
VOF-HF,23.6198,0.000713051
VOF-HF,23.6537,0.000724794
VOF-HF,23.6876,0.000735758
VOF-HF,23.7215,0.000745939
VOF-HF,23.7553,0.000755333
VOF-HF,23.7892,0.000763937
VOF-HF,23.8231,0.000771746
VOF-HF,23.857,0.000778761
VOF-HF,23.8909,0.00078498
VOF-HF,23.9248,0.000790402
VOF-HF,23.9587,0.000795029
VOF-HF,23.9926,0.000798861
VOF-HF,24.0264,0.0008019
VOF-HF,24.0603,0.00080415
VOF-HF,24.0942,0.000805613
VOF-HF,24.1281,0.000806295
VOF-HF,24.162,0.0008062
VOF-HF,24.1959,0.000805333
VOF-HF,24.2298,0.000803702
VOF-HF,24.2637,0.000801313
VOF-HF,24.2975,0.000798173
VOF-HF,24.3314,0.000794293
VOF-HF,24.3653,0.00078968
VOF-HF,24.3992,0.000784343
VOF-HF,24.4331,0.000778295
VOF-HF,24.467,0.000771544
VOF-HF,24.5009,0.000764104
VOF-HF,24.5348,0.000755985
VOF-HF,24.5686,0.000747201
VOF-HF,24.6025,0.000737765
VOF-HF,24.6364,0.00072769
VOF-HF,24.6703,0.000716991
VOF-HF,24.7042,0.000705682
VOF-HF,24.7381,0.000693778
VOF-HF,24.772,0.000681296
VOF-HF,24.8059,0.00066825
VOF-HF,24.8397,0.000654659
VOF-HF,24.8736,0.000640538
VOF-HF,24.9075,0.000625905
VOF-HF,24.9414,0.000610777
VOF-HF,24.9753,0.000595173
CLSVOF,0.0,0.00999097
CLSVOF,0.0338878,0.00998507
CLSVOF,0.0677756,0.00996816
CLSVOF,0.101663,0.00994063
CLSVOF,0.135551,0.00990278
CLSVOF,0.169439,0.00985465
CLSVOF,0.203327,0.00979647
CLSVOF,0.237215,0.00972847
CLSVOF,0.271102,0.00965087
CLSVOF,0.30499,0.00956388
CLSVOF,0.338878,0.00946773
CLSVOF,0.372766,0.00936266
CLSVOF,0.406653,0.00924888
CLSVOF,0.440541,0.00912658
CLSVOF,0.474429,0.00899595
CLSVOF,0.508317,0.00885718
CLSVOF,0.542205,0.00871045
CLSVOF,0.576092,0.00855597
CLSVOF,0.60998,0.00839396
CLSVOF,0.643868,0.00822466
CLSVOF,0.677756,0.00804832
CLSVOF,0.711644,0.00786516
CLSVOF,0.745531,0.00767538
CLSVOF,0.779419,0.00747973
CLSVOF,0.813307,0.007278
CLSVOF,0.847195,0.00707039
CLSVOF,0.881082,0.00685718
CLSVOF,0.91497,0.00663862
CLSVOF,0.948858,0.00641496
CLSVOF,0.982746,0.00618644
CLSVOF,1.01663,0.0059533
CLSVOF,1.05052,0.00571579
CLSVOF,1.08441,0.00547419
CLSVOF,1.1183,0.00522876
CLSVOF,1.15218,0.00497977
CLSVOF,1.18607,0.00472748
CLSVOF,1.21996,0.00447216
CLSVOF,1.25385,0.00421408
CLSVOF,1.28774,0.00395351
CLSVOF,1.32162,0.00369066
CLSVOF,1.35551,0.00342584
CLSVOF,1.3894,0.00315937
CLSVOF,1.42329,0.00289152
CLSVOF,1.45717,0.00262255
CLSVOF,1.49106,0.00235274
CLSVOF,1.52495,0.00208235
CLSVOF,1.55884,0.00181167
CLSVOF,1.59273,0.00154096
CLSVOF,1.62661,0.00127049
CLSVOF,1.6605,0.00100055
CLSVOF,1.69439,0.000731388
CLSVOF,1.72828,0.000463267
CLSVOF,1.76216,0.000196446
CLSVOF,1.79605,6.86525e-05
CLSVOF,1.82994,0.000332058
CLSVOF,1.86383,0.000593357
CLSVOF,1.89772,0.00085231
CLSVOF,1.9316,0.00110868
CLSVOF,1.96549,0.00136224
CLSVOF,1.99938,0.00161276
CLSVOF,2.03327,0.00186003
CLSVOF,2.06716,0.00210383
CLSVOF,2.10104,0.00234397
CLSVOF,2.13493,0.00258024
CLSVOF,2.16882,0.00281243
CLSVOF,2.20271,0.00304038
CLSVOF,2.23659,0.00326388
CLSVOF,2.27048,0.00348276
CLSVOF,2.30437,0.00369686
CLSVOF,2.33826,0.00390601
CLSVOF,2.37215,0.00410998
CLSVOF,2.40603,0.00430867
CLSVOF,2.43992,0.00450194
CLSVOF,2.47381,0.00468966
CLSVOF,2.5077,0.00487169
CLSVOF,2.54158,0.00504789
CLSVOF,2.57547,0.00521813
CLSVOF,2.60936,0.0053823
CLSVOF,2.64325,0.00554028
CLSVOF,2.67714,0.00569195
CLSVOF,2.71102,0.0058372
CLSVOF,2.74491,0.00597595
CLSVOF,2.7788,0.00610809
CLSVOF,2.81269,0.00623355
CLSVOF,2.84657,0.00635225
CLSVOF,2.88046,0.00646412
CLSVOF,2.91435,0.00656909
CLSVOF,2.94824,0.00666711
CLSVOF,2.98213,0.00675813
CLSVOF,3.01601,0.00684211
CLSVOF,3.0499,0.00691902
CLSVOF,3.08379,0.00698884
CLSVOF,3.11768,0.00705153
CLSVOF,3.15156,0.0071071
CLSVOF,3.18545,0.00715554
CLSVOF,3.21934,0.00719685
CLSVOF,3.25323,0.00723104
CLSVOF,3.28712,0.00725814
CLSVOF,3.321,0.00727815
CLSVOF,3.35489,0.00729113
CLSVOF,3.38878,0.00729709
CLSVOF,3.42267,0.0072961
CLSVOF,3.45655,0.0072882
CLSVOF,3.49044,0.00727344
CLSVOF,3.52433,0.00725191
CLSVOF,3.55822,0.00722366
CLSVOF,3.59211,0.00718877
CLSVOF,3.62599,0.00714733
CLSVOF,3.65988,0.00709943
CLSVOF,3.69377,0.00704515
CLSVOF,3.72766,0.00698459
CLSVOF,3.76154,0.00691787
CLSVOF,3.79543,0.00684507
CLSVOF,3.82932,0.00676633
CLSVOF,3.86321,0.00668175
CLSVOF,3.8971,0.00659145
CLSVOF,3.93098,0.00649556
CLSVOF,3.96487,0.00639422
CLSVOF,3.99876,0.00628754
CLSVOF,4.03265,0.00617567
CLSVOF,4.06653,0.00605875
CLSVOF,4.10042,0.00593693
CLSVOF,4.13431,0.00581034
CLSVOF,4.1682,0.00567915
CLSVOF,4.20209,0.00554351
CLSVOF,4.23597,0.00540357
CLSVOF,4.26986,0.0052595
CLSVOF,4.30375,0.00511146
CLSVOF,4.33764,0.00495962
CLSVOF,4.37152,0.00480415
CLSVOF,4.40541,0.00464522
CLSVOF,4.4393,0.004483
CLSVOF,4.47319,0.00431767
CLSVOF,4.50708,0.00414941
CLSVOF,4.54096,0.00397839
CLSVOF,4.57485,0.00380477
CLSVOF,4.60874,0.00362872
CLSVOF,4.64263,0.00345048
CLSVOF,4.67651,0.00327024
CLSVOF,4.7104,0.00308817
CLSVOF,4.74429,0.00290446
CLSVOF,4.77818,0.00271931
CLSVOF,4.81207,0.0025329
CLSVOF,4.84595,0.00234542
CLSVOF,4.87984,0.00215706
CLSVOF,4.91373,0.001968
CLSVOF,4.94762,0.00177845
CLSVOF,4.9815,0.00158857
CLSVOF,5.01539,0.00139856
CLSVOF,5.04928,0.00120861
CLSVOF,5.08317,0.00101889
CLSVOF,5.11706,0.000829587
CLSVOF,5.15094,0.000640885
CLSVOF,5.18483,0.000452961
CLSVOF,5.21872,0.000265986
CLSVOF,5.25261,8.01303e-05
CLSVOF,5.28649,0.000104289
CLSVOF,5.32038,0.000287364
CLSVOF,5.35427,0.000468783
CLSVOF,5.38816,0.000648389
CLSVOF,5.42205,0.000826027
CLSVOF,5.45593,0.00100155
CLSVOF,5.48982,0.00117481
CLSVOF,5.52371,0.00134565
CLSVOF,5.5576,0.00151394
CLSVOF,5.59149,0.00167954
CLSVOF,5.62537,0.0018423
CLSVOF,5.65926,0.0020021
CLSVOF,5.69315,0.00215881
CLSVOF,5.72704,0.0023123
CLSVOF,5.76092,0.00246246
CLSVOF,5.79481,0.00260916
CLSVOF,5.8287,0.00275229
CLSVOF,5.86259,0.00289176
CLSVOF,5.89648,0.00302744
CLSVOF,5.93036,0.00315925
CLSVOF,5.96425,0.00328708
CLSVOF,5.99814,0.00341084
CLSVOF,6.03203,0.00353043
CLSVOF,6.06591,0.00364579
CLSVOF,6.0998,0.00375681
CLSVOF,6.13369,0.00386342
CLSVOF,6.16758,0.00396554
CLSVOF,6.20147,0.00406309
CLSVOF,6.23535,0.00415603
CLSVOF,6.26924,0.0042443
CLSVOF,6.30313,0.00432786
CLSVOF,6.33702,0.00440664
CLSVOF,6.3709,0.00448061
CLSVOF,6.40479,0.00454973
CLSVOF,6.43868,0.00461397
CLSVOF,6.47257,0.0046733
CLSVOF,6.50646,0.0047277
CLSVOF,6.54034,0.00477715
CLSVOF,6.57423,0.00482164
CLSVOF,6.60812,0.00486117
CLSVOF,6.64201,0.00489572
CLSVOF,6.67589,0.00492531
CLSVOF,6.70978,0.00494994
CLSVOF,6.74367,0.00496963
CLSVOF,6.77756,0.00498439
CLSVOF,6.81145,0.00499424
CLSVOF,6.84533,0.00499922
CLSVOF,6.87922,0.00499935
CLSVOF,6.91311,0.00499467
CLSVOF,6.947,0.00498522
CLSVOF,6.98088,0.00497105
CLSVOF,7.01477,0.0049522
CLSVOF,7.04866,0.00492873
CLSVOF,7.08255,0.00490069
CLSVOF,7.11644,0.00486814
CLSVOF,7.15032,0.00483116
CLSVOF,7.18421,0.00478979
CLSVOF,7.2181,0.00474413
CLSVOF,7.25199,0.00469423
CLSVOF,7.28587,0.00464018
CLSVOF,7.31976,0.00458206
CLSVOF,7.35365,0.00451996
CLSVOF,7.38754,0.00445396
CLSVOF,7.42143,0.00438415
CLSVOF,7.45531,0.00431063
CLSVOF,7.4892,0.00423348
CLSVOF,7.52309,0.00415282
CLSVOF,7.55698,0.00406873
CLSVOF,7.59086,0.00398132
CLSVOF,7.62475,0.0038907
CLSVOF,7.65864,0.00379695
CLSVOF,7.69253,0.00370022
CLSVOF,7.72642,0.0036006
CLSVOF,7.7603,0.00349823
CLSVOF,7.79419,0.00339322
CLSVOF,7.82808,0.00328567
CLSVOF,7.86197,0.00317573
CLSVOF,7.89585,0.0030635
CLSVOF,7.92974,0.00294912
CLSVOF,7.96363,0.0028327
CLSVOF,7.99752,0.00271437
CLSVOF,8.03141,0.00259426
CLSVOF,8.06529,0.00247249
CLSVOF,8.09918,0.0023492
CLSVOF,8.13307,0.00222451
CLSVOF,8.16696,0.00209856
CLSVOF,8.20084,0.00197148
CLSVOF,8.23473,0.00184339
CLSVOF,8.26862,0.00171443
CLSVOF,8.30251,0.00158472
CLSVOF,8.3364,0.00145441
CLSVOF,8.37028,0.00132361
CLSVOF,8.40417,0.00119247
CLSVOF,8.43806,0.00106109
CLSVOF,8.47195,0.000929629
CLSVOF,8.50583,0.000798198
CLSVOF,8.53972,0.000666927
CLSVOF,8.57361,0.000535941
CLSVOF,8.6075,0.000405367
CLSVOF,8.64139,0.000275325
CLSVOF,8.67527,0.000145935
CLSVOF,8.70916,1.73164e-05
CLSVOF,8.74305,0.000110222
CLSVOF,8.77694,0.00023692
CLSVOF,8.81082,0.000362492
CLSVOF,8.84471,0.000486818
CLSVOF,8.8786,0.000609785
CLSVOF,8.91249,0.000731287
CLSVOF,8.94638,0.000851223
CLSVOF,8.98026,0.000969502
CLSVOF,9.01415,0.00108601
CLSVOF,9.04804,0.00120066
CLSVOF,9.08193,0.00131334
CLSVOF,9.11582,0.00142397
CLSVOF,9.1497,0.00153246
CLSVOF,9.18359,0.00163872
CLSVOF,9.21748,0.00174266
CLSVOF,9.25137,0.00184421
CLSVOF,9.28525,0.00194329
CLSVOF,9.31914,0.00203981
CLSVOF,9.35303,0.00213371
CLSVOF,9.38692,0.00222491
CLSVOF,9.42081,0.00231335
CLSVOF,9.45469,0.00239896
CLSVOF,9.48858,0.00248168
CLSVOF,9.52247,0.00256145
CLSVOF,9.55636,0.00263822
CLSVOF,9.59024,0.00271192
CLSVOF,9.62413,0.00278252
CLSVOF,9.65802,0.00284996
CLSVOF,9.69191,0.0029142
CLSVOF,9.7258,0.0029752
CLSVOF,9.75968,0.00303292
CLSVOF,9.79357,0.00308733
CLSVOF,9.82746,0.00313841
CLSVOF,9.86135,0.00318612
CLSVOF,9.89523,0.00323044
CLSVOF,9.92912,0.00327136
CLSVOF,9.96301,0.00330886
CLSVOF,9.9969,0.00334292
CLSVOF,10.0308,0.00337354
CLSVOF,10.0647,0.00340072
CLSVOF,10.0986,0.00342445
CLSVOF,10.1324,0.00344474
CLSVOF,10.1663,0.00346158
CLSVOF,10.2002,0.003475
CLSVOF,10.2341,0.003485
CLSVOF,10.268,0.00349159
CLSVOF,10.3019,0.0034948
CLSVOF,10.3358,0.00349465
CLSVOF,10.3697,0.00349116
CLSVOF,10.4036,0.00348436
CLSVOF,10.4374,0.00347427
CLSVOF,10.4713,0.00346095
CLSVOF,10.5052,0.00344441
CLSVOF,10.5391,0.0034247
CLSVOF,10.573,0.00340186
CLSVOF,10.6069,0.00337594
CLSVOF,10.6408,0.00334698
CLSVOF,10.6747,0.00331503
CLSVOF,10.7085,0.00328015
CLSVOF,10.7424,0.00324238
CLSVOF,10.7763,0.00320179
CLSVOF,10.8102,0.00315844
CLSVOF,10.8441,0.00311238
CLSVOF,10.878,0.00306367
CLSVOF,10.9119,0.00301239
CLSVOF,10.9458,0.0029586
CLSVOF,10.9796,0.00290237
CLSVOF,11.0135,0.00284377
CLSVOF,11.0474,0.00278286
CLSVOF,11.0813,0.00271974
CLSVOF,11.1152,0.00265446
CLSVOF,11.1491,0.00258712
CLSVOF,11.183,0.00251778
CLSVOF,11.2169,0.00244653
CLSVOF,11.2507,0.00237345
CLSVOF,11.2846,0.00229862
CLSVOF,11.3185,0.00222212
CLSVOF,11.3524,0.00214405
CLSVOF,11.3863,0.00206449
CLSVOF,11.4202,0.00198351
CLSVOF,11.4541,0.00190123
CLSVOF,11.488,0.0018177
CLSVOF,11.5218,0.00173304
CLSVOF,11.5557,0.00164732
CLSVOF,11.5896,0.00156064
CLSVOF,11.6235,0.00147309
CLSVOF,11.6574,0.00138475
CLSVOF,11.6913,0.00129573
CLSVOF,11.7252,0.0012061
CLSVOF,11.7591,0.00111597
CLSVOF,11.793,0.00102541
CLSVOF,11.8268,0.000934531
CLSVOF,11.8607,0.000843409
CLSVOF,11.8946,0.000752135
CLSVOF,11.9285,0.000660801
CLSVOF,11.9624,0.000569496
CLSVOF,11.9963,0.000478307
CLSVOF,12.0302,0.000387314
CLSVOF,12.0641,0.000296606
CLSVOF,12.0979,0.000206272
CLSVOF,12.1318,0.000116402
CLSVOF,12.1657,2.70744e-05
CLSVOF,12.1996,6.14739e-05
CLSVOF,12.2335,0.000149469
CLSVOF,12.2674,0.000236679
CLSVOF,12.3013,0.00032303
CLSVOF,12.3352,0.000408443
CLSVOF,12.369,0.00049284
CLSVOF,12.4029,0.000576148
CLSVOF,12.4368,0.000658297
CLSVOF,12.4707,0.000739216
CLSVOF,12.5046,0.000818841
CLSVOF,12.5385,0.00089711
CLSVOF,12.5724,0.00097395
CLSVOF,12.6063,0.0010493
CLSVOF,12.6401,0.0011231
CLSVOF,12.674,0.00119528
CLSVOF,12.7079,0.0012658
CLSVOF,12.7418,0.0013346
CLSVOF,12.7757,0.00140163
CLSVOF,12.8096,0.00146683
CLSVOF,12.8435,0.00153016
CLSVOF,12.8774,0.00159157
CLSVOF,12.9112,0.00165101
CLSVOF,12.9451,0.00170843
CLSVOF,12.979,0.00176381
CLSVOF,13.0129,0.0018171
CLSVOF,13.0468,0.00186827
CLSVOF,13.0807,0.00191727
CLSVOF,13.1146,0.00196408
CLSVOF,13.1485,0.00200867
CLSVOF,13.1823,0.00205101
CLSVOF,13.2162,0.00209107
CLSVOF,13.2501,0.00212884
CLSVOF,13.284,0.00216429
CLSVOF,13.3179,0.0021974
CLSVOF,13.3518,0.00222816
CLSVOF,13.3857,0.00225656
CLSVOF,13.4196,0.00228258
CLSVOF,13.4535,0.00230622
CLSVOF,13.4873,0.00232748
CLSVOF,13.5212,0.00234634
CLSVOF,13.5551,0.00236281
CLSVOF,13.589,0.00237689
CLSVOF,13.6229,0.00238859
CLSVOF,13.6568,0.0023979
CLSVOF,13.6907,0.00240484
CLSVOF,13.7246,0.00240942
CLSVOF,13.7584,0.00241165
CLSVOF,13.7923,0.00241155
CLSVOF,13.8262,0.00240913
CLSVOF,13.8601,0.00240441
CLSVOF,13.894,0.00239742
CLSVOF,13.9279,0.00238817
CLSVOF,13.9618,0.00237669
CLSVOF,13.9957,0.00236302
CLSVOF,14.0295,0.00234717
CLSVOF,14.0634,0.00232918
CLSVOF,14.0973,0.00230909
CLSVOF,14.1312,0.00228692
CLSVOF,14.1651,0.00226271
CLSVOF,14.199,0.00223651
CLSVOF,14.2329,0.00220834
CLSVOF,14.2668,0.00217826
CLSVOF,14.3006,0.0021463
CLSVOF,14.3345,0.0021125
CLSVOF,14.3684,0.00207692
CLSVOF,14.4023,0.0020396
CLSVOF,14.4362,0.00200059
CLSVOF,14.4701,0.00195993
CLSVOF,14.504,0.00191768
CLSVOF,14.5379,0.00187389
CLSVOF,14.5717,0.00182861
CLSVOF,14.6056,0.00178189
CLSVOF,14.6395,0.0017338
CLSVOF,14.6734,0.00168438
CLSVOF,14.7073,0.00163369
CLSVOF,14.7412,0.0015818
CLSVOF,14.7751,0.00152875
CLSVOF,14.809,0.00147461
CLSVOF,14.8429,0.00141943
CLSVOF,14.8767,0.00136329
CLSVOF,14.9106,0.00130623
CLSVOF,14.9445,0.00124833
CLSVOF,14.9784,0.00118963
CLSVOF,15.0123,0.0011302
CLSVOF,15.0462,0.00107011
CLSVOF,15.0801,0.00100942
CLSVOF,15.114,0.000948188
CLSVOF,15.1478,0.000886479
CLSVOF,15.1817,0.000824358
CLSVOF,15.2156,0.000761885
CLSVOF,15.2495,0.000699123
CLSVOF,15.2834,0.000636134
CLSVOF,15.3173,0.000572983
CLSVOF,15.3512,0.000509729
CLSVOF,15.3851,0.000446434
CLSVOF,15.4189,0.000383162
CLSVOF,15.4528,0.000319974
CLSVOF,15.4867,0.000256932
CLSVOF,15.5206,0.000194089
CLSVOF,15.5545,0.000131499
CLSVOF,15.5884,6.92235e-05
CLSVOF,15.6223,7.32697e-06
CLSVOF,15.6562,5.39539e-05
CLSVOF,15.69,0.000114921
CLSVOF,15.7239,0.000175336
CLSVOF,15.7578,0.000235151
CLSVOF,15.7917,0.000294315
CLSVOF,15.8256,0.000352779
CLSVOF,15.8595,0.00041049
CLSVOF,15.8934,0.000467393
CLSVOF,15.9273,0.000523441
CLSVOF,15.9611,0.000578587
CLSVOF,15.995,0.000632787
CLSVOF,16.0289,0.000685998
CLSVOF,16.0628,0.000738175
CLSVOF,16.0967,0.000789275
CLSVOF,16.1306,0.000839256
CLSVOF,16.1645,0.000888078
CLSVOF,16.1984,0.000935704
CLSVOF,16.2323,0.000982097
CLSVOF,16.2661,0.00102722
CLSVOF,16.3,0.00107104
CLSVOF,16.3339,0.00111353
CLSVOF,16.3678,0.00115465
CLSVOF,16.4017,0.00119438
CLSVOF,16.4356,0.00123268
CLSVOF,16.4695,0.00126953
CLSVOF,16.5034,0.00130491
CLSVOF,16.5372,0.00133878
CLSVOF,16.5711,0.00137114
CLSVOF,16.605,0.00140195
CLSVOF,16.6389,0.0014312
CLSVOF,16.6728,0.00145887
CLSVOF,16.7067,0.00148494
CLSVOF,16.7406,0.00150941
CLSVOF,16.7745,0.00153226
CLSVOF,16.8083,0.00155348
CLSVOF,16.8422,0.00157306
CLSVOF,16.8761,0.001591
CLSVOF,16.91,0.00160728
CLSVOF,16.9439,0.0016219
CLSVOF,16.9778,0.00163487
CLSVOF,17.0117,0.00164618
CLSVOF,17.0456,0.00165584
CLSVOF,17.0794,0.00166383
CLSVOF,17.1133,0.00167018
CLSVOF,17.1472,0.00167488
CLSVOF,17.1811,0.00167795
CLSVOF,17.215,0.00167939
CLSVOF,17.2489,0.00167921
CLSVOF,17.2828,0.00167742
CLSVOF,17.3167,0.00167404
CLSVOF,17.3505,0.00166908
CLSVOF,17.3844,0.00166256
CLSVOF,17.4183,0.0016545
CLSVOF,17.4522,0.00164491
CLSVOF,17.4861,0.00163381
CLSVOF,17.52,0.00162123
CLSVOF,17.5539,0.00160719
CLSVOF,17.5878,0.00159171
CLSVOF,17.6216,0.00157482
CLSVOF,17.6555,0.00155655
CLSVOF,17.6894,0.00153692
CLSVOF,17.7233,0.00151595
CLSVOF,17.7572,0.00149369
CLSVOF,17.7911,0.00147016
CLSVOF,17.825,0.00144539
CLSVOF,17.8589,0.00141941
CLSVOF,17.8928,0.00139226
CLSVOF,17.9266,0.00136398
CLSVOF,17.9605,0.00133459
CLSVOF,17.9944,0.00130413
CLSVOF,18.0283,0.00127264
CLSVOF,18.0622,0.00124017
CLSVOF,18.0961,0.00120673
CLSVOF,18.13,0.00117238
CLSVOF,18.1639,0.00113716
CLSVOF,18.1977,0.00110109
CLSVOF,18.2316,0.00106424
CLSVOF,18.2655,0.00102662
CLSVOF,18.2994,0.000988296
CLSVOF,18.3333,0.000949299
CLSVOF,18.3672,0.000909672
CLSVOF,18.4011,0.000869457
CLSVOF,18.435,0.000828696
CLSVOF,18.4688,0.000787433
CLSVOF,18.5027,0.000745712
CLSVOF,18.5366,0.000703577
CLSVOF,18.5705,0.00066107
CLSVOF,18.6044,0.000618236
CLSVOF,18.6383,0.000575118
CLSVOF,18.6722,0.000531758
CLSVOF,18.7061,0.000488201
CLSVOF,18.7399,0.00044449
CLSVOF,18.7738,0.000400669
CLSVOF,18.8077,0.000356779
CLSVOF,18.8416,0.000312863
CLSVOF,18.8755,0.000268963
CLSVOF,18.9094,0.000225123
CLSVOF,18.9433,0.000181384
CLSVOF,18.9772,0.000137786
CLSVOF,19.011,9.43712e-05
CLSVOF,19.0449,5.11794e-05
CLSVOF,19.0788,8.24999e-06
CLSVOF,19.1127,3.41765e-05
CLSVOF,19.1466,7.6462e-05
CLSVOF,19.1805,0.000118371
CLSVOF,19.2144,0.000159862
CLSVOF,19.2483,0.000200896
CLSVOF,19.2822,0.000241438
CLSVOF,19.316,0.000281457
CLSVOF,19.3499,0.000320913
CLSVOF,19.3838,0.000359775
CLSVOF,19.4177,0.00039801
CLSVOF,19.4516,0.00043559
CLSVOF,19.4855,0.000472481
CLSVOF,19.5194,0.000508652
CLSVOF,19.5533,0.000544075
CLSVOF,19.5871,0.000578721
CLSVOF,19.621,0.000612561
CLSVOF,19.6549,0.00064557
CLSVOF,19.6888,0.000677722
CLSVOF,19.7227,0.000708992
CLSVOF,19.7566,0.000739358
CLSVOF,19.7905,0.000768795
CLSVOF,19.8244,0.000797284
CLSVOF,19.8582,0.000824803
CLSVOF,19.8921,0.000851332
CLSVOF,19.926,0.000876854
CLSVOF,19.9599,0.000901351
CLSVOF,19.9938,0.000924806
CLSVOF,20.0277,0.000947205
CLSVOF,20.0616,0.000968534
CLSVOF,20.0955,0.000988779
CLSVOF,20.1293,0.00100793
CLSVOF,20.1632,0.00102597
CLSVOF,20.1971,0.0010429
CLSVOF,20.231,0.00105871
CLSVOF,20.2649,0.00107338
CLSVOF,20.2988,0.00108692
CLSVOF,20.3327,0.00109931
CLSVOF,20.3666,0.00111056
CLSVOF,20.4004,0.00112066
CLSVOF,20.4343,0.00112962
CLSVOF,20.4682,0.00113742
CLSVOF,20.5021,0.00114407
CLSVOF,20.536,0.00114958
CLSVOF,20.5699,0.00115394
CLSVOF,20.6038,0.00115716
CLSVOF,20.6377,0.00115925
CLSVOF,20.6716,0.0011602
CLSVOF,20.7054,0.00116004
CLSVOF,20.7393,0.00115876
CLSVOF,20.7732,0.00115638
CLSVOF,20.8071,0.0011529
CLSVOF,20.841,0.00114834
CLSVOF,20.8749,0.00114272
CLSVOF,20.9088,0.00113603
CLSVOF,20.9427,0.0011283
CLSVOF,20.9765,0.00111954
CLSVOF,21.0104,0.00110977
CLSVOF,21.0443,0.001099
CLSVOF,21.0782,0.00108726
CLSVOF,21.1121,0.00107455
CLSVOF,21.146,0.00106091
CLSVOF,21.1799,0.00104634
CLSVOF,21.2138,0.00103087
CLSVOF,21.2476,0.00101453
CLSVOF,21.2815,0.000997321
CLSVOF,21.3154,0.000979282
CLSVOF,21.3493,0.000960431
CLSVOF,21.3832,0.000940792
CLSVOF,21.4171,0.00092039
CLSVOF,21.451,0.000899249
CLSVOF,21.4849,0.000877395
CLSVOF,21.5187,0.000854855
CLSVOF,21.5526,0.000831654
CLSVOF,21.5865,0.00080782
CLSVOF,21.6204,0.00078338
CLSVOF,21.6543,0.000758361
CLSVOF,21.6882,0.000732792
CLSVOF,21.7221,0.000706702
CLSVOF,21.756,0.00068012
CLSVOF,21.7898,0.000653074
CLSVOF,21.8237,0.000625592
CLSVOF,21.8576,0.000597705
CLSVOF,21.8915,0.000569441
CLSVOF,21.9254,0.00054083
CLSVOF,21.9593,0.000511904
CLSVOF,21.9932,0.000482692
CLSVOF,22.0271,0.000453225
CLSVOF,22.061,0.000423532
CLSVOF,22.0948,0.000393645
CLSVOF,22.1287,0.000363592
CLSVOF,22.1626,0.000333404
CLSVOF,22.1965,0.000303111
CLSVOF,22.2304,0.000272743
CLSVOF,22.2643,0.00024233
CLSVOF,22.2982,0.000211899
CLSVOF,22.3321,0.000181481
CLSVOF,22.3659,0.000151106
CLSVOF,22.3998,0.000120803
CLSVOF,22.4337,9.06005e-05
CLSVOF,22.4676,6.05243e-05
CLSVOF,22.5015,3.06035e-05
CLSVOF,22.5354,8.67239e-07
CLSVOF,22.5693,2.84646e-05
CLSVOF,22.6032,5.77508e-05
CLSVOF,22.637,8.67719e-05
CLSVOF,22.6709,0.000115503
CLSVOF,22.7048,0.000143918
CLSVOF,22.7387,0.000171991
CLSVOF,22.7726,0.000199699
CLSVOF,22.8065,0.000227017
CLSVOF,22.8404,0.000253925
CLSVOF,22.8743,0.000280399
CLSVOF,22.9081,0.000306416
CLSVOF,22.942,0.000331954
CLSVOF,22.9759,0.000356993
CLSVOF,23.0098,0.00038151
CLSVOF,23.0437,0.000405487
CLSVOF,23.0776,0.000428904
CLSVOF,23.1115,0.000451744
CLSVOF,23.1454,0.000473988
CLSVOF,23.1792,0.000495619
CLSVOF,23.2131,0.000516622
CLSVOF,23.247,0.00053698
CLSVOF,23.2809,0.000556679
CLSVOF,23.3148,0.000575705
CLSVOF,23.3487,0.000594044
CLSVOF,23.3826,0.000611684
CLSVOF,23.4165,0.000628612
CLSVOF,23.4503,0.000644818
CLSVOF,23.4842,0.00066029
CLSVOF,23.5181,0.00067502
CLSVOF,23.552,0.000688998
CLSVOF,23.5859,0.000702217
CLSVOF,23.6198,0.000714668
CLSVOF,23.6537,0.000726346
CLSVOF,23.6876,0.000737244
CLSVOF,23.7215,0.000747359
CLSVOF,23.7553,0.000756685
CLSVOF,23.7892,0.000765219
CLSVOF,23.8231,0.000772959
CLSVOF,23.857,0.000779904
CLSVOF,23.8909,0.000786051
CLSVOF,23.9248,0.000791402
CLSVOF,23.9587,0.000795956
CLSVOF,23.9926,0.000799715
CLSVOF,24.0264,0.00080268
CLSVOF,24.0603,0.000804856
CLSVOF,24.0942,0.000806245
CLSVOF,24.1281,0.000806851
CLSVOF,24.162,0.000806681
CLSVOF,24.1959,0.000805738
CLSVOF,24.2298,0.000804031
CLSVOF,24.2637,0.000801565
CLSVOF,24.2975,0.00079835
CLSVOF,24.3314,0.000794393
CLSVOF,24.3653,0.000789703
CLSVOF,24.3992,0.000784291
CLSVOF,24.4331,0.000778167
CLSVOF,24.467,0.000771341
CLSVOF,24.5009,0.000763826
CLSVOF,24.5348,0.000755633
CLSVOF,24.5686,0.000746775
CLSVOF,24.6025,0.000737266
CLSVOF,24.6364,0.000727119
CLSVOF,24.6703,0.000716348
CLSVOF,24.7042,0.000704969
CLSVOF,24.7381,0.000692996
CLSVOF,24.772,0.000680445
CLSVOF,24.8059,0.000667333
CLSVOF,24.8397,0.000653676
CLSVOF,24.8736,0.000639491
CLSVOF,24.9075,0.000624794
CLSVOF,24.9414,0.000609605
CLSVOF,24.9753,0.000593941
NN,0.0,0.00999097
NN,0.0338878,0.00998507
NN,0.0677756,0.00996816
NN,0.101663,0.00994063
NN,0.135551,0.00990277
NN,0.169439,0.00985465
NN,0.203327,0.00979648
NN,0.237215,0.00972849
NN,0.271102,0.0096509
NN,0.30499,0.00956392
NN,0.338878,0.00946778
NN,0.372766,0.00936272
NN,0.406653,0.00924895
NN,0.440541,0.00912665
NN,0.474429,0.00899602
NN,0.508317,0.00885726
NN,0.542205,0.00871054
NN,0.576092,0.00855606
NN,0.60998,0.00839405
NN,0.643868,0.00822477
NN,0.677756,0.00804844
NN,0.711644,0.00786529
NN,0.745531,0.00767552
NN,0.779419,0.00747987
NN,0.813307,0.00727812
NN,0.847195,0.00707049
NN,0.881082,0.00685727
NN,0.91497,0.00663869
NN,0.948858,0.00641502
NN,0.982746,0.00618649
NN,1.01663,0.00595334
NN,1.05052,0.00571583
NN,1.08441,0.00547423
NN,1.1183,0.00522879
NN,1.15218,0.0049798
NN,1.18607,0.00472751
NN,1.21996,0.00447219
NN,1.25385,0.00421412
NN,1.28774,0.00395356
NN,1.32162,0.00369072
NN,1.35551,0.00342591
NN,1.3894,0.00315945
NN,1.42329,0.00289161
NN,1.45717,0.00262265
NN,1.49106,0.00235284
NN,1.52495,0.00208246
NN,1.55884,0.00181178
NN,1.59273,0.00154107
NN,1.62661,0.00127061
NN,1.6605,0.00100066
NN,1.69439,0.00073151
NN,1.72828,0.000463394
NN,1.76216,0.000196578
NN,1.79605,6.84825e-05
NN,1.82994,0.000331884
NN,1.86383,0.000593181
NN,1.89772,0.000852131
NN,1.9316,0.0011085
NN,1.96549,0.00136205
NN,1.99938,0.00161257
NN,2.03327,0.00185985
NN,2.06716,0.00210366
NN,2.10104,0.0023438
NN,2.13493,0.00258008
NN,2.16882,0.00281228
NN,2.20271,0.00304023
NN,2.23659,0.00326375
NN,2.27048,0.00348264
NN,2.30437,0.00369675
NN,2.33826,0.00390591
NN,2.37215,0.00410989
NN,2.40603,0.00430859
NN,2.43992,0.00450187
NN,2.47381,0.0046896
NN,2.5077,0.00487164
NN,2.54158,0.00504784
NN,2.57547,0.00521809
NN,2.60936,0.00538227
NN,2.64325,0.00554025
NN,2.67714,0.00569192
NN,2.71102,0.00583718
NN,2.74491,0.00597593
NN,2.7788,0.00610808
NN,2.81269,0.00623355
NN,2.84657,0.00635226
NN,2.88046,0.00646413
NN,2.91435,0.00656911
NN,2.94824,0.00666714
NN,2.98213,0.00675817
NN,3.01601,0.00684216
NN,3.0499,0.00691908
NN,3.08379,0.0069889
NN,3.11768,0.00705161
NN,3.15156,0.00710718
NN,3.18545,0.00715563
NN,3.21934,0.00719695
NN,3.25323,0.00723115
NN,3.28712,0.00725825
NN,3.321,0.00727828
NN,3.35489,0.00729126
NN,3.38878,0.00729723
NN,3.42267,0.00729624
NN,3.45655,0.00728834
NN,3.49044,0.00727359
NN,3.52433,0.00725206
NN,3.55822,0.00722382
NN,3.59211,0.00718893
NN,3.62599,0.0071475
NN,3.65988,0.00709959
NN,3.69377,0.00704532
NN,3.72766,0.00698476
NN,3.76154,0.00691804
NN,3.79543,0.00684525
NN,3.82932,0.0067665
NN,3.86321,0.00668192
NN,3.8971,0.00659163
NN,3.93098,0.00649574
NN,3.96487,0.00639439
NN,3.99876,0.00628772
NN,4.03265,0.00617585
NN,4.06653,0.00605893
NN,4.10042,0.0059371
NN,4.13431,0.00581052
NN,4.1682,0.00567932
NN,4.20209,0.00554368
NN,4.23597,0.00540375
NN,4.26986,0.00525967
NN,4.30375,0.00511163
NN,4.33764,0.0049598
NN,4.37152,0.00480432
NN,4.40541,0.00464539
NN,4.4393,0.00448318
NN,4.47319,0.00431785
NN,4.50708,0.00414959
NN,4.54096,0.00397857
NN,4.57485,0.00380495
NN,4.60874,0.00362891
NN,4.64263,0.00345066
NN,4.67651,0.00327042
NN,4.7104,0.00308835
NN,4.74429,0.00290465
NN,4.77818,0.00271949
NN,4.81207,0.00253307
NN,4.84595,0.00234558
NN,4.87984,0.00215722
NN,4.91373,0.00196816
NN,4.94762,0.0017786
NN,4.9815,0.00158873
NN,5.01539,0.00139872
NN,5.04928,0.00120877
NN,5.08317,0.00101906
NN,5.11706,0.000829755
NN,5.15094,0.000641052
NN,5.18483,0.000453131
NN,5.21872,0.000266165
NN,5.25261,8.03154e-05
NN,5.28649,0.000104087
NN,5.32038,0.000287149
NN,5.35427,0.000468574
NN,5.38816,0.000648195
NN,5.42205,0.000825844
NN,5.45593,0.00100137
NN,5.48982,0.00117463
NN,5.52371,0.00134549
NN,5.5576,0.00151379
NN,5.59149,0.00167939
NN,5.62537,0.00184217
NN,5.65926,0.00200197
NN,5.69315,0.00215869
NN,5.72704,0.00231219
NN,5.76092,0.00246236
NN,5.79481,0.00260907
NN,5.8287,0.00275221
NN,5.86259,0.00289168
NN,5.89648,0.00302738
NN,5.93036,0.00315919
NN,5.96425,0.00328703
NN,5.99814,0.0034108
NN,6.03203,0.0035304
NN,6.06591,0.00364576
NN,6.0998,0.00375679
NN,6.13369,0.00386342
NN,6.16758,0.00396554
NN,6.20147,0.0040631
NN,6.23535,0.00415605
NN,6.26924,0.00424433
NN,6.30313,0.00432789
NN,6.33702,0.00440668
NN,6.3709,0.00448066
NN,6.40479,0.00454979
NN,6.43868,0.00461404
NN,6.47257,0.00467338
NN,6.50646,0.00472779
NN,6.54034,0.00477725
NN,6.57423,0.00482174
NN,6.60812,0.00486127
NN,6.64201,0.00489584
NN,6.67589,0.00492543
NN,6.70978,0.00495007
NN,6.74367,0.00496977
NN,6.77756,0.00498453
NN,6.81145,0.00499439
NN,6.84533,0.00499938
NN,6.87922,0.00499952
NN,6.91311,0.00499485
NN,6.947,0.00498541
NN,6.98088,0.00497124
NN,7.01477,0.0049524
NN,7.04866,0.00492893
NN,7.08255,0.0049009
NN,7.11644,0.00486836
NN,7.15032,0.00483138
NN,7.18421,0.00479002
NN,7.2181,0.00474436
NN,7.25199,0.00469447
NN,7.28587,0.00464043
NN,7.31976,0.00458231
NN,7.35365,0.00452021
NN,7.38754,0.00445422
NN,7.42143,0.00438441
NN,7.45531,0.00431089
NN,7.4892,0.00423375
NN,7.52309,0.00415309
NN,7.55698,0.004069
NN,7.59086,0.0039816
NN,7.62475,0.00389098
NN,7.65864,0.00379724
NN,7.69253,0.0037005
NN,7.72642,0.00360089
NN,7.7603,0.00349851
NN,7.79419,0.0033935
NN,7.82808,0.00328597
NN,7.86197,0.00317603
NN,7.89585,0.0030638
NN,7.92974,0.0029494
NN,7.96363,0.00283297
NN,7.99752,0.00271464
NN,8.03141,0.00259453
NN,8.06529,0.00247276
NN,8.09918,0.00234947
NN,8.13307,0.00222478
NN,8.16696,0.00209882
NN,8.20084,0.00197174
NN,8.23473,0.00184364
NN,8.26862,0.00171468
NN,8.30251,0.00158498
NN,8.3364,0.00145466
NN,8.37028,0.00132386
NN,8.40417,0.00119272
NN,8.43806,0.00106135
NN,8.47195,0.000929879
NN,8.50583,0.000798443
NN,8.53972,0.000667169
NN,8.57361,0.000536185
NN,8.6075,0.000405609
NN,8.64139,0.000275558
NN,8.67527,0.000146158
NN,8.70916,1.75369e-05
NN,8.74305,0.000109978
NN,8.77694,0.000236679
NN,8.81082,0.000362251
NN,8.84471,0.000486582
NN,8.8786,0.000609559
NN,8.91249,0.000731073
NN,8.94638,0.000851029
NN,8.98026,0.000969317
NN,9.01415,0.00108584
NN,9.04804,0.00120049
NN,9.08193,0.00131319
NN,9.11582,0.00142383
NN,9.1497,0.00153233
NN,9.18359,0.0016386
NN,9.21748,0.00174256
NN,9.25137,0.00184412
NN,9.28525,0.0019432
NN,9.31914,0.00203973
NN,9.35303,0.00213364
NN,9.38692,0.00222485
NN,9.42081,0.0023133
NN,9.45469,0.00239893
NN,9.48858,0.00248166
NN,9.52247,0.00256144
NN,9.55636,0.00263821
NN,9.59024,0.00271193
NN,9.62413,0.00278253
NN,9.65802,0.00284998
NN,9.69191,0.00291423
NN,9.7258,0.00297524
NN,9.75968,0.00303297
NN,9.79357,0.00308739
NN,9.82746,0.00313848
NN,9.86135,0.0031862
NN,9.89523,0.00323053
NN,9.92912,0.00327146
NN,9.96301,0.00330897
NN,9.9969,0.00334305
NN,10.0308,0.00337368
NN,10.0647,0.00340087
NN,10.0986,0.00342462
NN,10.1324,0.00344491
NN,10.1663,0.00346177
NN,10.2002,0.0034752
NN,10.2341,0.00348521
NN,10.268,0.00349181
NN,10.3019,0.00349503
NN,10.3358,0.00349489
NN,10.3697,0.00349141
NN,10.4036,0.00348461
NN,10.4374,0.00347454
NN,10.4713,0.00346122
NN,10.5052,0.0034447
NN,10.5391,0.003425
NN,10.573,0.00340217
NN,10.6069,0.00337625
NN,10.6408,0.00334729
NN,10.6747,0.00331535
NN,10.7085,0.00328047
NN,10.7424,0.00324271
NN,10.7763,0.00320212
NN,10.8102,0.00315876
NN,10.8441,0.0031127
NN,10.878,0.003064
NN,10.9119,0.00301272
NN,10.9458,0.00295894
NN,10.9796,0.00290271
NN,11.0135,0.00284411
NN,11.0474,0.00278321
NN,11.0813,0.00272009
NN,11.1152,0.00265481
NN,11.1491,0.00258747
NN,11.183,0.00251813
NN,11.2169,0.00244688
NN,11.2507,0.0023738
NN,11.2846,0.00229897
NN,11.3185,0.00222248
NN,11.3524,0.0021444
NN,11.3863,0.00206484
NN,11.4202,0.00198387
NN,11.4541,0.00190158
NN,11.488,0.00181806
NN,11.5218,0.00173339
NN,11.5557,0.00164768
NN,11.5896,0.001561
NN,11.6235,0.00147344
NN,11.6574,0.00138511
NN,11.6913,0.00129608
NN,11.7252,0.00120645
NN,11.7591,0.00111632
NN,11.793,0.00102576
NN,11.8268,0.000934876
NN,11.8607,0.000843748
NN,11.8946,0.000752472
NN,11.9285,0.000661137
NN,11.9624,0.000569827
NN,11.9963,0.000478627
NN,12.0302,0.000387628
NN,12.0641,0.00029692
NN,12.0979,0.000206587
NN,12.1318,0.000116709
NN,12.1657,2.7366e-05
NN,12.1996,6.11911e-05
NN,12.2335,0.000149196
NN,12.2674,0.000236418
NN,12.3013,0.000322782
NN,12.3352,0.000408205
NN,12.369,0.000492613
NN,12.4029,0.000575936
NN,12.4368,0.000658098
NN,12.4707,0.000739032
NN,12.5046,0.000818672
NN,12.5385,0.000896949
NN,12.5724,0.0009738
NN,12.6063,0.00104916
NN,12.6401,0.00112297
NN,12.674,0.00119517
NN,12.7079,0.0012657
NN,12.7418,0.00133452
NN,12.7757,0.00140156
NN,12.8096,0.00146677
NN,12.8435,0.00153011
NN,12.8774,0.00159152
NN,12.9112,0.00165097
NN,12.9451,0.00170841
NN,12.979,0.0017638
NN,13.0129,0.0018171
NN,13.0468,0.00186828
NN,13.0807,0.00191729
NN,13.1146,0.00196411
NN,13.1485,0.00200871
NN,13.1823,0.00205106
NN,13.2162,0.00209114
NN,13.2501,0.00212891
NN,13.284,0.00216437
NN,13.3179,0.0021975
NN,13.3518,0.00222827
NN,13.3857,0.00225668
NN,13.4196,0.00228272
NN,13.4535,0.00230637
NN,13.4873,0.00232764
NN,13.5212,0.00234651
NN,13.5551,0.002363
NN,13.589,0.00237709
NN,13.6229,0.0023888
NN,13.6568,0.00239812
NN,13.6907,0.00240507
NN,13.7246,0.00240967
NN,13.7584,0.00241191
NN,13.7923,0.00241182
NN,13.8262,0.00240941
NN,13.8601,0.0024047
NN,13.894,0.00239772
NN,13.9279,0.00238848
NN,13.9618,0.00237701
NN,13.9957,0.00236335
NN,14.0295,0.00234751
NN,14.0634,0.00232953
NN,14.0973,0.00230944
NN,14.1312,0.00228728
NN,14.1651,0.00226308
NN,14.199,0.00223689
NN,14.2329,0.00220873
NN,14.2668,0.00217865
NN,14.3006,0.0021467
NN,14.3345,0.00211291
NN,14.3684,0.00207734
NN,14.4023,0.00204002
NN,14.4362,0.00200101
NN,14.4701,0.00196036
NN,14.504,0.00191811
NN,14.5379,0.00187432
NN,14.5717,0.00182905
NN,14.6056,0.00178233
NN,14.6395,0.00173424
NN,14.6734,0.00168483
NN,14.7073,0.00163414
NN,14.7412,0.00158225
NN,14.7751,0.0015292
NN,14.809,0.00147506
NN,14.8429,0.00141989
NN,14.8767,0.00136374
NN,14.9106,0.00130669
NN,14.9445,0.00124878
NN,14.9784,0.00119008
NN,15.0123,0.00113066
NN,15.0462,0.00107056
NN,15.0801,0.00100987
NN,15.114,0.000948634
NN,15.1478,0.000886923
NN,15.1817,0.000824797
NN,15.2156,0.000762319
NN,15.2495,0.000699553
NN,15.2834,0.000636561
NN,15.3173,0.000573405
NN,15.3512,0.000510146
NN,15.3851,0.000446845
NN,15.4189,0.000383564
NN,15.4528,0.000320367
NN,15.4867,0.000257314
NN,15.5206,0.000194462
NN,15.5545,0.000131865
NN,15.5884,6.95822e-05
NN,15.6223,7.67626e-06
NN,15.6562,5.36342e-05
NN,15.69,0.000114608
NN,15.7239,0.000175039
NN,15.7578,0.000234871
NN,15.7917,0.000294052
NN,15.8256,0.000352528
NN,15.8595,0.000410248
NN,15.8934,0.000467161
NN,15.9273,0.00052322
NN,15.9611,0.000578379
NN,15.995,0.000632592
NN,16.0289,0.000685817
NN,16.0628,0.000738007
NN,16.0967,0.00078912
NN,16.1306,0.000839115
NN,16.1645,0.000887951
NN,16.1984,0.00093559
NN,16.2323,0.000981997
NN,16.2661,0.00102713
NN,16.3,0.00107097
NN,16.3339,0.00111347
NN,16.3678,0.00115461
NN,16.4017,0.00119435
NN,16.4356,0.00123266
NN,16.4695,0.00126953
NN,16.5034,0.00130492
NN,16.5372,0.0013388
NN,16.5711,0.00137117
NN,16.605,0.00140199
NN,16.6389,0.00143126
NN,16.6728,0.00145894
NN,16.7067,0.00148503
NN,16.7406,0.00150952
NN,16.7745,0.00153238
NN,16.8083,0.00155361
NN,16.8422,0.00157321
NN,16.8761,0.00159115
NN,16.91,0.00160745
NN,16.9439,0.00162209
NN,16.9778,0.00163507
NN,17.0117,0.0016464
NN,17.0456,0.00165606
NN,17.0794,0.00166408
NN,17.1133,0.00167044
NN,17.1472,0.00167515
NN,17.1811,0.00167823
NN,17.215,0.00167968
NN,17.2489,0.00167952
NN,17.2828,0.00167774
NN,17.3167,0.00167437
NN,17.3505,0.00166943
NN,17.3844,0.00166292
NN,17.4183,0.00165486
NN,17.4522,0.00164528
NN,17.4861,0.0016342
NN,17.52,0.00162163
NN,17.5539,0.0016076
NN,17.5878,0.00159213
NN,17.6216,0.00157525
NN,17.6555,0.00155698
NN,17.6894,0.00153736
NN,17.7233,0.0015164
NN,17.7572,0.00149415
NN,17.7911,0.00147062
NN,17.825,0.00144586
NN,17.8589,0.00141989
NN,17.8928,0.00139274
NN,17.9266,0.00136446
NN,17.9605,0.00133508
NN,17.9944,0.00130462
NN,18.0283,0.00127314
NN,18.0622,0.00124066
NN,18.0961,0.00120723
NN,18.13,0.00117288
NN,18.1639,0.00113766
NN,18.1977,0.0011016
NN,18.2316,0.00106474
NN,18.2655,0.00102713
NN,18.2994,0.000988799
NN,18.3333,0.0009498
NN,18.3672,0.000910172
NN,18.4011,0.000869956
NN,18.435,0.000829193
NN,18.4688,0.000787927
NN,18.5027,0.000746203
NN,18.5366,0.000704064
NN,18.5705,0.000661553
NN,18.6044,0.000618714
NN,18.6383,0.00057559
NN,18.6722,0.000532226
NN,18.7061,0.000488663
NN,18.7399,0.000444944
NN,18.7738,0.000401114
NN,18.8077,0.000357216
NN,18.8416,0.000313293
NN,18.8755,0.000269385
NN,18.9094,0.000225536
NN,18.9433,0.000181788
NN,18.9772,0.00013818
NN,19.011,9.47544e-05
NN,19.0449,5.15508e-05
NN,19.0788,8.61052e-06
NN,19.1127,3.3843e-05
NN,19.1466,7.61383e-05
NN,19.1805,0.000118054
NN,19.2144,0.000159555
NN,19.2483,0.000200606
NN,19.2822,0.000241166
NN,19.316,0.000281197
NN,19.3499,0.000320666
NN,19.3838,0.000359545
NN,19.4177,0.000397796
NN,19.4516,0.000435388
NN,19.4855,0.000472292
NN,19.5194,0.000508476
NN,19.5533,0.000543913
NN,19.5871,0.000578573
NN,19.621,0.000612428
NN,19.6549,0.000645452
NN,19.6888,0.000677619
NN,19.7227,0.000708904
NN,19.7566,0.000739284
NN,19.7905,0.000768736
NN,19.8244,0.000797239
NN,19.8582,0.000824772
NN,19.8921,0.000851317
NN,19.926,0.000876853
NN,19.9599,0.000901365
NN,19.9938,0.000924835
NN,20.0277,0.000947249
NN,20.0616,0.000968592
NN,20.0955,0.000988852
NN,20.1293,0.00100802
NN,20.1632,0.00102608
NN,20.1971,0.00104302
NN,20.231,0.00105884
NN,20.2649,0.00107353
NN,20.2988,0.00108708
NN,20.3327,0.00109949
NN,20.3666,0.00111075
NN,20.4004,0.00112087
NN,20.4343,0.00112984
NN,20.4682,0.00113765
NN,20.5021,0.00114432
NN,20.536,0.00114984
NN,20.5699,0.00115421
NN,20.6038,0.00115745
NN,20.6377,0.00115955
NN,20.6716,0.00116052
NN,20.7054,0.00116037
NN,20.7393,0.0011591
NN,20.7732,0.00115673
NN,20.8071,0.00115326
NN,20.841,0.00114872
NN,20.8749,0.0011431
NN,20.9088,0.00113642
NN,20.9427,0.0011287
NN,20.9765,0.00111995
NN,21.0104,0.00111019
NN,21.0443,0.00109943
NN,21.0782,0.0010877
NN,21.1121,0.001075
NN,21.146,0.00106136
NN,21.1799,0.0010468
NN,21.2138,0.00103134
NN,21.2476,0.001015
NN,21.2815,0.0009978
NN,21.3154,0.000979766
NN,21.3493,0.000960919
NN,21.3832,0.000941284
NN,21.4171,0.000920885
NN,21.451,0.000899748
NN,21.4849,0.000877897
NN,21.5187,0.000855359
NN,21.5526,0.000832159
NN,21.5865,0.000808326
NN,21.6204,0.000783887
NN,21.6543,0.000758869
NN,21.6882,0.000733299
NN,21.7221,0.000707208
NN,21.756,0.000680624
NN,21.7898,0.000653577
NN,21.8237,0.000626095
NN,21.8576,0.000598205
NN,21.8915,0.000569938
NN,21.9254,0.000541323
NN,21.9593,0.000512393
NN,21.9932,0.000483178
NN,22.0271,0.000453706
NN,22.061,0.000424007
NN,22.0948,0.000394113
NN,22.1287,0.000364054
NN,22.1626,0.000333859
NN,22.1965,0.000303558
NN,22.2304,0.000273181
NN,22.2643,0.00024276
NN,22.2982,0.000212322
NN,22.3321,0.000181895
NN,22.3659,0.00015151
NN,22.3998,0.000121196
NN,22.4337,9.09827e-05
NN,22.4676,6.08964e-05
NN,22.5015,3.09658e-05
NN,22.5354,1.2191e-06
NN,22.5693,2.81375e-05
NN,22.6032,5.74359e-05
NN,22.637,8.64693e-05
NN,22.6709,0.000115212
NN,22.7048,0.000143638
NN,22.7387,0.000171724
NN,22.7726,0.000199446
NN,22.8065,0.00022678
NN,22.8404,0.000253702
NN,22.8743,0.000280189
NN,22.9081,0.000306219
NN,22.942,0.000331771
NN,22.9759,0.000356823
NN,23.0098,0.000381354
NN,23.0437,0.000405345
NN,23.0776,0.000428777
NN,23.1115,0.000451631
NN,23.1454,0.000473889
NN,23.1792,0.000495535
NN,23.2131,0.000516553
NN,23.247,0.000536926
NN,23.2809,0.00055664
NN,23.3148,0.00057568
NN,23.3487,0.000594034
NN,23.3826,0.000611688
NN,23.4165,0.000628631
NN,23.4503,0.000644851
NN,23.4842,0.000660338
NN,23.5181,0.000675083
NN,23.552,0.000689075
NN,23.5859,0.000702308
NN,23.6198,0.000714774
NN,23.6537,0.000726466
NN,23.6876,0.000737378
NN,23.7215,0.000747507
NN,23.7553,0.000756847
NN,23.7892,0.000765395
NN,23.8231,0.000773149
NN,23.857,0.000780107
NN,23.8909,0.000786268
NN,23.9248,0.000791632
NN,23.9587,0.000796199
NN,23.9926,0.000799971
NN,24.0264,0.000802949
NN,24.0603,0.000805137
NN,24.0942,0.000806538
NN,24.1281,0.000807156
NN,24.162,0.000806997
NN,24.1959,0.000806066
NN,24.2298,0.000804369
NN,24.2637,0.000801914
NN,24.2975,0.000798709
NN,24.3314,0.000794762
NN,24.3653,0.000790081
NN,24.3992,0.000784678
NN,24.4331,0.000778563
NN,24.467,0.000771745
NN,24.5009,0.000764237
NN,24.5348,0.000756052
NN,24.5686,0.000747201
NN,24.6025,0.000737698
NN,24.6364,0.000727557
NN,24.6703,0.000716792
NN,24.7042,0.000705418
NN,24.7381,0.00069345
NN,24.772,0.000680904
NN,24.8059,0.000667795
NN,24.8397,0.000654141
NN,24.8736,0.000639959
NN,24.9075,0.000625265
NN,24.9414,0.000610078
NN,24.9753,0.000594415
