row,case,benchmark,method,resolution,imax,official_artifacts,metrics,plot_rows,checkpoints_written,checkpoints_not_reached,restore_checks,status
imax00/clsvof,capwave,capwave,clsvof,32,0,3,6,738,5,0,5,PASS
imax00/nn,capwave,capwave,nn,32,0,3,16,738,5,0,5,PASS
imax01/clsvof,capwave,capwave,clsvof,32,1,3,6,738,5,0,5,PASS
imax01/nn,capwave,capwave,nn,32,1,3,16,738,5,0,5,PASS
imax02/clsvof,capwave,capwave,clsvof,32,2,3,6,738,5,0,5,PASS
imax02/nn,capwave,capwave,nn,32,2,3,16,738,5,0,5,PASS
imax03/clsvof,capwave,capwave,clsvof,32,3,3,6,738,5,0,5,PASS
imax03/nn,capwave,capwave,nn,32,3,3,16,738,5,0,5,PASS
imax04/clsvof,capwave,capwave,clsvof,32,4,3,6,738,5,0,5,PASS
imax04/nn,capwave,capwave,nn,32,4,3,16,738,5,0,5,PASS
imax05/clsvof,capwave,capwave,clsvof,32,5,3,6,738,5,0,5,PASS
imax05/nn,capwave,capwave,nn,32,5,3,16,738,5,0,5,PASS
