row,label,grid,restored_time,restored_iteration,depth,leaf_cells,interface_cells,status
imax00/clsvof,t_0,multigrid,0,0,3,256,14,PASS
imax00/clsvof,t_1,multigrid,1.0123671136996015,34,3,256,15,PASS
imax00/clsvof,t_2,multigrid,2.0251956975013705,59,3,256,15,PASS
imax00/clsvof,terminal,multigrid,3,83,3,256,18,PASS
imax00/nn,t_0,multigrid,0,0,3,256,14,PASS
imax00/nn,t_1,multigrid,1.0123671136996015,34,3,256,15,PASS
imax00/nn,t_2,multigrid,2.0251956975013705,59,3,256,15,PASS
imax00/nn,terminal,multigrid,3,83,3,256,18,PASS
imax01/clsvof,t_0,multigrid,0,0,3,256,14,PASS
imax01/clsvof,t_1,multigrid,1.0123671136996015,34,3,256,15,PASS
imax01/clsvof,t_2,multigrid,2.0251956975013705,59,3,256,17,PASS
imax01/clsvof,terminal,multigrid,3,83,3,256,18,PASS
imax01/nn,t_0,multigrid,0,0,3,256,14,PASS
imax01/nn,t_1,multigrid,1.0123671136996015,34,3,256,16,PASS
imax01/nn,t_2,multigrid,2.0251956975013705,59,3,256,17,PASS
imax01/nn,terminal,multigrid,3,83,3,256,18,PASS
imax02/clsvof,t_0,multigrid,0,0,3,256,14,PASS
imax02/clsvof,t_1,multigrid,1.0123671136996015,34,3,256,15,PASS
imax02/clsvof,t_2,multigrid,2.0251956975013705,59,3,256,18,PASS
imax02/clsvof,terminal,multigrid,3,83,3,256,18,PASS
imax02/nn,t_0,multigrid,0,0,3,256,14,PASS
imax02/nn,t_1,multigrid,1.0123671136996015,34,3,256,15,PASS
imax02/nn,t_2,multigrid,2.0251956975013705,59,3,256,18,PASS
imax02/nn,terminal,multigrid,3,83,3,256,18,PASS
imax03/clsvof,t_0,multigrid,0,0,3,256,14,PASS
imax03/clsvof,t_1,multigrid,1.0123671136996015,34,3,256,16,PASS
imax03/clsvof,t_2,multigrid,2.0251956975013705,59,3,256,18,PASS
imax03/clsvof,terminal,multigrid,3,83,3,256,17,PASS
imax03/nn,t_0,multigrid,0,0,3,256,14,PASS
imax03/nn,t_1,multigrid,1.0123671136996015,34,3,256,16,PASS
imax03/nn,t_2,multigrid,2.0251956975013705,59,3,256,18,PASS
imax03/nn,terminal,multigrid,3,83,3,256,17,PASS
imax04/clsvof,t_0,multigrid,0,0,3,256,14,PASS
imax04/clsvof,t_1,multigrid,1.0123671136996015,34,3,256,16,PASS
imax04/clsvof,t_2,multigrid,2.0251956975013705,59,3,256,18,PASS
imax04/clsvof,terminal,multigrid,3,83,3,256,19,PASS
imax04/nn,t_0,multigrid,0,0,3,256,14,PASS
imax04/nn,t_1,multigrid,1.0123671136996015,34,3,256,16,PASS
imax04/nn,t_2,multigrid,2.0251956975013705,59,3,256,18,PASS
imax04/nn,terminal,multigrid,3,83,3,256,19,PASS
imax05/clsvof,t_0,multigrid,0,0,3,256,14,PASS
imax05/clsvof,t_1,multigrid,1.0123671136996015,34,3,256,16,PASS
imax05/clsvof,t_2,multigrid,2.0251956975013705,59,3,256,18,PASS
imax05/clsvof,terminal,multigrid,3,83,3,256,19,PASS
imax05/nn,t_0,multigrid,0,0,3,256,14,PASS
imax05/nn,t_1,multigrid,1.0123671136996015,34,3,256,16,PASS
imax05/nn,t_2,multigrid,2.0251956975013705,59,3,256,18,PASS
imax05/nn,terminal,multigrid,3,83,3,256,19,PASS
